"d(LOC,FANIN)","d(Qi, Fanin)","d(WMC, FANIN)","d( WMC, CBO)","d(Qi, CBO)","d(LOC, CBO)","d(LOC, Ce)","d(LOC, Ca)","d(WMC, Ce)","d(WMC, Ca)",#BugsBinary
0.626656,0.976573,0.922809,0.927989,0.967932,0.621534,0.655669,0.621368,0.432412,0.937438,0
0.967174,0.939097,0.916509,0.689685,0.743441,0.964216,0.97026,0.964337,0.879087,0.712741,0
0.934954,0.990625,0.974684,0.952927,0.96793,0.933873,0.94008,0.934117,0.821343,0.98636,0
0.949433,0.99531,0.989563,0.950043,0.959912,0.948399,0.953384,0.94881,0.907236,0.997734,0
0.912391,0.99531,0.981896,0.963572,0.975947,0.911059,0.919228,0.911186,0.842063,0.987435,0
0.955804,0.957831,0.933184,0.942285,0.959912,0.955229,0.959617,0.955262,0.823909,0.956515,0
0.969205,0.999995,0.992163,0.981196,0.987974,0.968777,0.971601,0.968764,0.909483,0.990717,0
0.547539,0.985945,0.937936,0.891949,0.935863,0.540736,0.582413,0.54133,0.416087,0.959341,0
0.929181,0.990625,0.982305,0.982307,0.987974,0.928294,0.934769,0.928317,0.920817,0.996615,0
0.990331,0.99531,0.991134,0.994097,0.995991,0.99035,0.991129,0.990292,0.962803,0.998863,0
0.990331,0.99531,0.991134,0.994097,0.995991,0.99035,0.991129,0.990292,0.962803,0.998863,0
0.924917,0.948461,0.917286,0.929523,0.951894,0.9239,0.931222,0.923866,0.780799,0.938933,0
0.706306,0.967206,0.924915,0.875251,0.915819,0.70157,0.729291,0.702037,0.550998,0.932749,0
0.765248,0.99531,0.97311,0.952431,0.971938,0.761839,0.783447,0.761972,0.744724,0.981119,0
0.89796,0.99531,0.978917,0.961419,0.975947,0.896429,0.90592,0.896551,0.814216,0.985293,0
0.948471,0.99531,0.986459,0.981196,0.987974,0.947803,0.952521,0.94778,0.909483,0.990717,0
0.922493,0.99531,0.988005,0.982307,0.987974,0.921466,0.92856,0.921431,0.925625,0.991829,0
0.854194,0.995315,0.975988,0.921009,0.943881,0.851609,0.865514,0.852223,0.744418,0.98799,0
0.921049,0.99531,0.988005,0.96799,0.975947,0.919838,0.927215,0.920023,0.907166,0.996615,0
0.897432,0.990625,0.970262,0.97367,0.987974,0.896109,0.905486,0.896063,0.796838,0.983188,0
0.949914,0.99531,0.984926,0.970539,0.979956,0.949157,0.953842,0.949298,0.879087,0.994404,0
0.954588,0.981257,0.969353,0.966872,0.975948,0.953981,0.958276,0.954069,0.890876,0.98593,0
0.93784,0.990625,0.973198,0.961419,0.975947,0.936908,0.942749,0.937045,0.814216,0.985293,0
0.932114,0.995315,0.981896,0.963572,0.975951,0.931055,0.937421,0.931245,0.842063,0.992229,0
0.9465,0.990625,0.982305,0.982307,0.987974,0.945852,0.950743,0.945883,0.920817,0.996615,0
0.954244,0.99531,0.989563,0.973887,0.979956,0.953547,0.957836,0.95369,0.927851,0.997734,0
0.964394,0.999995,0.990633,0.980093,0.987974,0.963899,0.967164,0.963883,0.893353,0.989614,0
0.564598,0.967206,0.938727,0.842332,0.87974,0.557358,0.598367,0.558447,0.68536,0.94749,0
0.756065,0.990629,0.957682,0.921408,0.951898,0.752286,0.774998,0.752712,0.604184,0.974172,0
0.930624,0.99063,0.980756,0.957325,0.967934,0.929483,0.936084,0.929726,0.882361,0.990717,0
0.960499,0.99531,0.989563,0.969117,0.975947,0.959835,0.963601,0.960034,0.923466,0.997734,0
0.585879,0.939097,0.88514,0.909989,0.94789,0.580338,0.618374,0.580543,0.508963,0.948357,0
0.873733,0.929727,0.895899,0.897091,0.923837,0.871816,0.88417,0.871978,0.772541,0.9256,0
0.568069,0.976571,0.914968,0.86913,0.923834,0.561463,0.60149,0.562116,0.248887,0.941524,0
0.864205,0.939091,0.911862,0.838317,0.871719,0.861356,0.87532,0.861185,0.855443,0.83793,0
0.937887,0.99531,0.988005,0.972762,0.979956,0.936963,0.942749,0.9371,0.911586,0.996615,0
0.987789,0.981255,0.972477,0.959579,0.96793,0.987536,0.98891,0.987477,0.946676,0.964262,0
0.942513,0.97657,0.95754,0.967274,0.979956,0.941841,0.9472,0.94176,0.850174,0.971975,0
0.950166,0.971891,0.954865,0.950331,0.963925,0.949429,0.954286,0.949568,0.862853,0.974148,0
0.941597,0.981255,0.961761,0.951851,0.96793,0.940702,0.946316,0.940567,0.839449,0.951721,0
0.998421,0.98594,0.98134,0.938056,0.947886,0.998008,0.998669,0.998006,0.97412,0.947461,0
0.901761,0.99063,0.965954,0.941815,0.963925,0.900164,0.909457,0.900509,0.714856,0.984907,0
0.868093,0.990629,0.976183,0.968353,0.979959,0.866254,0.878408,0.866366,0.84663,0.992229,0
0.92572,0.981255,0.961761,0.975774,0.987974,0.92488,0.931673,0.924736,0.839449,0.975699,0
0.976858,0.995311,0.988005,0.977534,0.983966,0.976529,0.978694,0.976626,0.916137,0.996615,0
0.990857,0.999995,0.995261,0.997744,1,0.990891,0.991576,0.99078,0.951699,0.997734,0
0.999474,0.99531,0.992717,0.933295,0.943877,0.998932,0.99956,0.998878,0.978942,0.937915,0
0.762744,0.98594,0.966001,0.945999,0.963921,0.759284,0.781222,0.759535,0.784392,0.984236,0
0.935,0.99531,0.984926,0.975316,0.983965,0.934091,0.94009,0.934172,0.883711,0.994404,0
0.934473,0.990625,0.971724,0.984294,0.995991,0.933768,0.93966,0.933629,0.823469,0.984236,0
0.937359,0.990625,0.974684,0.972057,0.983965,0.93653,0.942312,0.936557,0.84003,0.98636,0
0.934519,0.99531,0.989563,0.978657,0.983965,0.933604,0.939646,0.933684,0.932365,0.997734,0
0.965791,0.99531,0.989563,0.973887,0.979956,0.965255,0.968485,0.965402,0.927851,0.997734,0
0.998075,0.999995,0.998408,0.985697,0.987974,0.998048,0.998229,0.997994,0.978942,0.990443,0
0.838709,0.98594,0.971986,0.983779,0.991982,0.836689,0.851355,0.836503,0.88229,0.983729,0
0.949368,0.939091,0.916509,0.956212,0.96793,0.948995,0.953849,0.949026,0.888467,0.97046,0
0.908543,0.995315,0.981896,0.954013,0.967934,0.907047,0.915672,0.907283,0.833335,0.987435,0
0.980753,0.999995,0.998408,0.995232,0.995991,0.980593,0.982254,0.980531,0.978942,1,0
0.95665,0.995315,0.986459,0.97642,0.983969,0.95604,0.960058,0.95613,0.899919,0.995505,0
0.860078,0.910987,0.871543,0.934311,0.955907,0.858604,0.87174,0.858879,0.747471,0.972542,0
0.934341,0.657997,0.571415,0.695503,0.751454,0.933539,0.942319,0.933455,0.850174,0.699555,0
0.502965,0.990627,0.960388,0.942583,0.967931,0.496048,0.541165,0.496241,0.654332,0.980926,0
0.597359,0.976576,0.908766,0.835507,0.899784,0.590773,0.628548,0.591543,0.133731,0.917651,0
0.946112,1,0.993706,0.948907,0.959916,0.944984,0.950278,0.945395,0.890805,0.996615,0
0.734233,0.971891,0.945904,0.872102,0.903793,0.729656,0.755013,0.730542,0.71206,0.962938,0
0.934907,0.98594,0.973514,0.970539,0.979956,0.934037,0.940087,0.934117,0.879087,0.989614,0
0.86314,0.97657,0.959049,0.968353,0.979956,0.861379,0.873989,0.861205,0.871452,0.968265,0
0.497207,0.99063,0.953719,0.913712,0.94789,0.489876,0.535827,0.490338,0.555169,0.971334,0
0.577507,0.962516,0.928711,0.944577,0.96793,0.571904,0.610414,0.571652,0.722291,0.949224,0
0.651314,0.990627,0.965954,0.937022,0.959914,0.646232,0.67827,0.646581,0.710582,0.984907,0
0.904617,0.939092,0.913398,0.944455,0.959913,0.903523,0.912579,0.90359,0.85133,0.963473,0
0.93784,0.990625,0.973198,0.98056,0.991982,0.937127,0.942759,0.9371,0.828956,0.990091,0
0.621054,0.990625,0.946142,0.922646,0.959912,0.615567,0.650315,0.615653,0.466802,0.951408,0
0.949387,0.990625,0.977695,0.969441,0.979956,0.948669,0.953405,0.948701,0.872309,0.983729,0
0.994226,0.999995,0.996828,0.984558,0.987974,0.994145,0.994672,0.994196,0.95321,0.998863,0
0.760855,0.751701,0.676198,0.918897,0.943881,0.759478,0.781649,0.760022,0.711438,0.981119,0
0.871421,0.939096,0.911862,0.919469,0.939872,0.869597,0.881946,0.869928,0.812817,0.962387,0
0.611767,0.976576,0.922809,0.903841,0.94789,0.606129,0.641888,0.606404,0.39141,0.947123,0
0.954679,0.990625,0.979219,0.970539,0.979956,0.954035,0.95828,0.954178,0.879087,0.994404,0
0.813322,0.99531,0.983405,0.97422,0.983965,0.810743,0.82783,0.810718,0.872309,0.98852,0
0.936925,0.99531,0.984926,0.975316,0.983965,0.936042,0.941865,0.936124,0.883711,0.994404,0
0.676682,0.939096,0.889045,0.888717,0.927846,0.672035,0.702211,0.672876,0.51603,0.975234,0
0.930691,0.948466,0.923276,0.933806,0.951899,0.929754,0.936528,0.930049,0.817011,0.971975,0
0.625911,0.995315,0.950708,0.897653,0.939872,0.620119,0.654738,0.620778,0.428278,0.969878,0
0.39752,0.99531,0.984926,0.980093,0.987974,0.389549,0.443567,0.389359,0.888467,0.994404,0
0.259519,0.99063,0.949873,0.910905,0.94789,0.249138,0.315734,0.24969,0.501954,0.973411,0
0.998992,0.99531,0.991134,0.97979,0.983965,0.998971,0.999113,0.998917,0.957944,0.984521,0
0.895555,0.99531,0.9804,0.972057,0.983965,0.894102,0.903704,0.894168,0.835157,0.991155,0
0.775952,0.868818,0.815619,0.844976,0.883745,0.772755,0.794555,0.772652,0.732773,0.854183,0
0.686727,0.648628,0.524641,0.580271,0.675288,0.681643,0.714229,0.681546,0.477179,0.59366,0
0.833997,0.99531,0.96478,0.960817,0.983965,0.8317,0.846907,0.831742,0.6581,0.979954,0
0.931928,0.97657,0.95754,0.909914,0.93185,0.930461,0.937431,0.930482,0.84003,0.924056,0
0.90446,0.971888,0.954865,0.931228,0.947888,0.902871,0.912125,0.903103,0.853929,0.964569,0
0.724139,0.971891,0.934673,0.906999,0.939872,0.719952,0.745706,0.720309,0.596236,0.954899,0
0.907533,0.99063,0.970262,0.925794,0.94789,0.905798,0.914788,0.90603,0.772541,0.959185,0
0.835727,0.97657,0.953089,0.949726,0.96793,0.833421,0.848686,0.833347,0.791705,0.959185,0
0.876713,0.939091,0.914947,0.950331,0.963921,0.875294,0.886846,0.875294,0.872309,0.964569,0
0.623456,0.99063,0.956348,0.920437,0.951899,0.617874,0.652531,0.61828,0.592082,0.973217,0
0.921068,0.948466,0.926348,0.964663,0.975951,0.920325,0.927659,0.920511,0.858324,0.993312,0
0.963248,0.981255,0.972477,0.950043,0.959912,0.962547,0.96627,0.962637,0.932365,0.969042,0
0.730565,0.943781,0.877649,0.861866,0.915819,0.72642,0.751927,0.726771,0.316817,0.909929,0
0.896951,0.990625,0.973198,0.966203,0.979956,0.895509,0.905032,0.895631,0.814216,0.990091,0
0.704161,0.990628,0.967378,0.938056,0.959914,0.699794,0.727081,0.70009,0.726923,0.981119,0
0.841116,0.939091,0.913398,0.939677,0.955904,0.839101,0.854003,0.8392,0.84663,0.963473,0
0.7801,0.99063,0.957682,0.906999,0.939872,0.776477,0.797179,0.777081,0.596236,0.974172,0
0.994918,0.971885,0.956403,0.951437,0.963921,0.994803,0.995566,0.994747,0.898367,0.9561,0
0.977192,0.929722,0.90512,0.946663,0.959913,0.977184,0.979585,0.977226,0.888467,0.960887,0
0.698892,0.948466,0.904567,0.910826,0.943881,0.694681,0.72266,0.694668,0.620788,0.929843,0
0.703577,0.981255,0.953068,0.945588,0.96793,0.699428,0.726654,0.69948,0.71726,0.96947,0
0.818029,0.939092,0.904373,0.928476,0.951895,0.815644,0.832701,0.815792,0.744724,0.957096,0
0.84968,0.929727,0.891463,0.865181,0.899784,0.8471,0.861975,0.847417,0.710582,0.908032,0
0.321146,0.98126,0.933362,0.854276,0.903793,0.310849,0.37295,0.312057,0.404266,0.960204,0
0.445129,0.892248,0.792579,0.778771,0.859696,0.436864,0.48876,0.438188,-0.086007,0.900026,0
0.509682,0.99063,0.941351,0.924001,0.963925,0.502786,0.547374,0.503047,0.40744,0.967327,0
0.846307,0.97657,0.943149,0.889791,0.923833,0.843529,0.858408,0.844134,0.618578,0.956852,0
0.742885,0.971888,0.91357,0.886851,0.935861,0.738895,0.763017,0.739374,0.327877,0.944666,0
0.455,0.953146,0.87295,0.854885,0.919825,0.447112,0.497222,0.447563,0.056582,0.912888,0
0.579482,0.967206,0.919754,0.890725,0.931855,0.573269,0.612148,0.573599,0.489968,0.938697,0
0.5569,0.925042,0.849999,0.839313,0.899784,0.550374,0.591726,0.551082,0.228125,0.916489,0
0.452417,0.976576,0.931297,0.88591,0.927846,0.444334,0.494551,0.444998,0.477446,0.958019,0
0.504672,0.583046,0.440115,0.428653,0.55102,0.496051,0.546917,0.496307,0.38792,0.480063,0
-0.006531,0.957836,0.899648,0.81215,0.871723,-0.021236,0.068979,-0.020738,0.323641,0.869678,0
0.704109,0.985943,0.939143,0.945881,0.979959,0.700098,0.727105,0.700029,0.488906,0.960204,0
0.83342,0.939096,0.900036,0.968571,0.987977,0.831758,0.846911,0.831742,0.711438,0.982898,0
0.775673,0.98126,0.933362,0.892832,0.935863,0.772033,0.793186,0.772517,0.432412,0.950532,0
0.867666,0.948466,0.905928,0.931017,0.959916,0.865973,0.878399,0.866252,0.621933,0.969353,0
0.382058,0.985944,0.944102,0.934983,0.967932,0.373653,0.429368,0.373456,0.552105,0.949264,0
0.871306,0.878193,0.834637,0.950784,0.967934,0.870474,0.882399,0.870642,0.793343,0.979436,0
0.825628,0.976575,0.947332,0.892862,0.923837,0.822561,0.839329,0.823164,0.671504,0.959853,0
0.930361,0.756386,0.677125,0.944577,0.967934,0.931434,0.937859,0.931733,0.68678,0.982898,0
0.933853,0.976576,0.945925,0.93978,0.963925,0.932843,0.939193,0.933086,0.691424,0.973275,0
0.934931,0.939091,0.908828,0.277597,0.39868,0.92775,0.940544,0.927663,0.818114,0.28065,0
0.816589,0.98594,0.964537,0.96888,0.983965,0.814154,0.830944,0.814015,0.802105,0.973585,0
0.767601,0.990627,0.964544,0.912029,0.93987,0.763806,0.78564,0.764469,0.674918,0.983898,0
0.820966,0.99063,0.967378,0.952431,0.971942,0.818367,0.834916,0.818577,0.74006,0.985925,0
0.774331,0.990626,0.965954,0.970583,0.987974,0.771332,0.791892,0.771232,0.748767,0.980099,0
0.881464,0.981255,0.963254,0.981624,0.991982,0.880075,0.890851,0.879909,0.855443,0.981564,0
0.954901,-0.419523,-0.641055,0.670541,0.731412,0.960166,0.96672,0.960094,0.828956,0.674533,0
0.896951,0.99063,0.976183,0.968353,0.97996,0.895509,0.905032,0.895631,0.84663,0.992229,0
0.956558,0.985945,0.971986,0.964663,0.975951,0.955932,0.960055,0.956021,0.862853,0.983729,0
0.907005,0.98594,0.975054,0.962098,0.971938,0.905639,0.91435,0.905764,0.895332,0.98593,0
0.918597,0.99063,0.976183,0.973134,0.983969,0.917509,0.925003,0.917584,0.85133,0.992229,0
0.931059,0.98594,0.971986,0.983779,0.991982,0.930299,0.936554,0.930159,0.887474,0.983729,0
0.866217,0.99531,0.983405,0.979,0.987974,0.864417,0.87664,0.864415,0.872309,0.993312,0
0.884012,0.99531,0.986459,0.981196,0.987974,0.882456,0.893062,0.882405,0.909483,0.990717,0
0.920568,0.99531,0.981896,0.968353,0.979956,0.919405,0.926775,0.919535,0.84663,0.992229,0
0.97349,0.995315,0.983405,0.979,0.987978,0.973168,0.975592,0.97321,0.872309,0.993312,0
0.924417,0.99531,0.988005,0.96799,0.975947,0.923252,0.930325,0.923383,0.911586,0.991829,0
0.96531,0.99531,0.984926,0.960987,0.971938,0.964659,0.968039,0.964859,0.874595,0.989614,0
0.966272,0.995315,0.986459,0.962098,0.971942,0.965635,0.968923,0.96589,0.886552,0.995505,0
0.963386,0.995311,0.988005,0.982307,0.987975,0.962924,0.966273,0.962962,0.920817,0.996615,0
0.990857,0.999995,0.993706,0.987081,0.991982,0.990784,0.991569,0.99078,0.925625,0.996615,0
0.983159,0.999996,0.995261,0.978657,0.983966,0.982871,0.984463,0.982971,0.932365,0.997734,0
0.98797,0.999995,0.996828,0.984558,0.987974,0.987803,0.988903,0.987851,0.95321,0.998863,0
0.389479,0.967206,0.916021,0.830189,0.883749,0.379921,0.436399,0.381297,0.396678,0.950532,0
0.839691,0.686113,0.55581,0.733758,0.811591,0.838118,0.854843,0.839334,0.210576,0.859048,0
0.471071,0.770438,0.671185,0.63107,0.719386,0.462378,0.514058,0.463,0.371012,0.707252,0
0.177844,0.934412,0.866053,0.837704,0.895775,0.166258,0.240734,0.166801,0.293328,0.900235,0
0.342864,0.957835,0.902029,0.862134,0.91181,0.333319,0.39338,0.333992,0.395551,0.934292,0
0.811255,-0.091577,-0.354392,0.092573,0.262386,0.808532,0.833582,0.808464,0.492885,0.104627,0
0.717039,0.892248,0.819878,0.895037,0.939872,0.713619,0.739946,0.714035,0.397336,0.947961,0
0.616621,0.939097,0.883865,0.884994,0.927846,0.611169,0.646746,0.611888,0.453462,0.961959,0
0.770311,0.681428,0.56763,0.544033,0.643222,0.765689,0.790994,0.765675,0.508963,0.562116,0
0.805449,0.62521,0.506668,0.760024,0.819608,0.804068,0.823826,0.804084,0.583494,0.778654,0
0.74488,0.887563,0.821744,0.808921,0.863705,0.740782,0.765695,0.740836,0.514114,0.832528,0
0.43863,0.948466,0.900562,0.850256,0.895775,0.430178,0.482124,0.430899,0.522979,0.926984,0
0.42502,0.971891,0.920585,0.891949,0.935863,0.416778,0.469261,0.417306,0.416087,0.954503,0
0.413512,0.971891,0.919383,0.8959,0.939872,0.405192,0.458612,0.405722,0.399774,0.958487,0
0.572871,0.976575,0.894595,0.873702,0.939872,0.566585,0.605936,0.567048,-0.083666,0.931881,0
0.876653,0.672058,0.563663,0.942573,0.971942,0.877844,0.889058,0.877958,0.588752,0.96651,0
0.823611,0.718907,0.625316,0.935822,0.963925,0.823615,0.839804,0.823709,0.636829,0.959716,0
0.850409,0.700167,0.607238,0.929179,0.955907,0.850802,0.864635,0.851247,0.657379,0.981907,0
0.408717,0.971891,0.925525,0.914805,0.951899,0.400549,0.454184,0.400939,0.494473,0.967682,0
0.751867,0.957834,0.912082,0.879099,0.919827,0.74792,0.771457,0.748159,0.552446,0.917338,0
0.900885,0.901614,0.839026,0.861841,0.9078,0.899404,0.909427,0.900231,0.45156,0.948357,0
0.859969,0.948466,0.900562,0.912767,0.94789,0.858004,0.871312,0.858053,0.578219,0.931807,0
0.578152,0.976575,0.935131,0.888717,0.927845,0.571745,0.610804,0.572466,0.519421,0.965581,0
0.867324,0.761071,0.675195,0.80042,0.851679,0.86597,0.879736,0.86612,0.615626,0.828762,0
0.750806,0.948461,0.90869,0.870607,0.907798,0.746772,0.770561,0.747243,0.63691,0.927977,0
0.604617,0.98126,0.929771,0.909518,0.951899,0.598893,0.635229,0.599232,0.402302,0.957643,0
0.855349,0.967201,0.919754,0.919622,0.955903,0.85324,0.866875,0.853287,0.530503,0.938697,0
0.591007,0.967201,0.926238,0.905053,0.939868,0.585076,0.622826,0.585022,0.61012,0.924061,0
0.722975,0.953147,0.911676,0.911802,0.943878,0.719037,0.74485,0.719033,0.64209,0.930816,0
0.850021,0.915672,0.874293,0.937022,0.959916,0.848421,0.862431,0.84858,0.728541,0.965678,0
0.910827,0.934408,0.89288,0.933977,0.959914,0.909864,0.918335,0.910155,0.67055,0.97228,0
-1,0.981258,0.921855,0.932824,0.97595,-1,-1,-1,0.332592,0.947147,0
0.615183,0.981257,0.940895,0.907956,0.943878,0.609473,0.644982,0.609876,0.534639,0.960755,0
0.909026,0.793865,0.722732,0.944577,0.967934,0.909486,0.917897,0.909611,0.696213,0.968464,0
0.659907,0.985945,0.926587,0.888487,0.939872,0.654686,0.686249,0.655156,0.258428,0.946377,0
0.907781,0.9672,0.921025,0.853155,0.89978,0.90564,0.915196,0.90674,0.468237,0.963751,0
0.895631,0.803235,0.741951,0.940152,0.959916,0.89572,0.905464,0.896007,0.763793,0.978386,0
0.849105,0.920357,0.880016,0.855609,0.891767,0.846504,0.861528,0.846874,0.706455,0.903232,0
0.598375,0.981255,0.947529,0.946404,0.971938,0.592888,0.629478,0.59271,0.652886,0.955871,0
0.904367,0.962521,0.917843,0.84545,0.891767,0.902118,0.912091,0.902992,0.504148,0.936631,0
0.848182,0.971885,0.94302,0.898694,0.927842,0.845535,0.860192,0.845858,0.698642,0.941651,0
0.828368,0.962515,0.927307,0.914786,0.943877,0.825768,0.842016,0.825975,0.675236,0.94822,0
0.757937,0.985944,0.942842,0.876282,0.919827,0.753769,0.776754,0.754662,0.459965,0.967682,0
0.883883,0.934411,0.901614,0.916224,0.939871,0.882277,0.893486,0.882445,0.768097,0.944788,0
0.908466,0.939097,0.905845,0.872102,0.903793,0.906669,0.916108,0.90711,0.739217,0.924536,0
-0.009931,0.981256,0.938332,0.944616,0.975948,-0.022625,0.065527,-0.022958,0.552105,0.958921,0
0.798122,0.967201,0.938727,0.938056,0.959912,0.795287,0.814058,0.795196,0.735538,0.94749,0
0.76029,0.981255,0.954485,0.922646,0.947886,0.756613,0.778989,0.757158,0.698642,0.984907,0
0.899852,0.943778,0.905769,0.954173,0.975949,0.898867,0.908135,0.899046,0.696213,0.982898,0
0.902489,0.967203,0.937288,0.956197,0.975949,0.901306,0.910357,0.901429,0.733388,0.980099,0
0.870402,0.981256,0.939607,0.950345,0.979956,0.868692,0.880627,0.868804,0.556783,0.974317,0
0.91637,-1,-1,-1,-1,0.911653,0.932113,0.911558,0.754169,-1,0
0.832457,0.985945,0.947957,0.908903,0.943881,0.829668,0.845551,0.830163,0.555169,0.96651,0
0.803126,0.985945,0.949268,0.948327,0.975951,0.800392,0.818509,0.800421,0.61012,0.967448,0
0.887529,0.962521,0.934455,0.929523,0.951898,0.885856,0.896595,0.886083,0.756295,0.962938,0
0.834332,0.98126,0.951664,0.93978,0.963925,0.831902,0.847351,0.831942,0.706221,0.958843,0
0.783266,0.971887,0.945904,0.948678,0.967931,0.780296,0.800306,0.780493,0.756295,0.982149,0
0.700213,0.981255,0.957357,0.958258,0.975947,0.696142,0.723544,0.696255,0.760919,0.986953,0
0.903701,0.943781,0.911565,0.943888,0.963925,0.902603,0.911691,0.902615,0.770584,0.958136,0
0.782934,0.985945,0.961646,0.90932,0.935863,0.779344,0.799842,0.779888,0.711438,0.971509,0
0.947353,0.929727,0.892929,0.933266,0.955907,0.946882,0.952058,0.947183,0.735538,0.971509,0
0.880069,0.98594,0.949268,0.957947,0.983965,0.878499,0.889505,0.878559,0.61012,0.977094,0
0.5164,0.990626,0.939034,0.907832,0.951895,0.50939,0.553576,0.509854,0.360178,0.965673,0
0.741063,0.981256,0.954485,0.960992,0.979957,0.7376,0.761275,0.737485,0.748767,0.970485,0
0.877616,0.98126,0.953068,0.955181,0.975951,0.875949,0.88729,0.875951,0.727462,0.96947,0
0.856935,0.981255,0.953068,0.940793,0.963921,0.854815,0.868203,0.854921,0.71726,0.964661,0
0.90893,0.985943,0.946659,0.807017,0.859695,0.90609,0.916079,0.907329,0.495003,0.931807,0
0.530317,0.99063,0.944925,0.878371,0.923837,0.523029,0.566425,0.523956,0.413489,0.969878,0
0.920336,0.971891,0.941596,0.921616,0.94789,0.918968,0.926766,0.919259,0.703021,0.959853,0
0.950588,0.756386,0.683497,0.948678,0.967934,0.951922,0.956496,0.952226,0.751812,0.986953,0
0.933624,0.79855,0.739489,0.961419,0.975951,0.93447,0.94053,0.934605,0.814216,0.985293,0
0.708709,0.967201,0.943122,0.936429,0.955904,0.704604,0.731546,0.704474,0.81289,0.945853,0
0.781011,0.98594,0.964537,0.935366,0.955903,0.777684,0.798075,0.778056,0.755612,0.983188,0
0.774762,0.985945,0.961646,0.942847,0.963925,0.771466,0.792315,0.77172,0.735538,0.981119,0
0.884303,0.97657,0.95456,0.931646,0.951894,0.882442,0.893483,0.88278,0.780125,0.974637,0
0.902536,0.971888,0.94884,0.950784,0.967932,0.901195,0.910354,0.901373,0.793343,0.979436,0
0.953878,0.747016,0.673773,0.949726,0.967934,0.955336,0.959608,0.955533,0.777125,0.978386,0
0.701707,0.98594,0.951929,0.969466,0.991982,0.697848,0.724898,0.697593,0.664575,0.969353,0
0.961184,0.756386,0.686766,0.950784,0.967934,0.962654,0.966258,0.962962,0.784392,0.989036,0
0.89667,0.962519,0.935923,0.935366,0.955906,0.895177,0.905029,0.895352,0.777125,0.963985,0
0.673892,0.99063,0.956348,0.915631,0.94789,0.66893,0.699117,0.669467,0.583744,0.978038,0
0.806871,0.929721,0.894407,0.857758,0.891762,0.803586,0.822509,0.803497,0.780799,0.86699,0
0.746933,0.99063,0.951142,0.9359,0.967934,0.743266,0.766582,0.743453,0.546218,0.969489,0
0.819042,0.990627,0.944925,0.936233,0.97194,0.816418,0.833142,0.816627,0.466083,0.969878,0
0.829907,0.971885,0.951827,0.909914,0.93185,0.827062,0.843335,0.827495,0.804844,0.962387,0
0.685422,0.990625,0.963146,0.97337,0.991982,0.681295,0.709808,0.681093,0.722291,0.978086,0
0.811349,0.99063,0.951142,0.940715,0.971942,0.80862,0.826042,0.808826,0.546218,0.974317,0
0.862273,0.985945,0.960219,0.951403,0.971942,0.860291,0.873084,0.860399,0.733388,0.975292,0
0.870449,0.98594,0.963085,0.929523,0.951894,0.8683,0.880612,0.868578,0.743272,0.96774,0
0.727708,0.99063,0.965954,0.917855,0.943881,0.723422,0.748812,0.724023,0.694958,0.984907,0
0.661882,0.990625,0.959029,0.956012,0.979956,0.657254,0.688053,0.65723,0.6581,0.975137,0
0.947325,0.976574,0.948752,0.951403,0.971941,0.94661,0.951624,0.946749,0.733388,0.975292,0
0.827168,0.985944,0.967479,0.966203,0.979959,0.824819,0.840691,0.824858,0.814216,0.985293,0
0.824332,0.990625,0.956348,0.954086,0.979956,0.821895,0.838029,0.82199,0.620788,0.978038,0
0.845009,0.990625,0.961761,0.953176,0.975947,0.842797,0.857106,0.842957,0.680068,0.981907,0
0.818562,0.990626,0.959029,0.946404,0.971939,0.81593,0.832698,0.816139,0.642898,0.979954,0
0.839719,0.990625,0.956348,0.939662,0.96793,0.837321,0.852219,0.837593,0.605752,0.978038,0
0.946706,0.962521,0.938898,0.92794,0.94789,0.945799,0.951174,0.945989,0.805066,0.956515,0
0.85126,0.990625,0.953719,0.942573,0.971939,0.849078,0.862871,0.849297,0.578386,0.976159,0
0.852222,0.990625,0.956348,0.94447,0.971939,0.850053,0.863759,0.850272,0.610614,0.978038,0
0.854627,0.990625,0.957682,0.945432,0.971939,0.85249,0.865978,0.85271,0.626749,0.978991,0
0.922399,0.98594,0.960219,0.970583,0.987974,0.921466,0.928567,0.921321,0.759707,0.970485,0
0.613371,0.99063,0.970262,0.916224,0.939872,0.607463,0.643204,0.608058,0.744418,0.983188,0
0.872759,0.97657,0.960571,0.936003,0.951894,0.870738,0.882836,0.871017,0.849668,0.974148,0
0.840681,0.990625,0.961761,0.914786,0.943877,0.837957,0.853095,0.838453,0.653288,0.97228,0
0.873383,0.990625,0.959029,0.946404,0.971939,0.871505,0.883283,0.871731,0.642898,0.979954,0
0.898844,0.939096,0.914947,0.92168,0.939872,0.897397,0.907238,0.897736,0.845543,0.964569,0
0.912685,0.976572,0.95456,0.95557,0.97194,0.911492,0.919685,0.911452,0.81289,0.965041,0
0.931012,0.981255,0.948895,0.937782,0.963921,0.929916,0.936537,0.930049,0.668958,0.961666,0
0.954588,0.98126,0.96028,0.950784,0.967934,0.953873,0.958273,0.954069,0.788798,0.979436,0
0.928976,0.920351,0.887507,0.947068,0.963921,0.928453,0.935216,0.928421,0.828956,0.956515,0
0.911816,0.985943,0.963085,0.953468,0.971941,0.910516,0.918788,0.910643,0.765682,0.977346,0
0.878674,0.990625,0.960388,0.947385,0.971939,0.876868,0.888164,0.877096,0.659061,0.980926,0
0.880069,0.985945,0.967479,0.918378,0.939872,0.877888,0.889489,0.878221,0.796466,0.961311,0
0.862802,0.990625,0.959029,0.946404,0.971939,0.860778,0.873521,0.861001,0.642898,0.979954,0
0.856311,0.9672,0.944612,0.970989,0.983965,0.854611,0.867777,0.854433,0.839449,0.970902,0
0.940796,0.948465,0.924805,0.915794,0.935862,0.939784,0.945862,0.93981,0.856164,0.929947,0
0.82914,0.99063,0.968814,0.953468,0.971942,0.826654,0.84246,0.826866,0.756295,0.986953,0
0.8339,0.985943,0.968969,0.952927,0.967932,0.831471,0.846894,0.831684,0.817011,0.98636,0
0.883964,0.990625,0.963146,0.949375,0.971939,0.882232,0.893045,0.882461,0.691424,0.982898,0
0.814234,0.99063,0.967378,0.952431,0.971942,0.811544,0.828704,0.811751,0.74006,0.985925,0
0.889255,0.990625,0.967378,0.966809,0.983965,0.887763,0.897939,0.88777,0.759555,0.981119,0
0.931518,0.934411,0.909249,0.950331,0.963924,0.930892,0.937428,0.93097,0.867515,0.969358,0
0.939719,0.98594,0.953279,0.956012,0.979956,0.938914,0.944534,0.938887,0.668958,0.965503,0
0.924666,0.971885,0.951827,0.967274,0.979956,0.923794,0.930786,0.923651,0.855443,0.967181,0
0.887331,0.990625,0.964544,0.950384,0.971939,0.885645,0.896151,0.885875,0.707624,0.983898,0
0.817119,0.990625,0.971724,0.960356,0.975947,0.814526,0.83137,0.814677,0.793343,0.989036,0
0.929088,0.981259,0.96476,0.958792,0.971942,0.928074,0.934756,0.928317,0.837631,0.992229,0
0.887331,0.990625,0.970262,0.97846,0.991982,0.885925,0.896172,0.885819,0.802105,0.983188,0
0.718097,0.99063,0.974684,0.948146,0.963925,0.713979,0.739952,0.714279,0.812817,0.991155,0
0.939879,0.953146,0.932049,0.926454,0.943877,0.938915,0.944948,0.938995,0.833991,0.945416,0
0.840681,0.99063,0.968814,0.948678,0.967934,0.838296,0.853106,0.838511,0.751812,0.982149,0
0.911382,0.990625,0.968814,0.953468,0.971939,0.910029,0.918338,0.910266,0.756295,0.986953,0
0.948677,0.9672,0.94916,0.936003,0.951894,0.947804,0.952943,0.948159,0.845543,0.978938,0
0.924805,0.98594,0.967479,0.961419,0.975947,0.923739,0.930772,0.923816,0.818995,0.980496,0
0.94107,0.976573,0.960571,0.940778,0.955905,0.940052,0.945843,0.940406,0.845543,0.983729,0
0.918227,0.953149,0.933601,0.960987,0.971941,0.917344,0.925,0.917473,0.879087,0.984825,0
0.822408,0.99063,0.968814,0.939099,0.959916,0.819658,0.836239,0.82004,0.743272,0.986953,0
0.902723,0.99063,0.968814,0.943888,0.963925,0.90114,0.910351,0.901373,0.756295,0.977346,0
0.954106,0.981256,0.96476,0.963572,0.975948,0.953493,0.957833,0.95369,0.842063,0.992229,0
0.912111,0.9672,0.944612,0.966203,0.979956,0.911114,0.919249,0.910964,0.839449,0.966106,0
0.874826,0.99063,0.971724,0.945999,0.963924,0.872856,0.884608,0.873194,0.780125,0.989036,0
0.952781,0.943776,0.914541,0.907733,0.93185,0.951929,0.956955,0.951906,0.807801,0.917085,0
0.818562,0.99063,0.976183,0.930123,0.94789,0.815587,0.832681,0.816139,0.813921,0.992229,0
0.929615,0.98594,0.964537,0.97846,0.991982,0.928836,0.935219,0.928695,0.802105,0.978386,0
0.928468,0.967204,0.94916,0.92168,0.939871,0.927153,0.934309,0.927445,0.849668,0.95978,0
0.963684,0.976575,0.95754,0.957709,0.971942,0.963196,0.966707,0.963179,0.825812,0.967181,0
0.895508,0.99063,0.971724,0.960356,0.975951,0.893991,0.903698,0.894168,0.793343,0.989036,0
0.949537,0.9063,0.871942,0.690753,0.747448,0.946679,0.954296,0.946649,0.845036,0.699555,0
0.892622,0.990625,0.970262,0.949726,0.96793,0.890954,0.901035,0.891129,0.777125,0.978386,0
0.914268,0.990625,0.971724,0.95557,0.971939,0.912955,0.921,0.913193,0.788798,0.989036,0
0.864245,0.99063,0.970262,0.959302,0.975951,0.862298,0.874855,0.862464,0.777125,0.98799,0
0.947714,0.967206,0.94916,0.97422,0.983969,0.94726,0.952071,0.947237,0.867515,0.983729,0
0.947714,0.967206,0.94916,0.97422,0.983969,0.94726,0.952071,0.947237,0.867515,0.983729,0
0.947714,0.967206,0.94916,0.97422,0.983969,0.94726,0.952071,0.947237,0.867515,0.983729,0
0.844528,0.990625,0.974684,0.957709,0.971938,0.842253,0.856659,0.842412,0.821343,0.98636,0
0.931059,0.985943,0.970471,0.949234,0.963923,0.929916,0.936531,0.930159,0.837631,0.982642,0
0.892141,0.990625,0.971724,0.96993,0.983965,0.890689,0.900598,0.890753,0.802845,0.989036,0
0.87425,0.981255,0.967809,0.960987,0.971938,0.87248,0.884174,0.872593,0.874595,0.984825,0
0.864726,0.990625,0.976183,0.982697,0.991982,0.863012,0.875313,0.862952,0.861129,0.992229,0
0.88204,0.990625,0.973198,0.975774,0.987974,0.880506,0.891287,0.880453,0.828956,0.985293,0
0.930143,0.990625,0.974684,0.972057,0.983965,0.929214,0.935656,0.929238,0.84003,0.98636,0
0.922787,0.97657,0.962105,0.970539,0.979956,0.921843,0.928993,0.921919,0.879087,0.989614,0
0.95752,0.98594,0.968969,0.972057,0.983965,0.957016,0.960956,0.956943,0.850174,0.976769,0
0.865207,0.990625,0.979219,0.922799,0.939869,0.862769,0.87572,0.863382,0.843514,0.989614,0
0.85655,0.990625,0.968814,0.96784,0.983965,0.854611,0.867762,0.854661,0.770584,0.986953,0
0.93784,0.990625,0.973198,0.961419,0.975947,0.936908,0.942749,0.937045,0.814216,0.985293,0
0.85126,0.990625,0.971724,0.974717,0.987974,0.849305,0.862885,0.849297,0.807801,0.989036,0
0.874826,0.990625,0.977695,0.950331,0.963921,0.872856,0.884608,0.873194,0.845543,0.993312,0
0.672023,0.995315,0.970282,0.926409,0.951899,0.667044,0.697345,0.667519,0.68607,0.983898,0
0.875788,0.99063,0.977695,0.97422,0.983968,0.874111,0.885511,0.874169,0.867515,0.993312,0
0.946798,0.97189,0.95334,0.944455,0.959916,0.94596,0.951183,0.946044,0.85133,0.963473,0
0.952663,0.981256,0.967809,0.970539,0.979957,0.952084,0.956508,0.952171,0.883711,0.989614,0
0.9657,0.98594,0.968969,0.967274,0.979956,0.965255,0.968485,0.965402,0.830417,0.991155,0
0.78688,0.99531,0.97169,0.93223,0.955903,0.783532,0.8034,0.783965,0.706455,0.984907,0
0.947097,0.953146,0.93051,0.949234,0.963921,0.946502,0.951637,0.946423,0.866225,0.953892,0
0.95988,0.981255,0.967809,0.956212,0.96793,0.959239,0.963157,0.959437,0.874595,0.984825,0
0.94217,0.990625,0.974684,0.962491,0.975947,0.941298,0.946739,0.941491,0.825812,0.991155,0
0.806591,0.99531,0.97169,0.951403,0.971938,0.803746,0.821611,0.803834,0.733388,0.975292,0
0.921437,0.985943,0.973514,0.956212,0.967932,0.920216,0.927662,0.920345,0.879087,0.980036,0
0.959263,0.967203,0.950701,0.965763,0.975949,0.958859,0.962723,0.958787,0.888467,0.97046,0
0.808033,0.99531,0.95691,0.955161,0.983965,0.805382,0.822946,0.805414,0.562295,0.974317,0
0.908014,0.990625,0.977695,0.959885,0.971938,0.906615,0.915232,0.906851,0.853929,0.993312,0
0.972335,0.925036,0.899427,0.898948,0.919824,0.971778,0.975148,0.971816,0.888467,0.913048,0
0.934426,0.98594,0.970471,0.954013,0.96793,0.933385,0.93965,0.93341,0.856164,0.968265,0
0.924851,0.990625,0.974684,0.967274,0.979956,0.923794,0.930768,0.923926,0.830417,0.991155,0
0.914749,0.990625,0.974684,0.97684,0.987974,0.913663,0.92146,0.913625,0.845036,0.98636,0
0.93958,0.971885,0.956403,0.975316,0.983965,0.938969,0.944538,0.938887,0.898367,0.980036,0
0.926636,0.97657,0.965212,0.958447,0.96793,0.925581,0.932547,0.925657,0.916137,0.977476,0
0.923408,0.990625,0.974684,0.972057,0.983965,0.922386,0.929444,0.922407,0.84003,0.98636,0
0.902289,0.99531,0.975988,0.949726,0.96793,0.900707,0.909907,0.900941,0.772541,0.983188,0
0.917635,0.99063,0.980756,0.94778,0.959916,0.916204,0.9241,0.916553,0.878304,0.990717,0
0.956604,0.99063,0.974684,0.967274,0.97996,0.955986,0.960058,0.956075,0.835157,0.98636,0
0.81813,0.995313,0.97311,0.957223,0.97595,0.815501,0.832257,0.815652,0.744724,0.985925,0
0.898394,0.990625,0.979219,0.970539,0.979956,0.896972,0.906367,0.897039,0.883711,0.989614,0
0.968106,0.98594,0.971986,0.979,0.987974,0.967802,0.970718,0.967733,0.88229,0.983729,0
0.888822,0.995315,0.975988,0.954514,0.971942,0.887108,0.897482,0.887339,0.772541,0.98799,0
0.805629,0.99531,0.9804,0.962491,0.975947,0.802829,0.820727,0.802859,0.835157,0.981564,0
0.881126,0.99531,0.977446,0.941214,0.959912,0.879139,0.890374,0.879534,0.775999,0.989036,0
0.975097,0.962518,0.946557,0.962098,0.971941,0.974904,0.977366,0.974839,0.904636,0.966787,0
0.929662,0.990626,0.980756,0.94778,0.959913,0.928399,0.935191,0.928805,0.874381,0.995505,0
0.947462,0.990625,0.980756,0.962098,0.971938,0.94661,0.951617,0.946859,0.886552,0.995505,0
0.957085,0.990626,0.976183,0.973134,0.983966,0.956528,0.960508,0.956455,0.861129,0.977849,0
0.838325,0.995311,0.981896,0.944455,0.959913,0.835745,0.850885,0.836073,0.829176,0.987435,0
0.932067,0.990625,0.980756,0.966872,0.975947,0.931055,0.937421,0.931245,0.890876,0.995505,0
0.933992,0.99063,0.980756,0.952552,0.963925,0.932843,0.93919,0.933141,0.882361,0.990717,0
0.974527,0.953147,0.936742,0.977534,0.983966,0.974577,0.976919,0.974674,0.916137,0.996615,0
0.974527,0.953147,0.936742,0.977534,0.983966,0.974577,0.976919,0.974674,0.916137,0.996615,0
0.920087,0.995315,0.978917,0.951851,0.967934,0.918753,0.926328,0.918937,0.809572,0.980496,0
0.893631,0.99531,0.978917,0.956635,0.971938,0.891985,0.901923,0.89216,0.809572,0.985293,0
0.979518,0.971885,0.954865,0.964663,0.975947,0.979349,0.981371,0.979232,0.887474,0.964569,0
0.962813,0.98594,0.975054,0.957325,0.96793,0.962166,0.965817,0.962419,0.886552,0.990717,0
0.842172,0.99531,0.978917,0.966203,0.979956,0.839929,0.85445,0.839974,0.818995,0.985293,0
0.96334,0.990625,0.973198,0.975774,0.987974,0.962924,0.966277,0.962907,0.828956,0.985293,0
0.976631,0.971885,0.957953,0.966872,0.975947,0.976421,0.978701,0.976411,0.909483,0.976358,0
0.972391,0.98126,0.970909,0.972762,0.97996,0.972084,0.974698,0.972234,0.911586,0.996615,0
0.977548,0.967203,0.953821,0.977534,0.983967,0.977504,0.979582,0.977548,0.916137,0.991829,0
0.962541,0.957834,0.942434,0.963218,0.971941,0.96222,0.965833,0.962149,0.925625,0.96791,0
0.869535,0.990625,0.976183,0.987479,0.995991,0.867943,0.879758,0.867772,0.871452,0.987435,0
0.467885,0.98594,0.970471,0.982697,0.991982,0.460993,0.508807,0.460619,0.871452,0.982642,0
0.919606,0.995312,0.981896,0.939677,0.955905,0.918101,0.92587,0.91856,0.82127,0.992229,0
0.879202,0.99531,0.978917,0.966203,0.979956,0.877468,0.888618,0.877527,0.818995,0.985293,0
0.924898,0.99531,0.975988,0.97367,0.987974,0.923904,0.930779,0.923871,0.796838,0.983188,0
0.978288,0.943778,0.925361,0.958447,0.967931,0.978266,0.980476,0.978256,0.925625,0.96791,0
0.979127,0.981255,0.966278,0.964663,0.975947,0.978861,0.980927,0.978744,0.887474,0.964569,0
0.893584,0.990625,0.982305,0.929833,0.943877,0.891599,0.901903,0.89216,0.879942,0.991829,0
0.90609,0.990625,0.979219,0.951437,0.963921,0.904554,0.913454,0.904844,0.86601,0.989614,0
0.902723,0.990625,0.979219,0.989649,0.995991,0.901584,0.910374,0.901429,0.903511,0.989614,0
0.974361,0.98594,0.975054,0.957325,0.96793,0.973875,0.976469,0.974078,0.890876,0.98593,0
0.966662,0.98594,0.975054,0.952552,0.963921,0.966016,0.969386,0.965946,0.914458,0.957218,0
0.995098,0.990625,0.973198,0.966203,0.979956,0.995015,0.995566,0.994959,0.834137,0.970902,0
0.917201,0.99531,0.981896,0.968353,0.979956,0.915991,0.923672,0.916065,0.85133,0.987435,0
0.926822,0.995315,0.981896,0.968353,0.97996,0.925745,0.932543,0.925823,0.84663,0.987435,0
0.935962,0.995313,0.981896,0.958792,0.971941,0.934903,0.940968,0.935148,0.837631,0.992229,0
0.910807,0.981255,0.969353,0.952552,0.963921,0.909431,0.91791,0.90939,0.909483,0.962002,0
0.935962,0.995311,0.981896,0.963572,0.975948,0.934957,0.940974,0.935093,0.84663,0.987435,0
0.944622,0.99531,0.983405,0.969441,0.979956,0.943792,0.948965,0.943876,0.867515,0.98852,0
0.886417,0.99531,0.984926,0.975316,0.983965,0.884838,0.895273,0.8849,0.883711,0.994404,0
0.972001,0.990625,0.979219,0.980093,0.987974,0.971704,0.974267,0.971638,0.898367,0.984825,0
0.901327,0.995314,0.984926,0.951437,0.963924,0.899677,0.909013,0.900021,0.861919,0.994404,0
0.976286,0.98594,0.976607,0.991855,0.995991,0.976203,0.978261,0.976138,0.930561,0.996615,0
0.898922,0.995313,0.983405,0.979,0.987976,0.897571,0.906817,0.897526,0.877234,0.98852,0
0.895074,0.99531,0.983405,0.979,0.987974,0.893671,0.903268,0.893624,0.877234,0.98852,0
0.949914,0.995312,0.983405,0.964663,0.975949,0.949103,0.953842,0.949244,0.862853,0.98852,0
0.949387,0.990625,0.977695,0.98856,0.995991,0.948887,0.953416,0.948756,0.887474,0.98852,0
0.906137,0.99531,0.984926,0.960987,0.971938,0.904664,0.913457,0.9049,0.870236,0.994404,0
0.820534,0.99531,0.983405,0.983779,0.991982,0.818169,0.834494,0.818031,0.88229,0.98852,0
0.975142,0.9672,0.953821,0.958447,0.96793,0.974851,0.97737,0.974839,0.925625,0.96791,0
0.964302,0.990625,0.979219,0.989649,0.995991,0.964008,0.967171,0.963883,0.903511,0.989614,0
0.966227,0.990625,0.979219,0.975316,0.983965,0.965796,0.968946,0.965673,0.903511,0.975248,0
0.927784,0.99531,0.983405,0.97422,0.983965,0.926775,0.933437,0.926798,0.872309,0.98852,0
0.896036,0.995315,0.986459,0.957325,0.967934,0.894368,0.904138,0.894599,0.886552,0.990717,0
0.993218,0.99531,0.97311,0.962016,0.979956,0.993063,0.993795,0.992953,0.775623,0.9619,0
0.935,0.99531,0.984926,0.980093,0.987974,0.934146,0.940097,0.934117,0.893353,0.989614,0
0.942651,0.990628,0.982305,0.963218,0.971941,0.941732,0.947183,0.941924,0.907166,0.991829,0
0.953236,0.990626,0.982305,0.944138,0.955904,0.952248,0.956934,0.952659,0.890805,0.991829,0
0.951265,0.98594,0.975054,0.981196,0.987974,0.950729,0.955187,0.950653,0.914458,0.98593,0
0.971084,0.99531,0.9804,0.991193,1,0.970891,0.973383,0.97077,0.855443,0.991155,0
0.974482,0.948464,0.932644,0.954811,0.963923,0.97431,0.976926,0.974244,0.941779,0.959482,0
0.986782,0.97657,0.965212,0.972762,0.979956,0.98672,0.988023,0.986607,0.930561,0.972693,0
0.974571,0.957834,0.94402,0.964348,0.971941,0.974416,0.976926,0.974351,0.941779,0.969042,0
0.974571,0.957834,0.94402,0.964348,0.971941,0.974416,0.976926,0.974351,0.941779,0.969042,0
0.988876,0.943776,0.925361,0.925065,0.939868,0.988632,0.990235,0.988678,0.920817,0.939224,0
0.93933,0.99531,0.983405,0.97422,0.983965,0.938481,0.944087,0.938509,0.872309,0.98852,0
0.960407,0.98594,0.978172,0.964348,0.971938,0.959781,0.963601,0.959979,0.923466,0.992951,0
0.948471,0.99531,0.983405,0.97422,0.983965,0.947748,0.952518,0.94778,0.872309,0.98852,0
0.939719,0.98594,0.976607,0.958447,0.96793,0.938751,0.944534,0.938723,0.925625,0.96791,0
0.880164,0.99531,0.986459,0.957325,0.96793,0.878275,0.889492,0.878333,0.882361,0.976358,0
0.879107,0.98594,0.978172,0.992971,0.995991,0.877694,0.888628,0.877583,0.946676,0.997734,0
0.913834,0.995311,0.988005,0.953677,0.963922,0.912357,0.92055,0.912705,0.894696,0.996615,0
0.961896,0.990625,0.982305,0.958447,0.96793,0.961191,0.964929,0.961443,0.902877,0.991829,0
0.961896,0.990625,0.982305,0.958447,0.96793,0.961191,0.964929,0.961443,0.902877,0.991829,0
0.958574,0.99531,0.983405,0.969441,0.979956,0.957937,0.961829,0.958082,0.862853,0.993312,0
0.997369,0.97657,0.963652,0.962098,0.971938,0.997348,0.997785,0.997293,0.914458,0.966787,0
0.980955,0.920351,0.89854,0.907158,0.923833,0.980615,0.983128,0.980762,0.927851,0.930816,0
0.960934,0.990625,0.980756,0.990747,0.995991,0.960593,0.964065,0.960467,0.91956,0.990717,0
0.967189,0.990625,0.982305,0.987081,0.991982,0.96688,0.96983,0.966812,0.930561,0.991829,0
0.94799,0.99531,0.986459,0.990747,0.995991,0.947424,0.952085,0.947292,0.91956,0.990717,0
0.983939,0.981258,0.970909,0.972762,0.979958,0.983793,0.985357,0.983786,0.925625,0.98226,0
0.973009,0.99531,0.983405,0.97422,0.983965,0.972626,0.975145,0.972668,0.867515,0.98852,0
0.980571,0.981255,0.972477,0.973887,0.979956,0.980378,0.982244,0.980477,0.932365,0.992951,0
0.935481,0.99531,0.986459,0.966872,0.975947,0.93447,0.940527,0.934605,0.890876,0.990717,0
0.997022,0.990625,0.979219,0.956212,0.96793,0.996807,0.997341,0.996752,0.898367,0.960887,0
0.991023,0.9672,0.953821,0.939369,0.951894,0.990741,0.992006,0.990841,0.916137,0.958346,0
0.758418,0.98594,0.976607,0.987081,0.991982,0.755316,0.777257,0.755089,0.935623,0.987045,0
0.978601,0.97657,0.966784,0.983428,0.987974,0.978534,0.980479,0.978471,0.946676,0.988168,0
0.901761,0.990625,0.983867,0.983428,0.987974,0.900497,0.909483,0.900397,0.946676,0.988168,0
0.948906,0.990625,0.983867,0.950043,0.959912,0.947911,0.952943,0.948268,0.911096,0.992951,0
0.96531,0.995315,0.983405,0.969441,0.97996,0.964767,0.968045,0.964859,0.867515,0.98852,0
0.981143,0.990625,0.980756,0.985971,0.991982,0.981027,0.982702,0.980911,0.91956,0.98593,0
0.924851,0.990625,0.983867,0.969117,0.975947,0.923739,0.930768,0.923871,0.927851,0.992951,0
0.872373,0.98594,0.97975,0.970254,0.975947,0.870586,0.882405,0.870585,0.948604,0.984521,0
0.922012,0.99531,0.988005,0.977534,0.983965,0.920923,0.928113,0.920944,0.920817,0.991829,0
0.949849,0.939091,0.922885,0.917845,0.93185,0.949001,0.954286,0.949084,0.944125,0.936749,0
0.912391,0.995315,0.989563,0.940509,0.951899,0.91073,0.919214,0.911186,0.903511,0.992951,0
0.963386,0.99531,0.986459,0.97642,0.983965,0.96287,0.96627,0.962907,0.899919,0.990717,0
0.970122,0.995313,0.986459,0.909622,0.927844,0.968955,0.972489,0.968939,0.909483,0.918965,0
0.96334,0.990626,0.983867,0.9882,0.991983,0.962978,0.96628,0.962907,0.946676,0.992951,0
0.979264,0.99531,0.983405,0.878738,0.903789,0.977916,0.980927,0.977801,0.887474,0.878447,0
0.985955,0.990625,0.982305,0.972762,0.979956,0.985745,0.987132,0.985738,0.925625,0.98226,0
0.976286,0.985941,0.978172,0.983428,0.987975,0.976095,0.978261,0.97603,0.946676,0.988168,0
0.946546,0.995315,0.989563,0.945276,0.955907,0.945418,0.950721,0.945828,0.907236,0.992951,0
0.964348,0.995313,0.986459,0.966872,0.97595,0.963737,0.967157,0.963829,0.899919,0.98593,0
0.94799,0.99531,0.988005,0.977534,0.983965,0.94726,0.952071,0.947347,0.916137,0.996615,0
0.953763,0.99531,0.988005,0.96799,0.975947,0.953005,0.957389,0.953147,0.907166,0.991829,0
0.944141,0.995315,0.989563,0.959579,0.967934,0.943141,0.948511,0.943388,0.919211,0.992951,0
0.996586,0.99531,0.983405,0.983779,0.991982,0.996638,0.996901,0.99653,0.887474,0.983729,0
0.986872,0.98594,0.978172,0.983428,0.987974,0.986827,0.988026,0.986714,0.951699,0.983386,0
0.93019,0.995315,0.989563,0.950043,0.959916,0.928886,0.935637,0.929238,0.911096,0.992951,0
0.941735,0.99531,0.989563,0.992971,0.995991,0.941084,0.946313,0.941003,0.946676,0.997734,0
0.958093,0.99531,0.988005,0.977534,0.983965,0.957504,0.961392,0.957539,0.920817,0.991829,0
0.96098,0.99531,0.988005,0.977534,0.983965,0.960431,0.964051,0.960522,0.916137,0.996615,0
0.96531,0.995315,0.989563,0.940509,0.951899,0.964392,0.968027,0.964805,0.907236,0.988168,0
0.942217,0.99531,0.989563,0.9882,0.991982,0.941517,0.946753,0.941491,0.941779,0.997734,0
0.988361,0.990625,0.982305,0.977534,0.983965,0.988237,0.989354,0.988179,0.930561,0.98226,0
0.960018,0.99531,0.989563,0.983428,0.987974,0.959509,0.963167,0.959546,0.937008,0.997734,0
0.951358,0.99531,0.989563,0.978657,0.983965,0.950675,0.95518,0.950708,0.937008,0.992951,0
0.990105,0.971885,0.961092,0.969117,0.975947,0.990082,0.991133,0.989971,0.951699,0.969042,0
0.99733,0.868817,0.836115,0.669799,0.723393,0.995249,0.998676,0.995147,0.951699,0.669048,0
0.992075,0.97657,0.966784,0.964348,0.971938,0.991981,0.992904,0.991924,0.946676,0.969042,0
0.972001,0.990625,0.983867,0.992971,0.995991,0.971812,0.974271,0.971692,0.951699,0.992951,0
0.833516,0.995315,0.991134,0.96072,0.967934,0.830984,0.846453,0.831196,0.935554,0.994081,0
0.998198,0.962515,0.94971,0.816772,0.847666,0.996735,0.998676,0.996631,0.951699,0.816352,0
0.975896,0.995315,0.989563,0.969117,0.975951,0.975446,0.977801,0.97565,0.923466,0.997734,0
0.979745,0.995311,0.988005,0.972762,0.979957,0.979402,0.98136,0.979447,0.920817,0.987045,0
0.982151,0.99531,0.988005,0.977534,0.983965,0.981895,0.983579,0.981941,0.920817,0.991829,0
0.989323,0.990625,0.983867,0.992971,0.995991,0.989374,0.990245,0.989262,0.951699,0.992951,0
0.99221,0.990625,0.983867,0.983428,0.987974,0.992194,0.9929,0.99219,0.941779,0.992951,0
0.997549,0.99531,0.986459,0.847689,0.875727,0.996108,0.997788,0.996003,0.91956,0.847333,0
0.997549,0.99531,0.986459,0.943009,0.955903,0.997137,0.997775,0.99724,0.899919,0.962002,0
0.987444,0.995315,0.988005,0.982307,0.987978,0.987315,0.98846,0.987363,0.920817,0.996615,0
0.983113,0.99531,0.988005,0.972762,0.979956,0.982817,0.98447,0.982809,0.925625,0.98226,0
0.978783,0.995315,0.989563,0.973887,0.97996,0.978426,0.980469,0.978524,0.932365,0.992951,0
0.978256,0.990625,0.983867,0.992971,0.995991,0.978154,0.980039,0.978036,0.951699,0.992951,0
0.974452,0.99531,0.989563,0.978657,0.983965,0.97409,0.976476,0.974186,0.932365,0.997734,0
0.987925,0.99531,0.989563,0.9882,0.991982,0.987857,0.98891,0.987798,0.946676,0.992951,0
0.987925,0.99531,0.989563,0.9882,0.991982,0.987857,0.98891,0.987798,0.946676,0.992951,0
0.987925,0.99531,0.989563,0.9882,0.991982,0.987857,0.98891,0.987798,0.946676,0.992951,0
0.987925,0.99531,0.989563,0.9882,0.991982,0.987857,0.98891,0.987798,0.946676,0.992951,0
0.961461,0.99531,0.991134,0.970254,0.975947,0.96081,0.964492,0.960955,0.944125,0.994081,0
0.97349,0.99531,0.989563,0.978657,0.983965,0.973114,0.975588,0.97321,0.932365,0.997734,0
0.97349,0.99531,0.989563,0.978657,0.983965,0.973114,0.975588,0.97321,0.932365,0.997734,0
0.984557,0.99531,0.989563,0.983428,0.987974,0.984388,0.985797,0.984435,0.937008,0.997734,0
0.967716,0.99531,0.989563,0.992971,0.995991,0.967422,0.970274,0.967354,0.946676,0.997734,0
0.991774,0.99531,0.988005,0.982307,0.987974,0.991706,0.992457,0.991702,0.925625,0.991829,0
0.990676,0.98126,0.974059,0.984558,0.987978,0.99073,0.991569,0.990726,0.957944,0.994081,0
0.99803,0.99531,0.988005,0.96799,0.975947,0.997889,0.998229,0.997835,0.930561,0.972693,0
0.99803,0.99531,0.988005,0.972762,0.979956,0.997942,0.998222,0.997941,0.920817,0.98226,0
0.99803,0.99531,0.988005,0.96799,0.975947,0.997889,0.998218,0.997941,0.916137,0.98226,0
0.99803,0.99531,0.988005,0.972762,0.979956,0.997942,0.998222,0.997994,0.920817,0.987045,0
0.995052,0.98594,0.97975,0.975021,0.979956,0.995015,0.995566,0.994959,0.962803,0.979741,0
0.993218,0.995315,0.989563,0.983428,0.987977,0.99317,0.993784,0.99322,0.937008,0.997734,0
0.983594,0.99531,0.989563,0.9882,0.991982,0.983466,0.984917,0.983405,0.946676,0.992951,0
0.990812,0.99531,0.989563,0.9882,0.991982,0.990784,0.991576,0.990673,0.951699,0.988168,0
0.995579,0.990625,0.985441,0.989327,0.991982,0.995662,0.996014,0.995554,0.967787,0.989301,0
0.989368,0.99531,0.991134,0.989327,0.991982,0.98932,0.990238,0.989316,0.957944,0.998863,0
0.964348,0.99531,0.991134,0.989327,0.991982,0.963954,0.967164,0.963938,0.957944,0.998863,0
0.976858,0.99531,0.991134,0.989327,0.991982,0.976636,0.978705,0.976572,0.962803,0.994081,0
0.987925,0.99531,0.991134,0.97979,0.983965,0.987749,0.9889,0.987851,0.948604,0.998863,0
0.993654,0.990625,0.985441,0.97979,0.983965,0.993604,0.994235,0.993548,0.962803,0.984521,0
0.998902,0.98594,0.97975,0.903563,0.919824,0.998133,0.999113,0.998131,0.957944,0.912884,0
0.998511,0.99531,0.989563,0.964348,0.971938,0.998324,0.998659,0.998482,0.927851,0.988168,0
0.99803,0.99531,0.989563,0.9882,0.991982,0.998102,0.998232,0.997994,0.951699,0.988168,0
0.998511,0.99531,0.989563,0.983428,0.987974,0.998536,0.998672,0.998482,0.946676,0.988168,0
0.993218,0.99531,0.991134,0.984558,0.987974,0.99317,0.993788,0.993167,0.957944,0.994081,0
0.993699,0.99531,0.991134,0.984558,0.987974,0.993657,0.994235,0.993601,0.962803,0.989301,0
0.996586,0.99531,0.991134,0.989327,0.991982,0.996638,0.996901,0.99653,0.967787,0.989301,0
0.996586,0.99531,0.991134,0.994097,0.995991,0.996692,0.996901,0.996583,0.967787,0.994081,0
0.779238,0.999995,0.978843,0.938056,0.959912,0.775793,0.796303,0.776166,0.726923,0.985925,0
0.998992,0.99531,0.991134,0.970254,0.975947,0.998865,0.99912,0.998758,0.967787,0.970184,0
0.998992,0.99531,0.991134,0.97979,0.983965,0.998971,0.99912,0.998864,0.967787,0.979741,0
0.998992,0.99531,0.991134,0.97979,0.983965,0.998971,0.999113,0.998917,0.957944,0.984521,0
0.814333,0.999995,0.981715,0.944939,0.963921,0.811429,0.828698,0.811751,0.763793,0.98799,0
0.916767,0.999995,0.981715,0.959302,0.975947,0.915448,0.923222,0.915632,0.777125,0.98799,0
0.862899,0.999995,0.980273,0.943888,0.963921,0.860666,0.873518,0.860944,0.751812,0.982149,0
0.859532,0.999995,0.980273,0.953468,0.971938,0.857366,0.870415,0.857587,0.756295,0.986953,0
0.937452,0.999996,0.981715,0.949726,0.967931,0.936312,0.942296,0.936612,0.768097,0.98799,0
0.944622,0.99531,0.992717,0.995232,0.995991,0.94401,0.948979,0.943876,0.983888,0.995221,0
0.941301,0.999996,0.98317,0.950784,0.967931,0.940214,0.945846,0.940515,0.784392,0.989036,0
0.988451,0.999995,0.965246,0.860835,0.903789,0.987189,0.989305,0.988125,0.526356,0.956862,0
0.874922,0.999999,0.984638,0.961419,0.975951,0.873024,0.884617,0.873194,0.809572,0.990091,0
0.955734,0.999996,0.989115,0.964663,0.975948,0.954956,0.959164,0.955154,0.858324,0.993312,0
0.856647,0.999995,0.992163,0.952552,0.963921,0.854328,0.867749,0.854604,0.882361,0.990717,0
0.94082,0.999996,0.986118,0.957709,0.971939,0.939781,0.945405,0.940027,0.821343,0.991155,0
0.94082,0.999999,0.990633,0.960987,0.971941,0.939781,0.945405,0.939972,0.870236,0.989614,0
0.951404,0.999995,0.98761,0.930123,0.947886,0.95019,0.955177,0.950274,0.85133,0.949102,0
0.914362,1,0.992163,0.962098,0.971942,0.912955,0.921,0.913193,0.886552,0.995505,0
0.954771,0.999995,0.990633,0.970539,0.979956,0.954035,0.95828,0.954178,0.879087,0.994404,0
0.906666,0.999995,0.98761,0.973134,0.983965,0.905318,0.913913,0.905332,0.856164,0.987435,0
0.997504,0.990625,0.987028,0.971399,0.975947,0.997401,0.997788,0.997293,0.983888,0.971334,0
0.948998,0.999996,0.990633,0.980093,0.987974,0.94829,0.952961,0.948322,0.888467,0.994404,0
0.941301,0.999996,0.98761,0.963572,0.975949,0.940323,0.945852,0.940515,0.842063,0.992229,0
0.965837,0.999995,0.992163,0.971646,0.979956,0.965255,0.968485,0.965402,0.895332,0.995505,0
0.974017,0.999995,0.986118,0.97684,0.987974,0.973656,0.976039,0.973644,0.845036,0.98636,0
0.928793,0.999998,0.992163,0.97642,0.983967,0.927751,0.934321,0.927829,0.899919,0.995505,0
0.961026,0.999995,0.992163,0.971646,0.979956,0.960376,0.964048,0.960522,0.895332,0.995505,0
0.944668,0.999995,0.993706,0.982307,0.987974,0.943901,0.948968,0.943931,0.920817,0.996615,0
0.997068,0.99531,0.992717,0.995232,0.995991,0.99718,0.997345,0.997071,0.983888,0.995221,0
0.966318,0.999995,0.990633,0.975316,0.983965,0.965796,0.968936,0.965835,0.888467,0.989614,0
0.958139,0.999996,0.992163,0.981196,0.987974,0.957558,0.961392,0.957594,0.904636,0.995505,0
0.960545,0.999995,0.992163,0.971646,0.979956,0.959889,0.963604,0.959979,0.895332,0.990717,0
0.949479,0.999995,0.992163,0.957325,0.96793,0.948507,0.953405,0.948538,0.904636,0.971572,0
0.966318,0.999995,0.990633,0.975316,0.983965,0.965796,0.968932,0.96589,0.883711,0.994404,0
0.948998,0.999995,0.993706,0.958447,0.96793,0.948019,0.952958,0.948104,0.916137,0.977476,0
0.964394,0.999995,0.993706,0.963218,0.971938,0.963684,0.967148,0.963938,0.902877,0.996615,0
0.88406,0.999995,0.995261,0.983428,0.987974,0.882456,0.893062,0.882405,0.941779,0.992951,0
0.951885,0.999997,0.993706,0.96799,0.975949,0.951054,0.955614,0.95125,0.907166,0.996615,0
0.973054,0.999998,0.990633,0.980093,0.987976,0.97268,0.975148,0.972722,0.888467,0.994404,0
0.97546,0.999995,0.990633,0.984871,0.991982,0.975173,0.977373,0.975108,0.898367,0.989614,0
0.974498,0.999995,0.990633,0.984871,0.991982,0.974197,0.976486,0.974132,0.898367,0.989614,0
0.938895,0.999995,0.993706,0.987081,0.991982,0.938103,0.94365,0.938021,0.930561,0.991829,0
0.910995,0.999995,0.995261,0.969117,0.975947,0.909596,0.917897,0.909778,0.923466,0.997734,0
0.997549,0.99531,0.992717,0.995232,0.995991,0.997667,0.997788,0.997559,0.983888,0.995221,0
0.902818,0.999995,0.995261,0.983428,0.987974,0.901472,0.910364,0.901485,0.937008,0.997734,0
0.974979,0.999997,0.990633,0.980093,0.987975,0.974631,0.976923,0.974674,0.888467,0.994404,0
0.98364,0.999995,0.989115,0.979,0.987974,0.983412,0.984917,0.983351,0.88229,0.983729,0
0.949479,0.999995,0.993706,0.977534,0.983965,0.948724,0.953405,0.948756,0.920817,0.991829,0
0.979309,0.999995,0.990633,0.989649,0.995991,0.97913,0.980923,0.979066,0.898367,0.994404,0
0.967281,0.999995,0.993706,0.982307,0.987974,0.966826,0.969823,0.966866,0.920817,0.996615,0
0.973054,0.999995,0.993706,0.9346,0.947886,0.972146,0.975119,0.972722,0.879942,0.996615,0
0.996632,0.999995,0.989115,0.916906,0.935859,0.9959,0.996897,0.995845,0.88229,0.921487,0
0.988451,0.999995,0.992163,0.985971,0.991982,0.988345,0.989351,0.988339,0.909483,0.995505,0
0.959102,0.999995,0.993706,0.977534,0.983965,0.958479,0.96228,0.958515,0.920817,0.991829,0
0.978347,0.999995,0.993706,0.987081,0.991982,0.9781,0.980036,0.978036,0.930561,0.991829,0
0.999384,0.98594,0.98134,0.828698,0.855683,0.997811,0.99956,0.997757,0.978942,0.833068,0
0.999384,0.98594,0.98134,0.895227,0.911806,0.998519,0.99956,0.998464,0.978942,0.899756,0
0.973535,0.999995,0.993706,0.982307,0.987974,0.973168,0.975592,0.97321,0.920817,0.996615,0
0.960545,0.999995,0.995261,0.983428,0.987974,0.959997,0.963611,0.960034,0.937008,0.997734,0
0.959583,0.999996,0.993706,0.982307,0.987975,0.959021,0.962723,0.959058,0.920817,0.996615,0
0.957177,0.999995,0.995261,0.978657,0.983965,0.956528,0.960501,0.956618,0.932365,0.997734,0
0.982677,0.999995,0.993706,0.972762,0.979956,0.982329,0.984019,0.982429,0.916137,0.991829,0
0.988451,0.999995,0.992163,0.981196,0.987974,0.988291,0.989358,0.988179,0.91956,0.981144,0
0.97546,0.999995,0.995261,0.973887,0.979956,0.975011,0.97736,0.975162,0.927851,0.997734,0
0.978347,0.999995,0.993706,0.977534,0.983965,0.977992,0.980026,0.97809,0.916137,0.996615,0
0.999428,0.990625,0.987028,0.876206,0.895771,0.998314,0.99956,0.99826,0.978942,0.88069,0
0.999428,0.990625,0.987028,0.980931,0.983965,0.999459,0.999563,0.999352,0.983888,0.980887,0
0.912438,0.999995,0.996828,0.970254,0.975947,0.911059,0.919228,0.911242,0.939775,0.998863,0
0.928312,1,0.996828,0.96072,0.967934,0.927044,0.933868,0.927286,0.935554,0.994081,0
0.990376,0.999995,0.993706,0.987081,0.991982,0.990296,0.991129,0.990238,0.930561,0.991829,0
0.98364,0.999995,0.993706,0.977534,0.983965,0.983359,0.984907,0.983459,0.916137,0.996615,0
0.921577,1,0.996828,0.951188,0.959916,0.920107,0.92765,0.920456,0.927503,0.994081,0
0.980272,0.999997,0.995261,0.973887,0.979958,0.97989,0.9818,0.979989,0.932365,0.992951,0
0.938414,0.999995,0.996828,0.955954,0.963921,0.937233,0.943187,0.937478,0.935554,0.989301,0
0.987008,0.999995,0.995261,0.978657,0.983965,0.986774,0.988016,0.986822,0.937008,0.992951,0
0.987008,0.999995,0.995261,0.978657,0.983965,0.986774,0.988016,0.986822,0.937008,0.992951,0
0.984121,0.999995,0.995261,0.983428,0.987974,0.9839,0.985354,0.983947,0.937008,0.997734,0
0.992301,0.999995,0.993706,0.958447,0.96793,0.991928,0.992904,0.991871,0.930561,0.963128,0
0.960064,0.999995,0.996828,0.989327,0.991982,0.959564,0.963171,0.959546,0.957944,0.998863,0
0.948036,0.999995,0.996828,0.965487,0.971938,0.947098,0.952064,0.947292,0.939775,0.994081,0
0.964875,0.999995,0.996828,0.989327,0.991982,0.964441,0.967608,0.964426,0.957944,0.998863,0
0.972092,0.999995,0.996828,0.984558,0.987974,0.971704,0.97426,0.971746,0.95321,0.998863,0
0.986046,1,0.995261,0.973887,0.97996,0.985745,0.987125,0.985845,0.932365,0.992951,0
0.99182,0.999995,0.995261,0.978657,0.983965,0.991653,0.992453,0.991702,0.937008,0.992951,0
0.999474,0.99531,0.992717,0.952343,0.959912,0.999142,0.999556,0.99914,0.97412,0.961783,0
0.999474,0.99531,0.992717,0.976165,0.979956,0.999406,0.999556,0.999352,0.97412,0.980887,0
0.999474,0.99531,0.992717,0.980931,0.983965,0.999459,0.999563,0.999352,0.983888,0.980887,0
0.999474,0.99531,0.992717,0.980931,0.983965,0.999459,0.99956,0.999405,0.978942,0.985665,0
0.999474,0.99531,0.992717,0.980931,0.983965,0.999459,0.99956,0.999405,0.978942,0.985665,0
0.999474,0.99531,0.992717,0.980931,0.983965,0.999459,0.99956,0.999405,0.978942,0.985665,0
0.999474,0.99531,0.992717,0.980931,0.983965,0.999459,0.999556,0.999405,0.97412,0.985665,0
0.999474,0.99531,0.992717,0.985697,0.987974,0.999512,0.999563,0.999405,0.983888,0.985665,0
0.999474,0.99531,0.992717,0.980931,0.983965,0.999459,0.99956,0.999405,0.978942,0.985665,0
0.999474,0.99531,0.992717,0.990464,0.991982,0.999565,0.999563,0.999459,0.983888,0.990443,0
0.999474,0.99531,0.992717,0.985697,0.987974,0.999512,0.99956,0.999459,0.978942,0.990443,0
0.999474,0.99531,0.992717,0.990464,0.991982,0.999565,0.999563,0.999459,0.983888,0.990443,0
0.999474,0.99531,0.992717,0.985697,0.987974,0.999512,0.999556,0.999459,0.97412,0.990443,0
0.999474,0.99531,0.992717,0.980931,0.983965,0.999459,0.999556,0.999459,0.97412,0.990443,0
0.999474,0.99531,0.992717,0.985697,0.987974,0.999512,0.99956,0.999459,0.978942,0.990443,0
0.98364,0.999995,0.995261,0.978657,0.983965,0.983359,0.98491,0.983405,0.937008,0.992951,0
0.985564,0.999995,0.995261,0.978657,0.983965,0.98531,0.986685,0.985357,0.937008,0.992951,0
0.968243,1,0.996828,0.970254,0.975951,0.96764,0.970704,0.967788,0.944125,0.994081,0
0.976904,0.999995,0.996828,0.984558,0.987974,0.976583,0.978701,0.976572,0.957944,0.994081,0
0.977385,0.999995,0.996828,0.994097,0.995991,0.977178,0.979152,0.97706,0.967787,0.994081,0
0.994707,0.999995,0.995261,0.978657,0.983965,0.99458,0.995116,0.994631,0.937008,0.992951,0
0.988451,0.999995,0.995261,0.992971,0.995991,0.988398,0.989358,0.988286,0.951699,0.992951,0
0.994226,0.999995,0.995261,0.992971,0.995991,0.994252,0.994679,0.994196,0.946676,0.997734,0
0.984121,0.999995,0.996828,0.984558,0.987974,0.9839,0.985354,0.983893,0.95321,0.994081,0
0.993263,0.999995,0.995261,0.992971,0.995991,0.993277,0.993795,0.993167,0.951699,0.992951,0
0.988933,0.999995,0.996828,0.984558,0.987974,0.988779,0.989791,0.988774,0.95321,0.994081,0
0.988933,0.999995,0.996828,0.984558,0.987974,0.988779,0.989791,0.988774,0.95321,0.994081,0
0.99615,0.999995,0.995261,0.973887,0.979956,0.99599,0.99645,0.995935,0.941779,0.978604,0
0.994707,0.999997,0.996828,0.989327,0.991984,0.994687,0.995119,0.994684,0.957944,0.998863,0
0.99182,0.999995,0.996828,0.994097,0.995991,0.991813,0.99246,0.991756,0.962803,0.998863,0
0.995188,0.999995,0.996828,0.994097,0.995991,0.995228,0.995566,0.995173,0.962803,0.998863,0
0.994226,0.999999,0.996828,0.984558,0.987977,0.994145,0.994675,0.994143,0.957944,0.994081,0
0.994226,0.999999,0.996828,0.989327,0.991986,0.994199,0.994675,0.994196,0.957944,0.998863,0
0.990376,0.999999,0.996828,0.989327,0.991986,0.990296,0.991125,0.990292,0.957944,0.998863,0
0.990376,0.999997,0.996828,0.989327,0.991984,0.990296,0.991125,0.990292,0.957944,0.998863,0
0.99615,0.999995,0.996828,0.970254,0.975948,0.995937,0.99645,0.995935,0.957944,0.979741,0
0.994226,0.999995,0.996828,0.989327,0.991982,0.994199,0.994682,0.994089,0.967787,0.989301,0
0.994226,0.999995,0.996828,0.998867,1,0.994306,0.994682,0.994196,0.967787,0.998863,0
0.999038,0.999995,0.996828,0.970254,0.975947,0.998865,0.99912,0.998758,0.967787,0.970184,0
0.999038,0.999995,0.996828,0.970254,0.975947,0.998865,0.999113,0.998864,0.957944,0.979741,0
0.991339,0.999995,0.998408,0.995232,0.995991,0.991325,0.992016,0.991268,0.978942,1,0
0.994707,0.999995,0.998408,0.995232,0.995991,0.99474,0.995122,0.994684,0.978942,1,0
0.996632,0.999995,0.998408,0.995232,0.995991,0.996692,0.996897,0.996637,0.978942,1,0
0.996632,0.999995,0.998408,0.995232,0.995991,0.996692,0.996897,0.996637,0.978942,1,0
0.998075,0.999995,0.998408,0.995232,0.995991,0.998155,0.998229,0.998101,0.978942,1,0
0.998075,0.999995,0.998408,0.995232,0.995991,0.998155,0.998229,0.998101,0.978942,1,0
0.997594,0.999995,0.998408,0.995232,0.995991,0.997667,0.997785,0.997613,0.978942,1,0
0.998075,0.999995,0.998408,0.985697,0.987974,0.998048,0.998229,0.997994,0.978942,0.990443,0
0.987489,0.999995,0.998408,1,1,0.987476,0.98847,0.987363,0.983888,1,0
0.992301,0.999995,0.998408,1,1,0.992355,0.992907,0.992244,0.983888,1,0
0.998075,0.999995,0.998408,0.995232,0.995991,0.998155,0.998229,0.998101,0.978942,1,0
0.992782,0.999995,0.998408,1,1,0.992843,0.993351,0.992732,0.983888,1,0
0.999519,0.999995,0.998408,0.890471,0.907798,0.998467,0.999563,0.998362,0.983888,0.890222,0
0.999519,0.999995,0.998408,0.957106,0.963921,0.999194,0.99956,0.99914,0.978942,0.961783,0
0.999519,0.999995,0.998408,0.966634,0.971938,0.9993,0.999553,0.999352,0.969423,0.980887,0
0.999519,0.999995,0.998408,0.985697,0.987974,0.999512,0.99956,0.999405,0.978942,0.985665,0
0.999519,0.999995,0.998408,0.985697,0.987974,0.999512,0.99956,0.999459,0.978942,0.990443,0
0.010401,0.999995,0.998408,0.990464,0.991982,-0.00203,0.084182,-0.002645,0.983888,0.990443,0
0.999038,0.999995,0.998408,0.995232,0.995991,0.999131,0.99912,0.999024,0.983888,0.995221,0
0.999519,0.999995,0.998408,0.995232,0.995991,0.999619,0.99956,0.999565,0.978942,1,0
1,0.999995,1,0.982081,0.983965,0.999947,1,0.999947,0.990307,0.991594,0
1,0.999995,1,0.986846,0.987974,1,1,1,0.990307,0.99637,0
0.989414,0.999995,1,0.99161,0.991982,0.98932,0.990245,0.989208,1,0.991594,0
0.987489,0.999995,1,0.996376,0.995991,0.987423,0.98847,0.98731,1,0.99637,0
0.976904,0.999995,1,0.996376,0.995991,0.97669,0.978708,0.976572,1,0.99637,0
1,0.999995,1,0.982081,0.983965,0.999947,1,0.999947,0.990307,0.991594,0
0.98797,0.999995,1,0.996376,0.995991,0.98791,0.988914,0.987798,1,0.99637,0
0.996632,0.999995,1,0.996376,0.995991,0.996692,0.996901,0.996583,1,0.99637,0
0.905997,0.98126,0.96028,0.960356,0.975951,0.904719,0.91346,0.9049,0.793343,0.989036,1
0.471007,0.967205,0.899143,0.769217,0.843661,0.461892,0.511825,0.464021,0.13009,0.948255,1
0.967281,1,0.993706,0.96799,0.975951,0.966664,0.969817,0.966812,0.911586,0.991829,1
0.89796,0.995315,0.983405,0.945554,0.959916,0.896208,0.905907,0.896551,0.845543,0.98852,1
0.781061,0.990625,0.959029,0.936797,0.963921,0.777801,0.798081,0.778116,0.633503,0.979954,1
0.115005,0.920357,0.831179,0.703697,0.795556,0.100822,0.182606,0.101411,0.018046,0.771023,1
0.910033,0.999995,0.993706,0.963218,0.971938,0.908565,0.91702,0.90858,0.920817,0.977476,1
0.848711,0.97657,0.95456,0.96993,0.983965,0.846811,0.860677,0.846629,0.823469,0.969839,1
0.912344,0.990626,0.979219,0.951437,0.963922,0.910894,0.919219,0.911242,0.861919,0.994404,1
0.657612,0.995315,0.95819,0.903146,0.939872,0.652251,0.684025,0.652911,0.526702,0.975234,1
0.910901,0.990625,0.976183,0.968353,0.979956,0.909651,0.917914,0.909556,0.866225,0.973057,1
0.411777,0.985945,0.950592,0.857996,0.899784,0.402548,0.456811,0.403852,0.547244,0.973217,1
0.805,0.981256,0.938332,0.920535,0.955904,0.802053,0.820287,0.802023,0.552105,0.934779,1
0.75222,0.99063,0.959029,0.893586,0.927845,0.748037,0.771433,0.748814,0.598807,0.975137,1
0.619559,0.98594,0.968969,0.943365,0.959912,0.614106,0.648987,0.614386,0.812817,0.98636,1
0.750297,0.990625,0.961761,0.943576,0.96793,0.746676,0.769685,0.746804,0.67055,0.97228,1
-0.402816,0.976575,0.907779,0.805692,0.875731,-0.421901,-0.30332,-0.418512,0.085295,0.950987,1
0.250427,0.990625,0.935657,0.842536,0.89978,0.238997,0.30728,0.239845,0.274558,0.924472,1
0.643045,0.939093,0.890373,0.908903,0.943879,0.638193,0.671159,0.638791,0.546987,0.976159,1
0.1225,0.97189,0.90599,0.83776,0.899784,0.109738,0.1888,0.110996,0.172009,0.939268,1
0.587854,0.943779,0.897466,0.914667,0.947888,0.582284,0.620133,0.582817,0.567366,0.977094,1
0.6099,0.98126,0.939607,0.916644,0.951898,0.604246,0.64012,0.604264,0.546218,0.940526,1
-0.156113,0.06771,-0.273353,-0.857841,-0.463196,-0.181274,-0.057933,-0.181494,-1,-0.798536,1
0.576343,0.985941,0.945374,0.916644,0.951895,0.570185,0.609042,0.570586,0.522545,0.969489,1
0.5088,0.957836,0.862141,0.798868,0.883749,0.500973,0.546906,0.501611,-0.318174,0.871681,1
0.577358,0.99063,0.947373,0.851287,0.899784,0.570328,0.609901,0.571559,0.430116,0.966792,1
0.500964,0.864138,0.758411,0.764825,0.84767,0.493582,0.540672,0.495139,-0.080371,0.905506,1
0.152942,0.545567,0.363341,0.26151,0.430756,0.138037,0.222556,0.138024,0.0095,0.298423,1
-0.105884,0.859452,0.749098,0.650485,0.755466,-0.122722,-0.021923,-0.122439,-0.054243,0.698291,1
0.565344,0.821974,0.737166,0.830189,0.883749,0.559854,0.600603,0.560168,0.428278,0.878029,1
-0.115852,0.962521,0.877816,0.772066,0.855688,-0.132313,-0.033088,-0.129675,-0.156058,0.927557,1
0.735323,0.939096,0.898616,0.924381,0.951898,0.731823,0.756361,0.732246,0.653288,0.977094,1
0.863515,0.765756,0.698115,0.950784,0.967934,0.863648,0.876183,0.86387,0.788798,0.984236,1
0.534409,0.971886,0.94884,0.950784,0.96793,0.528134,0.570479,0.527861,0.818114,0.955446,1
-0.293131,0.99063,0.895906,0.768864,0.863705,-0.311933,-0.199934,-0.309507,-0.64309,0.895724,1
0.900799,0.990625,0.959029,0.936797,0.963921,0.899189,0.90857,0.899534,0.633503,0.979954,1
0.815196,0.99063,0.967378,0.904532,0.931855,0.811948,0.829567,0.812668,0.704583,0.981119,1
0.859532,1,0.990633,0.965763,0.975951,0.857422,0.870418,0.857587,0.874595,0.994404,1
0.959102,0.999995,0.993706,0.96799,0.975947,0.958371,0.96227,0.95857,0.907166,0.996615,1
0.853665,0.99063,0.967378,0.866246,0.899784,0.850515,0.86505,0.851563,0.681254,0.971509,1
0.832555,0.99531,0.968888,0.896622,0.927842,0.829444,0.845537,0.830048,0.648544,0.963654,1
0.396724,0.934412,0.860538,0.824012,0.887758,0.387764,0.443497,0.389066,0.177181,0.94001,1
0.503717,0.934411,0.864923,0.817551,0.87974,0.496044,0.542454,0.497288,0.248991,0.933375,1
0.417287,0.967201,0.90335,0.844941,0.903789,0.408447,0.462148,0.409319,0.232135,0.931817,1
0.813462,0.915672,0.869945,0.866836,0.903793,0.810579,0.828701,0.810718,0.67055,0.895324,1
0.65836,0.976576,0.923982,0.919173,0.959916,0.653534,0.684926,0.653885,0.402302,0.967327,1
0.712073,0.9672,0.934448,0.920595,0.947886,0.707893,0.734637,0.707945,0.696213,0.944416,1
0.517017,0.962521,0.927307,0.933977,0.959916,0.510497,0.554501,0.510283,0.700833,0.943409,1
0.500988,0.985945,0.940363,0.922646,0.959916,0.493968,0.539387,0.494158,0.47173,0.961077,1
-0.015086,0.98594,0.949268,0.895441,0.931851,-0.02898,0.060577,-0.028152,0.552446,0.967448,1
0.812066,0.967206,0.937288,0.927438,0.951899,0.809307,0.826926,0.80951,0.719274,0.960872,1
0.778077,0.98126,0.951664,0.901416,0.931855,0.774412,0.7954,0.774778,0.654974,0.949224,1
0.668501,0.98126,0.94351,0.957947,0.983969,0.664132,0.694273,0.663922,0.621278,0.962626,1
0.696421,0.985945,0.958806,0.897653,0.927845,0.691518,0.719962,0.692296,0.668242,0.979088,1
0.911399,0.943776,0.907199,0.916822,0.943877,0.910134,0.918798,0.910093,0.732773,0.926208,1
0.893971,0.98126,0.955915,0.947639,0.967934,0.892417,0.902366,0.892592,0.744724,0.976314,1
0.778657,0.990625,0.952424,0.927202,0.959913,0.775306,0.795862,0.775619,0.552446,0.970407,1
0.765628,0.985945,0.971986,0.940778,0.955907,0.76209,0.783875,0.762519,0.837704,0.993312,1
0.945973,0.98594,0.971986,0.979,0.987974,0.945364,0.950306,0.945231,0.88229,0.978938,1
0.72776,0.99531,0.9804,0.967274,0.979956,0.723962,0.748847,0.723901,0.84003,0.981564,1
0.833997,0.99531,0.9804,0.938585,0.955903,0.831301,0.846885,0.831684,0.804844,0.98636,1
0.963775,0.985941,0.976607,0.944138,0.955904,0.962982,0.966699,0.963341,0.894696,0.987045,1
0.910948,0.995311,0.9804,0.967274,0.979957,0.909651,0.9179,0.909778,0.830417,0.991155,1
0.817649,0.99531,0.986459,0.962098,0.971938,0.814956,0.83181,0.815106,0.886552,0.990717,1
0.910467,0.995311,0.983405,0.97422,0.983966,0.909219,0.91746,0.90929,0.867515,0.993312,1
0.937406,0.995315,0.988005,0.953677,0.963925,0.936258,0.942296,0.936557,0.89872,0.991829,1
0.972527,0.99531,0.988005,0.977534,0.983965,0.972138,0.974701,0.972234,0.916137,0.996615,1
0.919606,0.995315,0.991134,0.96072,0.967934,0.918265,0.925881,0.918504,0.935554,0.994081,1
0.853281,0.999995,0.98761,0.958792,0.971938,0.851028,0.864646,0.851247,0.837631,0.992229,1
0.879731,0.999995,0.995261,0.959579,0.96793,0.877788,0.889055,0.877958,0.923466,0.988168,1
