Class Name,HasT,#Bugs,#BugsBinary,#Blocker,#Critical,#Major,#Normal,#Minor,#Trivial,WMC,CBO,RFC,Ca,Ce,LOC,Qi,FANIN,"d(LOC,FANIN)","d(Qi,FANIN)","d(WMC,FANIN)","d( WMC,CBO)","d(Qi,CBO)","d(LOC, CBO)","d(LOC, Ce)","d(LOC, Ca)","d(WMC, Ce)","d(WMC, Ca)",Risk1,TLOC,"d(RFC,d(LOC, Ca))","d(RFC, Ca)","d(LOC,d(RFC, Ca))","d(LOC, RFC, Ca)","d(d(LOC,Ce),d(RFC, Ca))","d(LOC, WMC)","d(d(LOC,WMC),d(RFC, Ca))","D(d(LOC,RFC), d(LOC,Ca), d(RFC, Ca))","d(LOC, RFC)"
org.apache.tools.ant.taskdefs.Manifest,1,5,1,2,0,0,3,0,0,17,7,71,2,5,569,0.583372242,3,3686.741244,294.0002952,303.1699194,200.1799191,186.0004666,3679.703928,3675.122447,3679.908287,79.84985911,203.9019372,21,171,585.8134214,237.2003373,3675.325241,3682.64701,571.1026927,3675.744959,571.3265602,4505982.036,13505767
org.apache.tools.ant.taskdefs.Jar,1,6,1,1,1,1,3,0,0,21,15,83,2,13,799,0.319521039,4,3457.43749,293.0007902,301.2457469,191.2694435,178.0013007,3449.595484,3445.070246,3450.235499,73.37574531,202.4845673,24,134,808.5348691,230.2172887,3445.453127,3452.683739,801.0093751,3445.711102,801.21522,6143594.052,11868155
org.apache.tools.ant.taskdefs.Zip,1,5,1,1,1,1,2,0,0,34,25,138,3,22,1740,0.234041895,7,2520.737194,290.0010115,295.5486424,177.4063133,168.0017461,2509.629455,2504.033746,2511.122657,58.46366393,197.4082065,21,49,1738.746575,203.3371584,2505.367191,2512.242425,1742.061367,2504.648678,1742.293376,11741658.13,6270091
org.apache.tools.ant.Project,1,5,1,1,0,0,2,2,0,91,157,212,148,17,2452,0.103267924,145,1798.434875,152.0026451,152,36,36.01116672,1792.361571,1792.0904,1792.540097,18,44,16,128,2455.711041,44.01136217,1808.277687,1792.540376,2463.959018,1792,2464.892087,14800484.21,3211265
org.apache.tools.ant.taskdefs.SQLExec,1,4,1,1,0,1,1,1,0,18,13,90,1,13,778,0.645021609,5,3478.27831,292.0002158,300.9867107,194.2395428,180.00035,3470.670829,3466.06982,3471.258705,76.24303247,204.4749373,15,132,786.6676068,227.178344,3466.5007,3473.437203,780.2859048,3466.768668,780.4338371,5998470.051,12013279
org.apache.tools.ant.taskdefs.Copy,1,3,1,1,0,1,1,0,0,27,18,87,1,17,919,0.217968946,6,3337.709694,291.0010508,297.9546945,186.3357185,175.0017473,3329.602078,3325.048721,3330.481347,66.48308055,201.4373352,13,71,926.378441,228.8165204,3325.49331,3332.863934,920.86265,3325.615883,921.1421503,6955998.061,11055751
org.apache.tools.ant.taskdefs.Tar,1,2,1,1,0,1,0,0,0,11,17,83,0,17,671,0.855679997,4,3584.993445,293.0000355,303.7252047,193.3287356,176.0000592,3577.332106,3573.04534,3578.154971,82,208,10,74,682.5896273,231.8706536,3573.411425,3580.515745,673.2700416,3573.895494,673.2671009,5245290.043,12766459
org.apache.tools.ant.taskdefs.AntStructure,1,2,1,1,0,0,0,1,0,10,7,61,0,7,758,0.908702087,4,3498.291726,293.0000142,303.9901314,202.8718808,186.0000224,3490.958608,3486.112448,3491.283432,85.70297544,208.3866598,8,11,772.0775867,244.8836458,3486.243584,3494.590677,759.1352663,3486.940923,759.1539674,5859401.049,12152348
org.apache.tools.ant.taskdefs.Rmic,1,2,1,1,0,0,1,0,0,48,25,108,7,20,816,0.017419949,7,3440.244759,290.0016646,293.1705988,173.4156856,168.0028734,3432.114217,3428.032818,3432.988348,45.54119015,189.9315666,9,54,821.9964014,212.7204739,3428.785168,3434.593717,819.3873092,3428.26968,819.9952003,6260460.054,11751289
org.apache.tools.ant.taskdefs.Ant,1,2,1,1,1,0,0,0,0,19,16,117,1,15,849,0.290581408,6,3407.448606,291.0008647,299.7749156,191.0837513,177.0014217,3399.61086,3395.05891,3400.368509,74.72616677,204.1200627,11,347,853.2998337,213.7685664,3395.770314,3401.723387,852.1442654,3395.76339,852.2864739,6485628.056,11526121
org.apache.tools.ant.taskdefs.Mkdir,1,2,1,1,0,0,1,0,0,3,3,14,0,3,82,0.96655368,4,4172.300684,293.0000019,305.9297305,209.389589,190.0000029,4166.3346,4162.123016,4166.426286,93.63759929,211.2060605,9,23,215.1656873,276.5230551,4162.011006,4171.175973,82.56195579,4162.930218,82.60168784,689306.0049,17322443
org.apache.tools.ant.taskdefs.Concat,1,1,1,1,0,0,0,0,0,12,11,64,0,11,581,0.816799704,4,3674.699716,293.0000573,303.4633421,198.4061491,182.0000922,3667.518643,3663.078623,3668.02849,82.56512581,207.6174366,6,51,599.0484833,243.0329196,3663.253102,3671.053527,582.643127,3663.851798,582.7169532,4594031.037,13417718
org.apache.tools.ant.taskdefs.AbstractCvsTask,1,1,1,1,0,0,0,0,0,40,17,99,2,15,855,0.393809386,5,3401.556261,292.0006292,296.4203097,183.2402794,176.0010439,3393.567002,3389.059014,3394.321876,54.7813837,196.7256974,6,29,861.5049831,221.576172,3389.614078,3396.23571,857.4999003,3389.38372,858.020918,6526314.056,11485435
org.apache.tools.ant.taskdefs.BUnzip2,1,1,1,1,0,0,0,0,0,3,5,24,0,5,163,0.972455693,0,4091.793006,297.0000013,309.7628125,207.5764919,188.000002,4085.328016,4081.110266,4085.514044,92.97311439,211.2060605,6,17,249.40789,269.4160352,4081.034081,4089.883372,163.8689904,4081.948677,163.8777373,1356999.01,16654750
org.apache.tools.ant.taskdefs.Checksum,1,1,1,1,0,0,0,0,0,15,11,72,1,10,683,0.847050663,4,3573.033725,293.0000399,302.6962174,197.2308292,182.0000643,3565.647907,3561.087755,3566.118618,80.00624976,205.5650749,6,39,696.5525798,237.4068238,3561.332823,3568.905014,684.7735835,3561.810916,684.8973127,5330887.044,12680862
org.apache.tools.ant.taskdefs.Parallel,1,1,1,1,0,0,0,0,0,3,6,21,1,6,146,0.98866506,3,4108.532585,294.0000002,306.8876016,206.6712365,187.0000003,4102.264375,4098.10261,4102.448659,92.65527508,210.2974084,6,43,241.0856766,270.8228203,4098.028455,4106.939128,146.8220764,4098.944742,146.8271201,1217953.009,16793796
org.apache.tools.ant.taskdefs.LoadProperties,1,1,1,1,0,0,0,0,0,4,8,39,0,8,200,0.967098417,0,4054.891491,297.0000018,309.4802094,204.435809,185.0000029,4048.229366,4044.090133,4048.555298,91.0933587,210.791366,6,16,264.8666592,259.1138746,4044.090002,4052.292684,201.849487,4044.935723,201.8510861,1657639.012,16354110
org.apache.tools.ant.taskdefs.LoadFile,1,1,1,1,0,0,0,0,0,7,7,36,0,7,261,0.892368018,0,3994.057836,297.0000195,308.6502875,204.0882162,186.0000311,3987.340592,3983.098417,3987.624982,88.54377448,209.5709904,6,67,315.0474358,261.1378946,3983.078185,3991.551327,262.2201838,3983.885666,262.2798664,2147283.016,15864466
org.apache.tools.ant.taskdefs.Move,1,1,1,1,0,0,0,0,0,5,11,46,0,11,587,0.868902251,1,3668.959662,296.000029,308.2401661,201.2958022,182.0000472,3661.526048,3657.078752,3662.036728,89.28605714,210.3806075,6,27,609.5376076,254.4661078,3657.136769,3665.842604,587.9009407,3658.011072,587.8159483,4637933.037,13373816
org.apache.tools.ant.taskdefs.BZip2,1,1,1,1,0,0,0,0,0,2,5,14,0,5,66,0.993162879,0,4188.543064,297.0000001,310.0483833,208.0024038,188.0000001,4182.227636,4178.107706,4182.409353,93.92017888,211.6246677,6,24,209.6094315,276.5230551,4178.010963,4187.14091,66.71078558,4178.947834,66.71778763,555866.004,17455883
org.apache.tools.ant.taskdefs.Property,1,4,1,0,1,0,3,0,0,30,12,77,2,10,717,0.057821722,5,3539.066685,292.00152,298.3035367,191.0026178,181.0024522,3531.641262,3527.088601,3532.113956,65.9241989,199.5519982,14,43,728.9363286,233.6578695,3527.38977,3534.731249,718.9544589,3527.527463,719.3617141,5571884.046,12439865
org.apache.tools.ant.DirectoryScanner,1,2,1,0,1,0,1,0,0,34,33,67,27,6,1171,0.191052322,25,3085.014263,272.0012029,277.9082582,169.8499338,160.002045,3077.162492,3073.136834,3077.426522,63.95310782,174.5680383,8,99,1179.892285,220.3202215,3073.703831,3080.887859,1172.837264,3073.528591,1173.291994,8568274.08,9443475
org.apache.tools.ant.taskdefs.War,1,1,1,0,1,0,0,0,0,9,9,34,0,9,166,0.511234948,4,4088.512321,293.0004077,304.2581141,201.4447815,184.0006492,4082.148944,4078.082883,4082.517361,86.02325267,208.7773934,5,16,243.9438817,262.497619,4078.068269,4086.439648,167.7137057,4078.82434,167.8184007,1381486.01,16630263
org.apache.tools.ant.taskdefs.ExecuteWatchdog,1,1,1,0,1,0,0,0,0,8,8,22,5,3,141,0.888399394,5,4113.377323,292.0000213,303.567126,202.7658748,185.0000337,4107.168611,4103.124785,4107.259183,88.95504483,204.5922775,5,97,237.4019246,267.3013281,4103.043039,4111.697825,142.2503763,4103.839422,142.3817822,1176949.009,16834800
org.apache.tools.ant.types.CommandlineJava,1,1,1,0,0,1,0,0,0,27,10,60,1,9,401,0.008988287,13,3853.479596,284.0017291,291.1219676,193.8685121,183.0026833,3847.354676,3843.087951,3847.743495,69.07966416,201.4373352,4,75,428.7367598,244.7243347,3843.222669,3850.784206,403.1685012,3843.53288,403.5686546,3242947.025,14768802
org.apache.tools.ant.taskdefs.Tstamp,1,1,1,0,0,1,0,0,0,4,6,22,1,6,142,0.970704995,5,4112.379846,292.0000015,304.6850833,206.2474242,187.0000023,4106.260221,4102.10251,4106.444326,91.70605214,209.8809186,4,57,237.8867676,270.1147904,4102.031125,4110.883847,142.9219081,4102.922495,142.9489559,1185154.009,16826595
org.apache.tools.ant.AntClassLoader,1,4,1,0,0,0,3,1,0,42,20,115,14,8,1369,0.208178051,22,2888.122227,275.00114,279.3313445,179.8054504,173.0018121,2880.20034,2875.12678,2880.50499,55.94640292,184.6212339,11,35,1371.252335,203.1944881,2876.194951,2882.171577,1371.509222,2875.417535,1372.064654,9746026.096,8265723
org.apache.tools.ant.types.AbstractFileSet,1,2,1,0,0,0,2,0,0,41,52,102,26,26,698,0.017387141,17,3557.037531,280.0017242,284.4292531,149.6028075,141.0034238,3548.802192,3546.011421,3549.883378,50.80354318,173.3666635,6,196,707.1338226,199.6922632,3547.052484,3551.618364,703.4433164,3546.352492,703.9456194,5437522.046,12574227
org.apache.tools.ant.util.FileUtils,1,2,1,0,0,0,2,0,0,29,28,120,25,6,1348,0.489026131,30,2908.282139,267.0004889,274.1039949,176.2640065,165.0007912,2900.69664,2896.145197,2900.811093,68.44705983,178.1375873,6,245,1350.645447,191.1491564,2897.55597,2902.301501,1351.322699,2896.663598,1351.650689,9624840.095,8386909
org.apache.tools.ant.taskdefs.Available,1,2,1,0,0,0,2,0,0,20,14,67,1,13,812,0.002835027,4,3444.484432,293.0016968,301.4796842,192.5668715,179.0027775,3436.664808,3432.070512,3437.310722,74.33034374,203.7694776,6,109,823.9781718,240.4100663,3432.304045,3440.410005,813.341812,3432.734333,813.5249055,6232979.053,11778770
org.apache.tools.ant.taskdefs.ExecuteJava,1,2,1,0,0,0,2,0,0,10,10,47,1,9,329,0.892833719,2,3926.098572,295.0000195,305.9182897,200.124961,183.0000314,3919.274678,3915.086334,3919.656362,85.07055895,207.4656598,6,57,368.1445267,253.0553299,3915.139407,3923.169892,330.6965271,3915.837841,330.7917444,2684358.02,15327391
org.apache.tools.ant.IntrospectionHelper,1,2,1,0,0,0,1,1,0,24,25,78,16,21,1203,0.621822276,4,3055.08265,293.0002441,300.5628054,180.8673547,168.0004256,3045.637043,3041.032226,3046.088804,68.44705983,188.3215336,5,370,1209.718475,221.8129843,3041.679322,3049.078877,1204.812124,3041.73799,1204.953362,8763933.083,9247816
org.apache.tools.ant.util.CollectionUtils,1,2,1,0,0,0,1,1,0,3,3,12,3,0,90,0.889577594,3,4164.390952,294.0000207,306.8876016,209.389589,190.0000321,4158.342939,4154.147446,4158.297368,94.70480452,208.4826132,5,67,220.2104541,275.9021566,4154.012504,4163.152411,90.55625438,4154.932009,90.61849687,755832.0054,17255917
org.apache.tools.ant.types.FilterSet,1,2,1,0,0,0,1,1,0,19,11,61,7,5,503,0.48212159,5,3752.378579,292.0004592,300.7457398,195.7242959,182.0007368,3745.424542,3741.120287,3745.571518,78,198.5170018,5,83,525.1576858,239.434751,3741.29097,3748.654425,505.1674773,3741.692799,505.4409954,4016516.032,13995233
org.apache.tools.ant.taskdefs.XmlProperty,1,1,1,0,0,0,1,0,0,9,4,41,0,4,334,0.523742697,4,3920.962764,293.0003871,304.2581141,206.0218435,189.0006001,3914.565238,3910.122888,3914.711228,87.66413178,208.7773934,3,15,375.2768785,257.7750958,3910.102554,3918.487974,335.2038119,3910.859752,335.3137573,2723477.021,15288272
org.apache.tools.ant.types.XMLCatalog,1,1,1,0,0,0,1,0,0,21,10,82,1,9,719,0.057508337,3,3537.239178,294.0015107,302.218464,195.9311103,183.002427,3529.747016,3525.095885,3530.170817,74.67261881,203.4232042,3,277,729.9315407,231.6074265,3525.421085,3532.6006,721.0939177,3525.694967,721.3413306,5585993.046,12425756
org.apache.tools.ant.types.PatternSet,1,1,1,0,0,0,1,0,0,21,12,62,7,6,630,0.296945367,3,3625.938775,294.0008406,302.218464,194.0644223,181.0013654,3618.529674,3614.116351,3618.73196,75.76938696,197.8004044,3,152,647.3755777,238.8011725,3614.309429,3621.881003,631.7845361,3614.677856,632.0694341,4950602.04,13061147
org.apache.tools.ant.util.JavaEnvUtils,1,1,1,0,0,0,1,0,0,11,15,26,14,2,361,0.893396363,21,3892.796553,276.0000206,287.3604009,195.1512234,178.0000319,3887.077694,3883.140224,3887.077694,86.53900855,195.1512234,3,89,406.7125636,258.172423,3883.10039,3891.573204,362.0663267,3883.824018,362.2292504,2933873.022,15077876
org.apache.tools.ant.taskdefs.Basename,1,1,1,0,0,0,1,0,0,5,5,13,0,5,71,0.918149939,3,4183.343758,294.0000114,306.320094,206.7365473,188.0000178,4177.232696,4173.107835,4177.414631,91.08238029,210.3806075,3,47,212.1739424,277.2435752,4173.009386,4182.199541,71.56984676,4173.886079,71.63827736,597620.0043,17414129
org.apache.tools.ant.types.Mapper,1,1,1,0,0,0,1,0,0,11,14,40,5,9,286,0.049913203,8,3968.536884,289.0015617,299.8683044,196.0637651,179.0025214,3962.045558,3958.085396,3962.415046,84.11896338,203.3937069,3,117,334.1124882,254.7508587,3958.124103,3966.189859,287.7550316,3958.808407,287.8784858,2345812.018,15665937
org.apache.tools.ant.taskdefs.Java,1,1,1,0,0,0,1,0,0,31,20,103,0,20,673,0.013904354,25,3581.344021,272.0017875,278.5390457,183.109257,173.0028103,3575.188107,3571.031504,3576.157854,61.84658438,201.1566554,3,97,681.0353206,221.2781056,3571.588183,3577.849214,676.2103547,3571.504025,676.5833128,5259598.043,12752151
org.apache.tools.ant.types.EnumeratedAttribute,1,0,0,0,0,0,0,0,0,8,46,14,45,1,87,0.966365194,45,4164.631196,252.0000022,265.3167918,168.8135066,147.0000038,4159.598298,4157.13904,4159.598298,89.69392399,168.8135066,0,51,217.853827,247.406548,4157.180024,4164.355773,95.20441103,4157.82852,95.34854676,730901.0064,17280848
org.apache.tools.zip.ZipShort,1,0,0,0,0,0,0,0,0,7,6,8,6,0,89,0.948159828,4,4165.317995,293.0000046,304.8032152,205,187.0000072,4159.205934,4155.14741,4159.161093,91,204.0882162,0,32,223.5218105,276.8049855,4155.010384,4164.210129,89.46446911,4155.849011,89.60928645,747519.0054,17264230
org.apache.tools.ant.taskdefs.Delete,1,0,0,0,0,0,0,0,0,21,11,56,0,11,715,0.497562166,7,3540.895508,290.0004352,298.3286778,194.9974359,182.0006935,3533.689998,3529.081609,3534.21915,74,204.3624232,0,20,731.0884959,248.0181445,3529.205406,3537.704623,716.0597509,3529.694179,716.2940519,5557751.046,12453998
org.apache.tools.ant.util.regexp.Regexp,1,0,0,0,0,0,0,0,0,1,5,1,3,2,3,1,1,4251.31709,296,309.3800252,208.4322432,188,4245.164897,4241.128388,4245.2093,95.85927185,209.3346603,0,32,212.0218185,284.0158446,4241.000509,4250.4995,3.649631,4241.954856,3.666693945,25456.00027,17986293
org.apache.tools.ant.util.facade.FacadeTaskHelper,1,0,0,0,0,0,0,0,0,8,3,18,2,1,108,0.919590963,3,4146.43606,294.000011,305.4914074,207.3378885,190.000017,4140.36182,4136.139746,4140.36182,89.69392399,207.3378885,0,31,222.8565929,272.2590678,4136.02314,4144.951266,108.8712231,4136.832726,109.0241987,905058.0065,17106691
org.apache.tools.ant.types.Path,1,0,0,0,0,0,0,0,0,28,44,96,32,13,1047,0.006091114,79,3204.423973,218.0022657,226.920691,161.7714437,149.0033149,3200.470278,3197.075695,3201.00125,66.73080248,171.9563898,0,443,1053.765108,198.2145302,3198.207603,3203.138773,1050.734039,3197.620678,1051.035201,7790823.071,10220926
org.apache.tools.ant.types.selectors.FilenameSelector,1,0,0,0,0,0,0,0,0,8,9,23,4,5,198,0.780515958,7,4056.379667,290.0000831,301.6438297,201.8539076,184.0001309,4050.181724,4046.111219,4050.365416,88.25531145,205.5066909,0,65,274.3331523,267.2901046,4046.043697,4054.819355,198.9079287,4046.851245,199.0146269,1641443.012,16370306
org.apache.tools.ant.filters.LineContains,1,0,0,0,0,0,0,0,0,8,6,26,1,5,167,0.903853958,1,4087.731033,296.0000156,307.4166554,204.5922775,187.0000247,4081.286317,4077.110374,4081.471548,88.25531145,208.2546518,0,17,250.5680817,267.3013281,4077.043313,4085.753174,168.0719066,4077.844774,168.1840033,1389633.01,16622116
org.apache.tools.ant.util.PackageNameMapper,1,0,0,0,0,0,0,0,0,2,1,6,0,1,20,0.992424242,1,4234.358511,296.0000001,309.0906016,211.6246677,192.0000001,4228.361385,4224.136835,4228.361385,95.27329112,211.6246677,0,15,207.9533462,282.3349075,4224.001673,4233.425209,20.34188435,4224.937514,20.38760896,169366.0012,17842383
org.apache.tools.ant.util.regexp.RegexpMatcher,1,0,0,0,0,0,0,0,0,6,7,6,6,1,10,1,4,4244.125941,293,305.0803173,204.5018337,186,4238.083529,4234.136512,4238.083529,91.54780172,204.5018337,0,135,207.2495504,278.2894177,4234.007194,4243.135751,12.67885494,4234.853126,12.78202081,84786.00097,17926963
org.apache.tools.zip.AsiExtraField,1,0,0,0,0,0,0,0,0,20,4,42,0,4,376,0.600817058,1,3879.309217,296.0002692,304.3961235,201.8960128,189.0004216,3872.61475,3868.124222,3872.762322,77.47257579,204.7071078,0,95,412.592654,257.1089263,3868.108602,3876.535696,377.1196376,3868.651574,377.4385445,3050154.023,14961595
org.apache.tools.ant.taskdefs.Sleep,1,0,0,0,0,0,0,0,0,10,2,20,0,2,130,0.912957371,4,4124.420565,293.0000129,303.9901314,207.4656598,191.0000198,4118.431376,4114.132351,4118.477874,87.46427842,208.3866598,0,66,232.5726706,272.2370291,4114.023338,4122.997575,130.732446,4114.797322,130.9136534,1086560.008,16925189
org.apache.tools.ant.taskdefs.Typedef,1,0,0,0,0,0,0,0,0,2,4,4,0,4,11,0.960957782,0,4243.406415,297.0000026,310.0483833,208.9066777,189.000004,4237.217247,4233.113511,4237.352121,94.24436323,211.6246677,0,35,209.2839796,283.8045102,4233.000619,4242.50327,11.25029106,4233.935521,11.2749584,93251.00067,17918498
org.apache.tools.ant.types.DirSet,1,0,0,0,0,0,0,0,0,3,7,8,3,4,27,0.23043239,1,4227.375663,296.0010004,308.804145,205.7668584,186.001592,4221.099975,4217.113942,4221.233232,93.30058949,208.4826132,0,32,206.7727163,278.8296971,4217.006257,4226.208111,27.97411533,4217.918088,28.01569768,228455.0017,17783294
org.apache.tools.ant.types.selectors.DependSelector,1,0,0,0,0,0,0,0,0,7,13,25,4,9,201,0.372621625,2,4053.748142,295.0006671,306.7262623,198.6353443,180.0010933,4047.004942,4043.0836,4047.368651,87.93179175,205.9126028,0,112,275.1321347,265.8721497,4043.050573,4051.732592,202.0591719,4043.872525,202.1171583,1665712.012,16346037
org.apache.tools.ant.util.DOMElementWriter,1,0,0,0,0,0,0,0,0,8,1,40,1,0,464,0.626927072,5,3791.261531,292.0002383,303.567126,209.1721779,192.0003625,3784.873049,3780.162034,3784.822453,90.0777442,208.2546518,0,62,494.6665112,257.7013776,3780.106634,3788.774208,464.8342249,3780.911134,464.9321454,3723176.029,14288573
org.apache.tools.ant.util.GlobPatternMapper,1,0,0,0,0,0,0,0,0,5,3,15,2,1,137,0.955286348,2,4117.581086,295.0000034,307.2800026,208.5569467,190.0000053,4111.392586,4107.140733,4111.392586,92.47702417,208.5569467,0,59,240.6952583,274.415743,4107.016605,4116.157553,137.4844844,4107.900315,137.5717893,1144102.008,16867647
org.apache.tools.ant.taskdefs.Javac,1,0,0,0,0,0,0,0,0,72,27,116,11,18,900,3.01801E-05,7,3356.551206,290.001724,290.6217473,167.0838113,166.0030118,3348.11768,3344.043211,3348.894892,25.49509757,181.9945054,0,134,904.5718822,205.353354,3344.974606,3350.29939,903.6992176,3344.053977,904.5323138,6829316.06,11182433
org.apache.tools.ant.types.FileSet,1,0,0,0,0,0,0,0,0,3,30,8,26,4,27,0.23043239,8,4226.891293,289.0010246,302.1009765,185.2376852,163.0018167,4220.14905,4217.113942,4220.265987,93.30058949,187.8829423,0,8,206.9013226,263.7821071,4217.059027,4225.242005,35.0373135,4217.918088,35.07052216,228455.0028,17783294
org.apache.tools.ant.taskdefs.Copydir,1,0,0,0,0,0,0,0,0,8,7,37,0,7,277,0.95539769,3,3977.87946,294.0000034,305.4914074,203.6786685,186.0000053,3971.35808,3967.098814,3971.643614,87.59566199,209.1721779,0,33,327.8530301,260.4611295,3967.082815,3975.541347,278.2128653,3967.868193,278.2903586,2274484.017,15737265
org.apache.tools.ant.types.selectors.PresentSelector,1,0,0,0,0,0,0,0,0,7,13,25,4,9,199,0.378378469,2,4055.742842,295.0006549,306.7262623,198.6353443,180.0010734,4049.002964,4045.083559,4049.366494,87.93179175,205.9126028,0,97,273.6768545,265.8721497,4045.050548,4053.728284,200.0693545,4045.872094,200.1277231,1649536.012,16362213
org.apache.tools.ant.taskdefs.condition.Equals,1,0,0,0,0,0,0,0,0,6,3,11,1,2,74,0.966365194,0,4180.56324,297.0000019,308.9239389,208.146583,190.000003,4174.326293,4170.130573,4174.371929,91.1811384,209.0598001,0,23,215.0862791,278.0017986,4170.007853,4179.256513,74.43892192,4170.866217,74.54982188,622647.0044,17389102
org.apache.tools.ant.TaskContainer,1,0,0,0,0,0,0,0,0,1,9,1,8,1,1,1,1,4253.312239,296,309.3800252,204.8316382,184,4246.987756,4243.136222,4246.987756,96.20810777,204.8316382,0,15,212.0037632,280.713377,4243.003412,4252.275744,5.471701174,4243.954406,5.477037126,8488.0018,18003261
org.apache.tools.ant.taskdefs.Untar,1,0,0,0,0,0,0,0,0,3,8,22,0,8,104,0.985638918,1,4150.568154,296.0000003,308.804145,204.8633691,185.0000006,4144.131393,4140.088043,4144.449783,92.04890005,211.2060605,0,51,217.3837139,270.8228203,4140.028167,4148.848635,105.1551014,4140.93516,105.1551867,871958.0063,17139791
org.apache.tools.ant.types.selectors.SizeSelector,1,0,0,0,0,0,0,0,0,8,10,28,4,6,365,0.793954727,7,3889.825317,290.0000732,301.6438297,200.9427779,183.000116,3883.314306,3879.108403,3883.553141,87.92041856,205.5066909,0,141,408.9370126,263.75936,3879.064301,3887.957047,365.7025795,3879.887885,365.7701745,2964923.023,15046826
org.apache.tools.ant.taskdefs.FixCRLF,1,0,0,0,0,0,0,0,0,18,12,82,1,12,1238,0.104288088,5,3020.149003,292.0013738,300.9867107,195.1665955,181.0022163,3011.444338,3006.087989,3012.061918,76.53757247,204.4749373,0,115,1243.110728,231.6074265,3006.493777,3014.909286,1239.238731,3006.886263,1239.287613,8975582.085,9036167
org.apache.tools.ant.types.selectors.ContainsSelector,1,0,0,0,0,0,0,0,0,7,9,28,4,5,215,0.817801013,7,4039.42335,290.0000572,301.9205193,202.2671501,184.0000902,4033.19935,4029.111689,4033.383815,89.19641248,205.9126028,0,58,283.5363802,263.75936,4029.061907,4037.624301,216.1735306,4029.875556,216.2564208,1778723.013,16233026
org.apache.tools.ant.taskdefs.Input,1,0,0,0,0,0,0,0,0,6,8,19,0,8,88,0.84709419,3,4166.385964,294.0000398,306.0408469,203.5927307,185.0000632,4160.115503,4156.087704,4160.43267,89.18520057,209.9738079,0,43,212.9508102,272.9468813,4156.020796,4164.953301,89.01686943,4156.869134,89.08192155,739219.0053,17272530
org.apache.tools.ant.util.JAXPUtils,1,0,0,0,0,0,0,0,0,8,2,21,1,1,89,0.96148752,4,4165.317995,293.0000025,304.5291447,208.2546518,191.0000039,4159.387695,4155.139107,4159.387695,89.69392399,208.2546518,0,16,211.5671884,270.8228203,4155.028065,4163.816759,90.29006987,4155.828919,90.44519845,747532.0054,17264217
org.apache.tools.zip.ZipEntry,1,0,0,0,0,0,0,0,0,23,5,68,2,3,462,0.564084289,3,3793.410075,294.0003232,301.7614952,199.919984,188.0005054,3786.669777,3782.135376,3786.7696,75.15317691,201.801883,0,48,483.7251516,239.0083681,3782.2931,3789.544696,464.3862107,3782.611267,464.7556106,3708080.029,14303669
org.apache.tools.ant.taskdefs.Echo,1,0,0,0,0,0,0,0,0,7,7,21,0,7,144,0.892809301,3,4110.52746,294.0000195,305.7646153,204.0882162,186.0000309,4104.216856,4100.095609,4104.493148,88.54377448,209.5709904,0,23,239.8547501,271.529004,4100.025872,4108.981382,144.7672813,4100.860398,144.8492782,1201557.009,16810192
org.apache.tools.ant.taskdefs.Replace,1,0,0,0,0,0,0,0,0,22,9,92,2,9,837,0.827746326,4,3419.575705,293.0000506,301.0149498,196.5120861,184.0000806,3411.964976,3407.099206,3412.293803,73.73601562,202.1410399,0,32,844.6687663,225.2576303,3407.54312,3414.43846,839.2370405,3407.698637,839.4841617,6403979.055,11607770
org.apache.tools.ant.taskdefs.CVSPass,1,0,0,0,0,0,0,0,0,6,3,30,0,3,1262,0.862854201,1,2996.654802,296.0000318,307.9626601,208.146583,190.0000495,2988.046854,2982.171692,2988.174694,90.82400564,209.9738079,0,75,1273.295383,265.2413995,2982.072911,2993.773037,1262.128884,2983.211189,1261.936617,9119242.087,8892507
org.apache.tools.ant.util.DateUtils,1,0,0,0,0,0,0,0,0,7,1,20,1,0,197,0.919102972,7,4057.377108,290.0000113,301.9205193,209.5709904,192.000017,4051.551925,4047.151344,4051.504659,91,208.655218,0,53,275.6049653,271.5326868,4047.026197,4056.098988,197.5144633,4047.871663,197.6410028,1633347.012,16378402
org.apache.tools.ant.types.selectors.DepthSelector,1,0,0,0,0,0,0,0,0,7,8,26,4,4,261,0.820359657,7,3993.543414,290.0000556,301.9205193,203.1772625,185.0000872,3987.29407,3983.120636,3987.434388,89.53770156,205.9126028,0,101,320.9272047,265.1659858,3983.054983,3991.81688,261.8453688,3983.885666,261.9272796,2147273.016,15864476
org.apache.tools.ant.types.FileList,1,0,0,0,0,0,0,0,0,8,9,31,4,5,181,0.408463985,1,4073.767912,296.0005911,307.4166554,201.8539076,184.0009509,4067.164246,4063.110754,4067.34717,88.25531145,205.5066909,0,99,256.6128835,261.6639066,4063.073449,4071.417075,182.6586962,4063.847684,182.7679796,1503598.011,16508151
org.apache.tools.ant.util.StringUtils,1,0,0,0,0,0,0,0,0,6,14,24,14,0,116,0.947994085,7,4138.173993,290.0000047,302.2002647,198.1565038,179.0000076,4131.879112,4128.148374,4131.835912,91.92388155,197.2536438,0,29,221.9762544,259.6247292,4128.084864,4136.156307,118.9621174,4128.875028,119.079648,971176.0073,17040573
org.apache.tools.ant.taskdefs.condition.Contains,1,0,0,0,0,0,0,0,0,5,3,9,1,2,64,0.973742028,0,4190.538032,297.0000012,309.2005821,208.5569467,190.0000018,4184.315954,4180.130261,4184.361481,92.11405973,209.4683747,0,13,213.7705833,279.4584048,4180.005267,4189.331331,64.34116003,4180.884595,64.4335349,539145.0038,17472604
org.apache.tools.ant.types.Description,1,0,0,0,0,0,0,0,0,2,3,8,0,3,28,0.984905877,0,4226.448272,297.0000004,310.0483833,209.8118204,190.0000006,4220.279138,4216.12144,4220.369652,94.57801013,211.6246677,0,25,206.8873266,280.8718569,4216.003235,4225.345548,28.48962725,4216.939293,28.51848155,236888.0017,17774861
org.apache.tools.ant.taskdefs.Deltree,1,0,0,0,0,0,0,0,0,4,3,17,0,3,152,0.935319349,4,4102.476447,293.0000071,305.6435833,208.9712899,190.000011,4096.408671,4092.12512,4096.501922,92.6984358,210.791366,0,14,247.8785239,274.3720102,4092.016791,4101.188121,152.4545174,4092.924749,152.5019517,1267089.009,16744660
org.apache.tools.ant.taskdefs.Taskdef,1,0,0,0,0,0,0,0,0,2,4,4,0,4,11,0.883743323,0,4243.406415,297.0000228,310.0483833,208.9066777,189.0000358,4237.217247,4233.113511,4237.352121,94.24436323,211.6246677,0,45,209.2839796,283.8045102,4233.000619,4242.50327,11.25029106,4233.935521,11.2749584,93251.00067,17918498
org.apache.tools.zip.ZipLong,1,0,0,0,0,0,0,0,0,7,2,8,2,0,147,0.948159828,3,4107.535149,294.0000046,305.7646153,208.655218,191.000007,4101.449744,4097.149497,4101.403296,91,207.7402224,0,34,252.1690479,279.5084972,4097.005293,4106.523347,147.1262778,4097.861027,147.2618151,1226135.009,16785614
org.apache.tools.ant.types.selectors.BaseSelector,1,0,0,0,0,0,0,0,0,6,15,8,12,3,39,0.916355335,12,4214.647079,285.0000123,297.4054472,197.2536438,178.0000197,4208.765734,4205.121758,4208.850793,90.82400564,199.0602924,0,107,208.7519368,272.8094573,4205.020986,4213.840291,41.20678955,4205.859009,41.31088693,329519.0026,17682230
org.apache.tools.ant.taskdefs.GZip,1,0,0,0,0,0,0,0,0,2,4,12,0,4,55,0.993162879,0,4199.515448,297.0000001,310.0483833,208.9066777,189.0000001,4193.261499,4189.114704,4193.397787,94.24436323,211.6246677,0,38,208.3503486,277.9658252,4189.007887,4198.212239,55.61087128,4189.945346,55.62725505,463827.0033,17547922
org.apache.tools.ant.taskdefs.GUnzip,1,0,0,0,0,0,0,0,0,3,4,20,0,4,124,0.972455693,0,4130.691104,297.0000013,309.7628125,208.4826132,189.000002,4124.332795,4120.116625,4124.47136,93.30058949,211.2060605,0,29,229.2823215,272.2370291,4120.023304,4128.9845,124.7834978,4120.939699,124.8074781,1037156.007,16974593
org.apache.tools.ant.taskdefs.Copyfile,1,0,0,0,0,0,0,0,0,6,5,22,0,5,137,0.908098962,3,4117.509563,294.0000144,306.0408469,206.322563,188.0000225,4111.300646,4107.109568,4111.485498,90.13878189,209.9738079,0,35,234.9165481,270.8228203,4107.028393,4115.919581,137.8671571,4107.879502,137.9439515,1144109.008,16867640
org.apache.tools.ant.types.selectors.DateSelector,1,0,0,0,0,0,0,0,0,11,11,38,4,7,391,0.796204566,7,3863.898161,290.0000716,300.8321791,198.8064385,182.0001141,3857.296074,3853.101738,3857.583829,84.7584804,204.3134846,0,171,428.0721748,256.8443108,3853.111025,3861.551243,392.1190345,3853.830432,392.2372135,3165965.024,14845784
org.apache.tools.ant.taskdefs.Dirname,1,0,0,0,0,0,0,0,0,4,5,9,0,5,48,0.954733503,3,4206.287199,294.0000035,306.6023483,207.1545317,188.0000054,4200.209519,4196.107244,4200.390458,92.0271699,210.791366,0,34,209.5390779,280.1428207,4196.004221,4205.341365,48.38845656,4196.901833,48.44067132,405129.0029,17606620
org.apache.tools.ant.taskdefs.Rename,1,0,0,0,0,0,0,0,0,5,4,17,0,4,99,0.932106487,3,4155.413457,294.0000078,306.320094,207.6463339,189.0000122,4149.306689,4145.115921,4149.444421,91.41662868,210.3806075,0,20,219.496531,274.3720102,4145.016576,4154.070895,99.70388519,4145.892063,99.7744543,830528.006,17181221
org.apache.tools.ant.util.facade.ImplementationSpecificArgument,1,0,0,0,0,0,0,0,0,3,6,6,5,1,25,0.981175173,2,4229.300888,295.0000006,307.8457406,206.6712365,187.0000009,4223.142195,4219.136997,4223.142195,94.33981132,206.6712365,0,29,208.5172625,278.9587783,4219.006034,4228.21227,25.99003691,4219.917653,26.05403357,211581.0016,17800168
org.apache.tools.ant.types.Commandline,1,0,0,0,0,0,0,0,0,28,31,57,29,4,602,0.477310449,63,3649.509556,234.0005838,242.3324163,173.8188712,162.0008432,3645.601185,3642.131931,3645.645759,70.21395873,174.7512518,0,91,622.4700774,225.6213642,3642.502023,3648.981913,605.0261249,3642.544852,605.4582338,4747429.039,13264320
org.apache.tools.zip.ExtraFieldUtils,1,0,0,0,0,0,0,0,0,8,4,39,1,3,377,0.877327161,1,3878.312133,296.0000254,307.4166554,206.4218981,189.0000398,3871.615942,3867.1324,3871.714091,88.95504483,208.2546518,0,71,414.796329,258.3737603,3867.099357,3875.622015,378.0136763,3867.89064,378.102401,3057886.023,14953863
org.apache.tools.ant.taskdefs.Filter,1,0,0,0,0,0,0,0,0,6,6,16,0,6,95,0.892567169,4,4159.332879,293.0000197,305.0803173,205.4117816,187.0000309,4153.21201,4149.101348,4153.44014,89.81091248,209.9738079,0,70,218.6277352,275.0872589,4149.014601,4158.109426,95.66231154,4149.8706,95.739746,797351.0057,17214398
org.apache.tools.ant.types.FlexInteger,1,0,0,0,0,0,0,0,0,3,0,7,0,0,19,0.977444469,0,4235.426071,297.0000009,309.7628125,212.1155346,193.0000013,4229.405868,4225.144968,4229.360354,94.70480452,211.2060605,0,34,206.8643373,281.6025568,4225.002388,4234.374216,19.50752014,4225.91635,19.58131179,160918.0012,17850831
org.apache.tools.ant.taskdefs.DependSet,1,0,0,0,0,0,0,0,0,6,10,33,0,10,511,0.923539654,3,3744.559387,294.0000099,306.0408469,201.7771047,183.000016,3737.482843,3733.083712,3737.934323,88.60022573,209.9738079,0,30,541.1312633,263.1805464,3733.070324,3742.265758,511.5580241,3733.967595,511.5213816,4076280.032,13935469
org.apache.tools.ant.Main,0,4,1,1,0,0,2,1,0,19,12,103,1,12,1720,0.901345272,2,2541.181025,295.0000165,303.6593486,194.7947638,181.0000269,2530.481575,2524.104792,2531.216506,75.58438992,204.1200627,14,,1720.554337,220.4109798,2524.854513,2533.605534,1721.277191,2525.026733,1721.202508,11641063.13,6370686
org.apache.tools.ant.taskdefs.Execute,0,3,1,1,1,0,1,0,0,24,31,85,12,20,708,0.624032564,30,3546.06613,267.0002647,275.2780413,175.3082999,162.0004363,3539.709028,3536.031815,3540.578484,68.65857558,192.0650931,14,,719.1552663,220.8710031,3536.601489,3542.891474,711.0940283,3536.6347,711.3373181,5508325.046,12503424
org.apache.tools.ant.ProjectHelper,0,3,1,1,0,0,1,1,0,13,15,66,10,7,476,0.376337757,8,3779.066684,289.0006729,299.3409427,194.3399084,178.0010926,3772.202009,3768.104033,3772.392875,82.87339742,198.0101008,11,,498.0460751,233.9508495,3768.360777,3775.255885,478.8716415,3768.807238,479.0147834,3813778.03,14197971
org.apache.tools.ant.taskdefs.Pack,0,2,1,1,0,0,0,1,0,8,5,21,2,3,145,0.916374637,6,4109.316488,291.000012,302.6053536,205.5066909,188.0000186,4103.309031,4099.124907,4103.40115,88.95504483,207.3378885,8,,240.5108312,270.1184925,4099.031133,4107.890578,145.880816,4099.840241,146.0118931,1209756.009,16801993
org.apache.tools.ant.taskdefs.ExecTask,0,2,1,1,0,0,1,0,0,27,19,80,4,15,607,0.401066274,11,3648.227652,286.0006271,293.0733697,185.3968716,174.0010308,3641.159843,3637.05499,3641.855708,67.05221846,198.5950654,9,,620.8092863,230.2889489,3637.428109,3644.283469,609.632879,3637.563058,609.9705917,4783847.039,13227902
org.apache.tools.ant.taskdefs.Recorder,0,2,1,1,0,0,1,0,0,9,9,34,0,9,214,0.865965148,4,4040.637202,293.0000307,304.2581141,201.4447815,184.0000488,4034.198309,4030.08387,4034.571105,86.02325267,208.7773934,9,,278.7473219,262.497619,4030.069082,4038.539959,215.341181,4030.834157,215.4375145,1770670.013,16241079
org.apache.tools.ant.taskdefs.RecorderEntry,0,2,1,1,0,0,1,0,0,16,6,36,1,5,363,0.647423596,2,3892.195524,295.0002107,304.3846251,201.4795275,187.0003324,3885.502541,3881.115948,3885.697106,80.77747211,205.1974659,9,,403.4529444,260.403533,3881.085031,3889.72634,363.9203013,3881.724617,364.1582413,2949411.022,15062338
org.apache.tools.ant.DefaultLogger,0,2,1,1,0,1,0,0,0,16,13,38,6,7,334,0.845336308,6,3920.813819,291.0000411,300.5095672,195,180.0000664,3914.14103,3910.100254,3914.421541,80.05623024,200.551739,10,,376.9178476,255.3840246,3910.120603,3918.331405,335.4368191,3910.719243,335.6640762,2723474.021,15288275
org.apache.tools.ant.taskdefs.email.EmailAddress,0,1,1,1,0,0,0,0,0,7,3,11,3,0,53,0.940921967,3,4201.299442,294.0000059,305.7646153,207.7402224,190.0000092,4195.304637,4191.146144,4195.259468,91,206.8260138,6,,208.8350917,276.6315239,4191.010683,4200.11976,53.82057561,4191.841719,53.96984842,447066.0032,17564683
org.apache.tools.ant.taskdefs.Patch,0,1,1,1,0,0,0,0,0,10,11,36,0,11,236,0.645488677,3,4018.768468,294.0002137,304.9540949,199.2109435,182.0003453,4012.130108,4008.071856,4012.596167,84.48076704,208.3866598,6,,294.7238865,261.1378946,4008.077697,4016.498102,237.3720078,4008.818404,237.4721051,1947508.014,16064241
org.apache.tools.ant.taskdefs.Cvs,0,1,1,1,0,0,0,0,0,1,2,2,1,1,4,0.992424242,0,4250.389276,297.0000001,310.3369137,211.1421322,191.0000002,4244.299824,4240.136319,4244.299824,96.20810777,211.1421322,6,,211.0369903,284.608503,4240.00026,4249.541387,4.259548175,4240.955081,4.28621422,33938.00026,17977811
org.apache.tools.ant.taskdefs.PathConvert,0,1,1,1,0,0,0,0,0,16,13,48,1,13,480,0.29941714,4,3775.386735,293.0008376,302.4466895,195,180.0013634,3768.301474,3764.064293,3768.842926,78.16009212,205.1974659,6,,507.0079274,252.4004754,3764.150805,3772.453048,481.244977,3764.747136,481.408934,3843888.03,14167861
org.apache.tools.ant.taskdefs.email.PlainMailer,0,1,1,1,0,0,0,0,0,3,6,38,1,5,198,0.989400898,0,4056.886121,297.0000002,309.7628125,206.6712365,187.0000003,4050.319123,4046.111219,4050.505771,92.97311439,210.2974084,6,,264.0608824,259.0482581,4046.090396,4054.2844,199.8555884,4046.956881,199.8571159,1641458.012,16370291
org.apache.tools.ant.taskdefs.email.Message,0,1,1,1,0,0,0,0,0,9,5,20,3,2,141,0.909114063,4,4113.448432,293.0000141,304.2581141,205.1048512,188.000022,4107.304834,4103.132706,4107.350728,88.39117603,206.0218435,6,,238.959972,270.1295985,4103.031059,4111.882659,141.8965514,4103.819319,142.0561236,1176947.009,16834802
org.apache.tools.ant.taskdefs.ManifestException,0,1,1,1,0,0,0,0,0,1,5,2,5,0,5,0.992424242,2,4249.252405,295.0000001,308.4234103,208.4322432,188.0000002,4243.16686,4239.144489,4243.122671,96.56603958,207.5307206,6,,211.0623109,281.9397099,4239.002036,4248.365686,6.488428629,4239.955306,6.516418991,42417.00051,17969332
org.apache.tools.tar.TarEntry,0,1,1,1,0,0,0,0,0,32,6,69,4,2,771,0.151901813,4,3485.337573,293.0012274,298.8812473,196.0867155,187.0019232,3478.030765,3473.156777,3478.084674,67.60177512,197.040605,6,,783.5126472,236.8121618,3473.349642,3481.064349,772.545029,3473.501116,773.0468709,5949876.05,12061873
org.apache.tools.ant.taskdefs.BuildNumber,0,1,1,1,0,0,0,0,0,6,5,34,0,5,237,0.914912445,4,4017.698097,293.0000124,305.0803173,206.322563,188.0000193,4011.407858,4007.112302,4011.597313,90.13878189,209.9738079,6,,296.7253554,262.497619,4007.069479,4015.588873,238.1877189,4007.901446,238.2454931,1955521.014,16056228
org.apache.tools.ant.taskdefs.SendEmail,0,1,1,1,0,0,0,0,0,2,1,5,0,1,10,0.992424242,0,4244.403963,297.0000001,310.0483833,211.6246677,192.0000001,4238.351094,4234.136512,4238.351094,95.27329112,211.6246677,6,,208.2354601,283.0688962,4234.001081,4243.451897,10.439798,4234.935301,10.48614456,84785.00063,17926964
org.apache.tools.ant.taskdefs.ExecuteOn,0,1,1,1,0,0,0,0,0,16,19,56,2,17,757,0.357519448,3,3499.372087,294.000702,303.4155566,189.4755921,174.0011861,3491.338569,3487.046458,3492.172533,77.12976079,204.2669822,6,,772.2069339,246.4731223,3487.225092,3495.69993,758.1179035,3487.806474,758.204972,5852423.049,12159326
org.apache.tools.ant.filters.StripJavaComments,0,1,1,1,0,0,0,0,0,4,3,7,1,2,130,0.867106069,1,4124.634772,296.0000298,308.5206638,208.9712899,190.0000465,4118.38512,4114.132351,4118.431376,93.04837452,209.8809186,6,,243.493568,280.9216973,4114.003252,4123.580119,130.0988191,4114.919805,130.1585216,1086547.008,16925202
org.apache.tools.ant.taskdefs.Unpack,0,1,1,1,0,0,0,0,0,10,7,24,2,5,162,0.895617903,4,4092.502046,293.0000186,303.9901314,202.8718808,186.0000293,4086.235431,4082.110239,4086.41946,86.37708029,206.5453945,6,,248.8180584,267.9944029,4082.040128,4090.787821,163.0259511,4082.803571,163.1788719,1348836.01,16662913
org.apache.tools.ant.taskdefs.compilers.CompilerAdapterFactory,0,1,1,1,0,0,0,0,0,4,13,23,1,12,195,0.951148432,2,4059.732257,295.000004,307.561376,199.922485,180.0000066,4052.999013,4049.065324,4053.502436,89.9888882,209.8809186,6,,272.0789913,269.4086116,4049.034381,4057.952932,195.7753265,4049.934567,195.7533673,1617158.012,16394591
org.apache.tools.ant.taskdefs.email.Mailer,0,1,1,1,0,0,0,0,0,15,6,29,2,4,190,0.891881278,3,4064.646602,294.0000199,303.6642883,201.8539076,187.0000313,4058.310609,4054.118523,4058.44995,82.07923002,204.6362627,6,,264.3490372,264.4919659,4054.057556,4062.61886,191.2338328,4054.71232,191.4856196,1576649.012,16435100
org.apache.tools.ant.taskdefs.email.EmailTask,0,1,1,1,0,0,0,0,0,23,14,73,1,13,668,0.190789609,2,3588.147294,295.0011099,302.7358585,191.4810696,179.0018291,3580.477203,3576.067673,3581.097178,71.47027354,202.7436805,6,,681.6847762,236.8142732,3576.339543,3583.832725,669.8757552,3576.646474,670.1434306,5223833.043,12787916
org.apache.tools.ant.taskdefs.Chmod,0,1,1,1,0,0,0,0,0,17,15,57,0,15,298,0.124329949,25,3955.363447,272.0014096,281.886502,192.7692922,178.0021539,3950.012658,3946.050684,3950.668298,76.65507159,205.7668584,6,,335.9931925,247.3863375,3946.189848,3953.747083,300.5803996,3946.693806,300.7827829,2440677.018,15571072
org.apache.tools.ant.XmlLogger,0,2,1,0,1,0,1,0,0,15,12,69,0,12,614,0.720474784,1,3642.048325,296.000132,305.6010471,196.3084308,181.0002158,3634.509733,3630.072864,3635.07414,79.40403012,206.494552,8,,629.8585409,240,3630.292646,3637.925233,615.7830519,3630.795505,615.9072654,4834705.039,13177044
org.apache.tools.ant.taskdefs.Ear,0,1,1,0,1,0,0,0,0,7,9,32,0,9,150,0.52702483,4,4104.471342,293.0003817,304.8032152,202.2671501,184.0006079,4098.132746,4094.082559,4098.499726,87.93179175,209.5709904,5,,234.9179101,263.865496,4094.060347,4102.494485,151.683378,4094.861658,151.7507475,1250732.009,16761017
org.apache.tools.ant.taskdefs.MatchingTask,0,1,1,0,1,0,0,0,0,36,35,84,11,24,302,0.013634869,32,3950.89724,265.0018357,270.6473721,167.2991333,158.0030788,3945.165142,3942.015348,3946.15319,56.08921465,189.1718795,5,,328.4875142,222.2656069,3942.516723,3948.261136,308.7820392,3942.38367,309.2505935,2472256.019,15539493
org.apache.tools.ant.types.ZipScanner,0,1,1,0,1,0,0,0,0,6,3,11,2,1,68,0.767375545,24,4184.913978,273.0000991,285.926564,208.146583,190.0001424,4180.320083,4176.138408,4180.320083,91.54780172,208.146583,5,,213.1164013,277.3157046,4176.009227,4185.197725,68.55428759,4176.864973,68.6739348,572571.0041,17439178
org.apache.tools.ant.util.SourceFileScanner,0,1,1,0,1,0,0,0,0,3,11,24,7,4,264,0.98302566,8,3990.478793,289.0000005,302.1009765,202.1583538,182.0000008,3984.159133,3980.120727,3984.297303,93.30058949,204.8633691,5,,324.6421404,264.473061,3980.058728,3988.777507,264.8914474,3980.972745,264.8866485,2171160.016,15840589
org.apache.tools.zip.ZipOutputStream,0,1,1,0,1,0,0,0,0,17,7,81,4,3,1178,0.280651499,3,3080.063636,294.00088,303.1699194,200.1799191,186.001391,3071.636697,3066.166988,3071.758454,80.62257748,202.0396001,5,,1183.874383,229.7128642,3066.518364,3074.593306,1179.309849,3066.89289,1179.431012,8611261.081,9400488
org.apache.tools.ant.UnknownElement,0,3,1,0,0,1,1,1,0,13,12,43,3,10,424,0.219937132,27,3829.529997,270.0011268,281.0409223,197.0913494,181.0016809,3824.285685,3820.081805,3824.672666,81.90848552,204.4627105,9,,456.4192694,254.2066089,3820.133091,3828.448903,425.2437624,3820.796252,425.3761458,3419179.026,14592570
org.apache.tools.ant.taskdefs.rmic.DefaultRmicAdapter,0,2,1,0,0,1,1,0,0,16,15,56,4,12,375,0.000105021,5,3880.003222,292.001712,301.4780257,193.1553779,178.0028084,3873.092434,3869.068363,3873.564896,78.44743463,202.4080038,7,,406.2494647,244.9346852,3869.218929,3876.745284,377.3116418,3869.726864,377.4992195,3042431.023,14969318
org.apache.tools.ant.Diagnostics,0,2,1,0,0,1,1,0,0,12,3,47,1,3,466,0.649746832,2,3789.499835,295.0002079,305.3948264,205.7692883,190.0003228,3782.774643,3778.135519,3782.825003,85.23496935,206.6930091,7,,494.1429933,253.0553299,3778.144462,3786.465502,467.1625504,3778.825876,467.3190046,3738299.029,14273450
org.apache.tools.ant.taskdefs.compilers.DefaultCompilerAdapter,0,2,1,0,0,1,1,0,0,19,23,92,8,15,899,2.1844E-11,10,3357.289681,287.0017422,295.8935619,184.6185256,170.0029412,3349.317095,3345.05979,3350.056865,74.72616677,197.5854246,7,,906.3076661,220.2203442,3345.648575,3352.24134,901.4785464,3345.774798,901.6103887,6822603.059,11189146
org.apache.tools.ant.taskdefs.Exit,0,2,1,0,0,1,0,1,0,8,4,17,0,4,112,0.887218341,4,4142.375285,293.0000217,304.5291447,206.4218981,189.0000337,4136.320225,4132.116286,4136.458389,88.60022573,209.1721779,6,,225.6403627,274.3720102,4132.016628,4141.099371,112.623731,4132.833532,112.7529839,938129.0067,17073620
org.apache.tools.ant.Target,0,2,1,0,0,1,1,0,0,22,19,49,16,5,382,0.790337425,13,3872.428179,284.0000774,292.2618689,187.1817299,174.0001263,3865.917744,3862.116518,3866.008277,75.23961722,189.0423233,7,,415.9392369,240.5659993,3862.268353,3869.485237,384.7152628,3862.616341,385.0602044,3096541.024,14915208
org.apache.tools.ant.taskdefs.compilers.Jikes,0,1,1,0,0,1,0,0,0,2,9,26,1,8,248,0.020244247,0,4007.021962,297.001616,310.0483833,204.3942269,184.0026085,4000.233993,3996.091215,4000.562086,93.00537619,210.7178208,4,,310.3526474,267.3013281,3996.044191,4004.930212,248.7480112,3996.990993,248.6955871,2043546.015,15968203
org.apache.tools.ant.filters.BaseFilterReader,0,1,1,0,0,1,0,0,0,10,16,21,14,2,149,0.825203331,13,4104.836294,284.0000538,295.3252444,194.6535384,177.0000863,4098.82349,4095.132965,4098.866795,87.46427842,195.563289,4,,243.2686194,261.8167298,4095.071966,4103.361183,150.9603052,4095.801021,151.137124,1242532.009,16769217
org.apache.tools.ant.taskdefs.UpToDate,0,1,1,0,0,1,0,0,0,11,14,37,1,13,317,0.413178357,4,3937.915438,293.0005876,303.7252047,196.0637651,179.0009619,3931.07746,3927.061624,3931.642151,82.96987405,207.0772803,4,,362.2390397,259.7248544,3927.088534,3935.5795,318.1613228,3927.814787,318.2550403,2590244.019,15421505
org.apache.tools.ant.util.LoaderUtils,0,1,1,0,0,1,0,0,0,6,3,14,2,1,131,0.964860461,2,4123.56569,295.0000021,307.0016287,208.146583,190.0000032,4117.386185,4113.140528,4117.386185,91.54780172,208.146583,4,,238.1734294,275.1381471,4113.014593,4122.192378,131.4451785,4113.878219,131.5543101,1094781.008,16916968
org.apache.tools.ant.taskdefs.SignJar,0,3,1,0,0,0,3,0,0,18,10,56,0,10,460,0.664927285,4,3795.326732,293.0001916,301.9569506,197.0228413,183.0003068,3788.422495,3784.082584,3788.867905,77.1621669,205.4093474,9,,485.4706662,248.0181445,3784.191565,3792.119328,461.6187374,3784.704084,461.8436724,3692936.029,14318813
org.apache.tools.ant.taskdefs.Javadoc,0,3,1,0,0,0,3,0,0,81,35,213,7,35,2199,0.000105587,4,2065.883346,293.0017061,293.1705988,158.3161394,158.0031639,2051.094586,2045,2053.35092,10,185.2700731,9,,2194.900014,185,2047.497271,2053.35092,2201.450736,2045.02445,2202.272622,13829724.17,4182025
org.apache.tools.ant.RuntimeConfigurable,0,3,1,0,0,0,2,1,0,11,12,32,9,4,190,0.912784745,7,4064.359236,290.0000131,300.8321791,197.8913844,181.000021,4058.038566,4054.118523,4058.128263,85.79627032,199.7223072,8,,262.5026287,257.3907535,4054.101614,4062.162724,192.165587,4054.789267,192.340069,1576652.012,16435097
org.apache.tools.ant.taskdefs.cvslib.ChangeLogParser,0,2,1,0,0,0,2,0,0,11,4,34,3,1,312,0.972591447,3,3942.976033,294.0000013,304.6900064,205.2340128,189.000002,3936.539724,3932.146996,3936.539724,86.92525525,205.2340128,6,,359.4508012,260.311352,3932.084532,3940.607314,313.0448801,3932.813751,313.2247163,2550946.019,15460803
org.apache.tools.ant.taskdefs.rmic.WLRmic,0,2,1,0,0,0,2,0,0,5,11,24,1,10,133,0.073631707,0,4121.714449,297.0014447,309.2005821,201.2958022,182.0023576,4115.026731,4111.076015,4115.434606,89.56003573,209.4683747,6,,231.0003829,268.7042984,4111.036781,4119.772202,134.1839224,4111.899439,134.207501,1111239.008,16900510
org.apache.tools.ant.taskdefs.XSLTProcess,0,2,1,0,0,0,2,0,0,26,18,89,1,18,881,0.010821551,7,3375.480558,290.001687,297.195222,186.681547,175.0027956,3367.550148,3363.042967,3368.419511,67.18630813,201.7572799,6,,888.5264958,227.7213209,3363.506565,3370.701114,883.0168589,3363.628101,883.2783561,6701856.058,11309893
org.apache.tools.ant.taskdefs.Expand,0,3,1,0,0,0,1,2,0,9,11,53,1,10,457,0.855920353,4,3798.317786,293.0000354,304.2581141,199.6196383,182.000057,3791.37086,3787.082518,3791.81355,85.72630868,207.8581247,7,,483.6683631,249.1605908,3787.180099,3795.187742,458.5356576,3787.88767,458.5775729,3670220.029,14341529
org.apache.tools.ant.taskdefs.JDBCTask,0,2,1,0,0,0,1,1,0,26,9,54,1,8,539,0.105952732,2,3716.72571,295.0013548,302.0761493,195.1435369,184.0021721,3709.566147,3705.098379,3709.919945,70.38465742,201.7572799,5,,561.3209899,248.5196169,3705.19053,3713.325598,540.3379643,3705.570132,540.7125074,4284565.034,13727184
org.apache.tools.ant.taskdefs.ManifestTask,0,1,1,0,0,0,1,0,0,6,9,32,0,9,216,0.71143388,3,4038.715142,294.0001416,306.0408469,202.6844839,184.0002263,4032.200392,4028.083912,4032.573372,88.88756943,209.9738079,3,,281.5631561,263.865496,4028.061336,4036.633374,217.1849444,4028.896747,217.2191321,1786784.013,16224965
org.apache.tools.ant.types.selectors.ExtendSelector,0,1,1,0,0,0,1,0,0,10,16,36,4,12,246,0.097176734,3,4008.79533,294.0013862,304.9540949,194.6535384,177.0023025,4001.916166,3998.066158,4002.417769,84.20213774,204.7071078,3,,302.9239921,258.2111539,3998.097232,4006.329617,247.6369344,3998.820451,247.7292539,2027568.015,15984181
org.apache.tools.ant.filters.ReplaceTokens,0,1,1,0,0,0,1,0,0,12,6,37,1,5,308,0.843222351,1,3947.114389,296.0000415,306.3608983,203.002463,187.0000657,3940.439696,3936.114328,3940.631548,84.50443775,206.6930091,3,,354.4089256,259.7248544,3936.088331,3944.559925,309.1406761,3936.79273,309.3088624,2519477.019,15492272
org.apache.tools.ant.Task,0,1,1,0,0,0,1,0,0,23,117,37,114,7,255,0.419475634,186,3990.544073,111.001518,130.1729619,101.9803903,76.00221713,3989.723925,3989.098269,3989.762524,73.53910524,103.4794666,3,,312.7175372,192.50974,3990.097629,3993.642573,271.6586126,3989.579552,272.0021642,2099452.018,15912297
org.apache.tools.ant.taskdefs.cvslib.ChangeLogWriter,0,1,1,0,0,0,1,0,0,4,3,23,1,2,174,0.984848485,1,4080.749441,296.0000004,308.5206638,208.9712899,190.0000006,4074.432476,4070.133782,4074.479231,93.04837452,209.8809186,3,,257.4812712,269.4086116,4070.034203,4078.906839,174.7927531,4070.929746,174.8437581,1446659.011,16565090
org.apache.tools.ant.taskdefs.ConditionTask,0,1,1,0,0,0,1,0,0,4,5,16,0,5,95,0.908008687,0,4159.616569,297.0000142,309.4802094,207.1545317,188.0000225,4153.257156,4149.108458,4153.44014,92.0271699,210.791366,3,,218.6277352,275.0872589,4149.014601,4158.109426,95.6552488,4149.912047,95.69857408,797351.0057,17214398
org.apache.tools.ant.TaskAdapter,0,1,1,0,0,0,1,0,0,6,7,24,4,4,231,0.854173045,6,4023.537001,291.0000365,303.1600237,204.5018337,186.0000572,4017.308178,4013.119734,4017.401274,90.47651629,206.322563,3,,298.3497367,266.5801943,4013.047446,4021.844602,231.8313178,4013.900098,231.89792,1907391.014,16104358
org.apache.tools.ant.input.DefaultInputHandler,0,1,1,0,0,0,1,0,0,4,6,21,2,4,91,0.949230175,3,4163.393448,294.0000044,306.6023483,206.2474242,187.0000069,4157.207957,4153.115698,4157.343984,92.35799911,208.9712899,3,,212.4336923,270.1184925,4153.030728,4161.775222,92.40412582,4153.911169,92.45507977,764148.0056,17247601
org.apache.tools.ant.taskdefs.Definer,0,1,1,0,0,0,1,0,0,15,10,47,2,8,452,0.078786336,4,3803.302907,293.0014482,302.6962174,198.1539805,183.0023187,3796.413176,3792.096122,3796.757037,80.65358021,204.6362627,3,,481.0433858,252.3014071,3792.150573,3800.384191,453.2935612,3792.761527,453.4748545,3632319.028,14379430
org.apache.tools.ant.taskdefs.condition.FilesMatch,0,1,1,0,0,0,1,0,0,4,4,13,1,3,60,0.974466759,0,4194.527983,297.0000011,309.4802094,208.0624906,189.0000017,4188.266587,4184.122369,4188.357315,92.6984358,209.8809186,3,,208.7755867,276.5519843,4184.010882,4193.129738,60.75992812,4184.904419,60.82427383,505693.0036,17506056
org.apache.tools.ant.filters.util.ChainReaderHelper,0,1,1,0,0,0,1,0,0,9,14,38,3,12,310,0.915451325,3,3944.970469,294.0000122,305.2212312,196.8882932,179.00002,3938.070213,3934.067234,3938.537419,85.16454661,206.0218435,3,,355.7351003,257.5771729,3934.103358,3942.423366,311.3697071,3934.854508,311.4293846,2535218.019,15476531
org.apache.tools.ant.types.ZipFileSet,0,1,1,0,0,0,1,0,0,11,13,30,4,9,168,0.036873158,17,4085.605953,280.0016564,291.2043956,196.977156,180.0025767,4079.972549,4076.082924,4080.33332,84.11896338,204.3134846,3,,248.3653061,262.3604391,4076.069099,4084.434967,169.7131341,4076.785008,169.8568287,1397790.01,16613959
org.apache.tools.ant.taskdefs.compilers.JavacExternal,0,1,1,0,0,0,1,0,0,2,6,14,1,5,44,0.012665889,0,4210.487976,297.0016411,310.0483833,207.0990101,187.0026065,4204.160915,4200.107141,4204.340733,93.92017888,210.7178208,3,,203.7869126,275.8296576,4200.012543,4209.047636,45.20206688,4200.94287,45.21324199,371550.0027,17640199
org.apache.tools.ant.Location,0,1,1,0,0,0,0,1,0,5,69,10,69,0,69,0.962521652,5,4185.198801,292.0000024,304.4010512,150.903943,124.0000057,4176.841031,4175.146704,4176.811463,92.84934033,150.0833102,2,,215.2036199,237.3562723,4175.28447,4181.741623,84.46220615,4175.885655,84.55064123,580921.0064,17430828
org.apache.tools.ant.taskdefs.StreamPumper,0,1,1,0,0,0,0,1,0,4,1,10,1,0,93,0.947824939,4,4161.327913,293.0000046,305.6435833,210.791366,192.0000071,4155.438003,4151.147552,4155.391919,93.77632964,209.8809186,2,,223.2303669,278.7292593,4151.006534,4160.347461,93.27198951,4151.911608,93.35487805,780745.0056,17231004
org.apache.tools.ant.helper.ProjectHelperImpl,0,1,1,0,0,0,0,1,0,9,12,50,8,6,288,0.949781356,4,3966.835641,293.0000043,304.2581141,198.708329,181.000007,3960.138508,3956.106293,3960.276758,86.97700846,201.4447815,2,,330.9050108,245.8149711,3956.205054,3963.629776,290.8248724,3956.849757,290.9276124,2361650.018,15650099
org.apache.tools.ant.BuildListener,0,0,0,0,0,0,0,0,0,7,9,7,8,1,7,1,1,4247.326806,296,307.6881538,202.2671501,184,4240.993398,4237.136415,4240.993398,90.62008607,202.2671501,0,,206.1278046,276.210065,4237.011529,4245.993523,12.10728259,4237.832583,12.19512831,59374.00127,17952375
org.apache.tools.ant.taskdefs.ExecuteStreamHandler,0,0,0,0,0,0,0,0,0,5,11,5,11,0,5,1,2,4249.252405,295,307.2800026,201.2958022,182,4242.905255,4239.144489,4242.862477,92.84934033,200.3921156,0,,208.0697851,275.7263136,4239.01268,4247.957862,11.50371018,4239.872286,11.5559426,42420.00161,17969329
org.apache.tools.tar.TarOutputStream,0,0,0,0,0,0,0,0,0,15,3,37,1,2,437,0.466730687,2,3818.412497,295.000482,304.6325656,204.6362627,190.0007484,3811.738317,3807.143023,3811.788294,82.85529555,205.5650749,0,,470.6119804,259.7248544,3807.091324,3815.849316,437.7801751,3807.758527,438.0114546,3518324.027,14493425
org.apache.tools.ant.util.regexp.RegexpMatcherFactory,0,0,0,0,0,0,0,0,0,4,5,11,2,3,62,0.943090497,5,4192.181771,292.0000055,304.6850833,207.1545317,188.0000086,4186.223597,4182.122428,4186.313892,92.6984358,208.9712899,0,,211.2822691,277.3157046,4182.009214,4191.184558,62.62422159,4182.904852,62.68836207,522423.0037,17489326
org.apache.tools.ant.types.selectors.SelectorUtils,0,0,0,0,0,0,0,0,0,11,3,26,3,0,725,0.347814899,4,3531.176858,293.0007258,303.7252047,206.1552813,190.0011193,3524.125565,3519.174051,3524.071793,87.32124598,205.2340128,0,,747.9334389,265.8759109,3519.058082,3529.029753,725.236131,3519.909232,725.3481102,5628201.047,12383548
org.apache.tools.ant.filters.HeadFilter,0,0,0,0,0,0,0,0,0,7,5,18,1,4,113,0.926746371,1,4141.591119,296.0000091,307.6881538,205.9126028,188.0000143,4135.275686,4131.116314,4135.41316,89.53770156,208.655218,0,,225.2939489,272.9578722,4131.020887,4140.008092,113.7729158,4131.853942,113.8817591,946393.0068,17065356
org.apache.tools.ant.taskdefs.compilers.Jvc,0,0,0,0,0,0,0,0,0,2,9,20,1,8,132,0.033682961,0,4122.71185,297.001572,310.0483833,204.3942269,184.0025374,4116.114673,4112.088642,4116.433529,93.00537619,210.7178208,0,,233.7195505,271.5326868,4112.025783,4120.955472,132.8401808,4112.963044,132.8131466,1103012.008,16908737
org.apache.tools.ant.types.Parameter,0,0,0,0,0,0,0,0,0,7,20,8,20,0,43,0.95539769,0,4211.485486,297.0000033,308.6502875,192.314846,173.0000057,4204.560619,4201.145796,4204.519592,91,191.4157778,0,,209.6125719,267.59858,4201.040716,4209.514224,46.79305889,4201.839716,46.9338991,363143.0031,17648606
org.apache.tools.ant.types.DataType,0,0,0,0,0,0,0,0,0,10,22,24,18,4,146,0.88180885,20,4107.351093,277.0000252,288.6000693,189.2141644,171.0000408,4101.566164,4098.117251,4101.692334,86.72946443,191.9296746,0,,239.1661,256.8988128,4098.103998,4106.044447,148.9013343,4098.800434,149.062174,1217956.009,16793793
org.apache.tools.ant.filters.util.JavaClassHelper,0,0,0,0,0,0,0,0,0,3,5,19,0,5,89,0.954545455,0,4165.601277,297.0000035,309.7628125,207.5764919,188.0000055,4159.251014,4155.108302,4159.433735,92.97311439,211.2060605,0,,213.364699,272.9468813,4155.020801,4163.955451,89.98564605,4155.931785,90.00911228,747530.0054,17264219
org.apache.tools.ant.taskdefs.compilers.Gcj,0,0,0,0,0,0,0,0,0,3,9,26,1,8,147,0.001653756,1,4107.678785,296.0016836,308.804145,203.9607805,184.0027084,4101.129722,4097.088967,4101.449744,92.04890005,210.2974084,0,,237.7384898,267.3013281,4097.043102,4105.710535,148.2354338,4097.944973,148.2267023,1226153.009,16785596
org.apache.tools.ant.filters.TabsToSpaces,0,0,0,0,0,0,0,0,0,7,5,18,1,4,126,0.926746371,1,4128.624468,296.0000091,307.6881538,205.9126028,188.0000143,4122.28917,4118.116681,4122.427076,89.53770156,208.655218,0,,232.0703411,272.9578722,4118.020953,4127.036467,126.6944962,4118.856637,126.8011661,1053630.008,16958119
org.apache.tools.ant.types.FilterChain,0,0,0,0,0,0,0,0,0,16,22,29,4,18,135,0.858934104,1,4119.647679,296.0000336,305.353893,186.7243958,171.0000582,4112.556626,4109.035167,4113.298555,76.90253572,202.4080038,0,,228.1844533,263.0589288,4109.064569,4117.41193,137.043009,4109.684416,137.2381507,1127684.008,16884065
org.apache.tools.ant.types.selectors.NoneSelector,0,0,0,0,0,0,0,0,0,3,6,14,5,2,52,0.488457153,5,4202.157541,292.0004481,304.9721299,206.6712365,187.0006997,4196.168848,4192.129888,4196.168848,93.9840412,206.6712365,0,,205.7025613,273.0750813,4192.020217,4200.884907,53.6035157,4192.923562,53.65544394,438686.0033,17573063
org.apache.tools.mail.ErrorInQuitException,0,0,0,0,0,0,0,0,0,1,1,3,1,0,6,0.992424242,1,4248.324376,296.0000001,309.3800252,212.0471646,192.0000001,4242.346992,4238.144523,4242.301852,96.56603958,211.1421322,0,,210.0842488,283.867927,4238.000585,4247.496321,6.384566052,4238.955532,6.418501507,50895.0004,17960854
org.apache.tools.ant.taskdefs.condition.IsFalse,0,0,0,0,0,0,0,0,0,3,4,7,1,3,33,0.98866506,0,4221.460648,297.0000002,309.7628125,208.4826132,189.0000003,4215.239258,4211.121585,4215.329406,93.63759929,210.2974084,0,,208.6140624,280.9216973,4211.003177,4220.359937,33.40957655,4211.919396,33.45837389,279022.002,17732727
org.apache.tools.ant.filters.LineContainsRegExp,0,0,0,0,0,0,0,0,0,8,9,29,1,8,179,0.903853958,1,4075.762628,296.0000156,307.4166554,201.8539076,184.0000251,4069.162199,4065.089667,4069.484734,87.2811549,208.2546518,0,,256.5411358,265.2112366,4065.053641,4073.642351,180.2524261,4065.847267,180.3414264,1487340.011,16524409
org.apache.tools.ant.taskdefs.rmic.RmicAdapter,0,0,0,0,0,0,0,0,0,4,6,4,3,4,4,1,1,4250.319517,296,308.5206638,206.2474242,187,4244.121699,4240.113324,4244.210292,92.35799911,208.0624906,0,,209.0390557,281.7836049,4240.002191,4249.353127,5.890914649,4240.892477,5.93750374,33940.00051,17977809
org.apache.tools.ant.taskdefs.cvslib.RedirectingOutputStream,0,0,0,0,0,0,0,0,0,2,4,4,1,3,16,0.972591447,2,4238.279014,295.0000013,308.1330881,208.9066777,189.000002,4232.22223,4228.121096,4232.312016,94.57801013,210.7178208,0,,209.6068919,283.1289459,4228.00104,4237.469292,16.27956838,4228.936628,16.31071134,135556.001,17876193
org.apache.tools.bzip2.BZip2Constants,0,0,0,0,0,0,0,0,0,1,2,1,2,0,2064,1,0,2200.138405,297,310.3369137,211.1421322,191,2188.351206,2180.280945,2188.264152,96.56603958,210.2379604,0,,2070.866858,284.682279,2180.000457,2198.509495,2063.847835,2181.857007,2063.118977,13259137.16,4752612
org.apache.tools.ant.taskdefs.Touch,0,0,0,0,0,0,0,0,0,8,10,37,0,10,315,0.878284637,4,3939.909897,293.0000253,304.5291447,200.9427779,183.0000405,3933.259463,3929.079536,3933.688473,86.68333173,209.1721779,0,,360.4518584,260.4611295,3929.083616,3937.623776,316.0898381,3929.876588,316.1398242,2574532.019,15437217
org.apache.tools.ant.taskdefs.WaitFor,0,0,0,0,0,0,0,0,0,7,6,17,0,6,138,0.933861688,0,4116.727462,297.0000074,308.6502875,205,187.0000117,4110.256075,4106.10241,4110.486589,88.86506625,209.5709904,0,,239.5725668,274.3720102,4106.016733,4115.156862,138.5227767,4106.859141,138.6129254,1152317.008,16859432
org.apache.tools.ant.taskdefs.TempFile,0,0,0,0,0,0,0,0,0,6,5,14,0,5,75,0.89980266,3,4179.353658,294.0000171,306.0408469,206.322563,188.0000267,4173.236753,4169.107938,4173.418862,90.13878189,209.9738079,0,,212.6048894,276.5230551,4169.010987,4178.1606,75.62846467,4169.866425,75.71646928,630989.0045,17380760
org.apache.tools.ant.taskdefs.cvslib.CvsUser,0,0,0,0,0,0,0,0,0,6,2,11,1,1,54,0.96270472,0,4200.512945,297.0000023,308.9239389,209.0598001,191.0000036,4194.351082,4190.137945,4194.351082,91.54780172,209.0598001,0,,209.067439,278.0017986,4190.007815,4199.212426,54.59348041,4190.862083,54.71518962,455447.0033,17556302
org.apache.tools.ant.taskdefs.compilers.Sj,0,0,0,0,0,0,0,0,0,2,6,9,1,5,33,0.023657224,0,4221.460648,297.0016048,310.0483833,207.0990101,187.0025488,4215.150057,4211.106862,4215.329406,93.92017888,210.7178208,0,,206.6393647,279.4584048,4211.005229,4220.262788,33.68161937,4211.940408,33.69500916,279024.002,17732725
org.apache.tools.ant.types.selectors.SelectSelector,0,0,0,0,0,0,0,0,0,9,10,24,4,7,104,0.098298962,8,4150.074819,289.0014067,300.4080558,200.531793,183.0022215,4144.042591,4140.094685,4144.266401,86.64871609,205.1048512,0,,215.7169052,266.5801943,4140.045991,4148.573851,105.8479865,4140.811998,105.9756536,871960.0064,17139789
org.apache.tools.ant.BuildException,0,0,0,0,0,0,0,0,0,14,193,26,192,1,153,0.858608239,297,4091,0.141391761,77,77,0.141391761,4091,4091.141283,4091,84.17244205,77,0,,244.3294012,187,4092.199983,4095.271664,182.2765055,4091.724575,182.4980663,1275281.014,16736468
org.apache.tools.ant.taskdefs.cvslib.RCSFile,0,0,0,0,0,0,0,0,0,5,2,7,2,0,39,0.94804933,2,4215.335099,295.0000046,307.2800026,209.4683747,191.0000071,4209.335577,4205.145657,4209.29032,92.84934033,208.5569467,0,,209.6519245,280.2427519,4205.004072,4214.32806,39.41938413,4205.879337,39.53165372,329518.0024,17682231
org.apache.tools.ant.NoBannerLogger,0,0,0,0,0,0,0,0,0,4,4,16,0,4,59,0.903790465,1,4195.454803,296.0000156,308.5206638,208.0624906,189.0000245,4189.265568,4185.114813,4189.401986,92.35799911,210.791366,0,,205.6020397,275.0872589,4185.014475,4194.031235,60.03122672,4185.904203,60.08806104,497327.0036,17514422
org.apache.tools.ant.util.FileNameMapper,0,0,0,0,0,0,0,0,0,3,19,3,19,0,3,1,4,4251.109267,293,305.9297305,194.9871791,174,4244.56794,4241.144421,4244.527064,94.70480452,194.0953374,0,,210.0330146,272.082708,4241.023146,4249.718814,14.32587685,4241.912894,14.34248205,25458.00413,17986291
org.apache.tools.ant.filters.StripLineComments,0,0,0,0,0,0,0,0,0,8,6,26,1,5,164,0.903853958,1,4090.723163,296.0000156,307.4166554,204.5922775,187.0000247,4084.283168,4080.110293,4084.468264,88.25531145,208.2546518,0,,248.5835132,267.3013281,4080.043282,4088.746752,165.0911411,4080.844153,165.2037483,1365162.01,16646587
org.apache.tools.ant.taskdefs.XSLTLogger,0,0,0,0,0,0,0,0,0,1,2,1,2,0,1,1,1,4253.312239,296,309.3800252,211.1421322,191,4247.296787,4243.144353,4247.251935,96.56603958,210.2379604,0,,212.0023538,284.682279,4243.000235,4252.539594,1.721105161,4243.954406,1.742610535,8488.000176,18003261
org.apache.tools.tar.TarConstants,0,0,0,0,0,0,0,0,0,0,1,0,1,0,24,1,0,4230.438393,297,310.6283954,212.4735278,192,4224.365514,4220.14514,4224.320182,97.49871794,211.5703193,0,,214.3401057,286.09439,4220,4229.68675,23.98315715,4220.981047,23.99445342,203136.0014,17808613
org.apache.tools.mail.MailMessage,0,0,0,0,0,0,0,0,0,29,5,66,2,3,567,0.093027862,3,3688.734878,294.001399,300.4663043,197.9595918,188.0021877,3681.802955,3677.139241,3681.905621,69.77105417,199.859951,0,,585.1119671,240.226976,3677.286067,3684.838938,568.8412861,3677.522672,569.3035506,4491273.036,13520476
org.apache.tools.ant.BuildEvent,0,0,0,0,0,0,0,0,0,11,12,15,9,4,97,0.912784745,12,4156.781688,285.0000133,296.0152023,197.8913844,181.000021,4150.948084,4147.115865,4151.035774,85.79627032,199.7223072,0,,220.578302,269.6163942,4147.032737,4155.755286,98.40191169,4147.77157,98.59071144,813942.006,17197807
org.apache.tools.ant.input.InputRequest,0,0,0,0,0,0,0,0,0,5,5,7,5,0,32,0.955342017,4,4222.178703,293.0000034,305.3604428,206.7365473,188.0000053,4216.193544,4212.145415,4216.149072,92.84934033,205.8275978,0,,208.4862814,278.2175408,4212.007365,4221.178627,32.93857104,4212.877876,33.04999605,270599.002,17741150
org.apache.tools.ant.taskdefs.rmic.KaffeRmic,0,0,0,0,0,0,0,0,0,3,7,19,1,6,93,0.074760179,0,4161.611467,297.0014412,309.7628125,205.7668584,186.0023012,4155.165099,4151.1013,4155.391919,92.65527508,210.2974084,0,,215.0785827,272.2443755,4151.023106,4159.918028,94.05235301,4151.932682,94.0680014,780754.0056,17230995
org.apache.tools.ant.types.Environment,0,0,0,0,0,0,0,0,0,3,7,9,5,2,47,0.962521652,6,4207.076182,291.0000024,304.0148023,205.7668584,186.0000038,4201.119494,4197.129734,4201.163886,93.9840412,206.6712365,0,,209.3637745,276.7399501,4197.010425,4206.113883,47.92046013,4197.922462,47.97388816,396736.0029,17615013
org.apache.tools.ant.taskdefs.LogOutputStream,0,0,0,0,0,0,0,0,0,7,9,15,8,1,92,0.8776602,13,4161.701575,284.0000264,296.1621178,202.2671501,184.0000407,4156.075072,4152.139208,4156.075072,90.62008607,202.2671501,0,,218.4041888,270.2961339,4152.030056,4160.788868,93.33583138,4152.849624,93.47064786,772447.0057,17239302
org.apache.tools.ant.taskdefs.cvslib.CVSEntry,0,0,0,0,0,0,0,0,0,9,4,18,3,1,88,0.89890229,3,4166.385964,294.0000174,305.2212312,206.0218435,189.000027,4160.295302,4156.139074,4160.295302,88.76936408,206.0218435,0,,213.9186603,271.5621476,4156.025407,4164.862783,89.18121695,4156.808872,89.35625562,739218.0054,17272531
org.apache.tools.ant.taskdefs.TaskOutputStream,0,0,0,0,0,0,0,0,0,3,1,10,0,1,67,0.984079243,1,4187.474776,296.0000004,308.804145,211.2060605,192.0000007,4181.410408,4177.138375,4181.410408,94.33981132,211.2060605,0,,213.7209769,279.4154613,4177.00534,4186.335151,67.32204527,4177.926878,67.3804559,564217.004,17447532
org.apache.tools.tar.TarUtils,0,0,0,0,0,0,0,0,0,8,1,14,1,0,274,0.787130407,2,3980.94524,295.0000768,306.4539117,209.1721779,192.000118,3974.640109,3970.154279,3974.591929,90.0777442,208.2546518,0,,338.3640809,275.8296576,3970.01327,3979.57058,274.1662399,3970.867537,274.3000914,2250650.017,15761099
org.apache.tools.ant.ProjectComponent,0,0,0,0,0,0,0,0,0,5,98,7,98,1,33,0.942057165,112,4215.061803,185.0000091,204.0122545,128.1444497,95.00001767,4212.071462,4211.137257,4212.049026,92.47702417,127.4048665,0,,209.1568267,226.4332131,4211.422617,4217.083471,68.17525004,4211.878085,68.22679068,279022.0087,17732727
org.apache.tools.zip.UnixStat,0,0,0,0,0,0,0,0,0,0,1,0,1,0,7,1,0,4247.396614,297,310.6283954,212.4735278,192,4241.348017,4237.144557,4241.302866,97.49871794,211.5703193,0,,213.113293,286.09439,4237,4246.647972,6.983739471,4237.977112,6.998388735,59367.00041,17952382
org.apache.tools.tar.TarBuffer,0,0,0,0,0,0,0,0,0,21,2,35,2,0,617,0.790635049,3,3638.896124,294.0000745,302.218464,203.4232042,191.0001147,3632.025606,3627.168868,3631.973155,78.26237921,202.4845673,0,,641.468862,260.3536057,3627.09134,3636.332356,617.4961735,3627.675426,617.8365232,4856442.039,13155307
org.apache.tools.ant.filters.ChainableReader,0,0,0,0,0,0,0,0,0,1,13,1,13,0,1,1,0,4253.381949,297,310.3369137,201.246118,180,4246.816337,4243.144353,4246.77407,96.56603958,200.3521899,0,,212.0051441,277.4617091,4243.008782,4252.062323,8.688574447,4243.954406,8.692859968,8488.004518,18003261
org.apache.tools.ant.util.MergingMapper,0,0,0,0,0,0,0,0,0,4,4,5,3,1,24,0.977444469,2,4230.298453,295.0000009,307.561376,208.0624906,189.0000013,4224.230226,4220.136965,4224.230226,93.40770846,208.0624906,0,,209.382412,281.0427014,4220.003024,4229.348059,24.51741382,4220.896706,24.6030063,203141.0015,17808608
org.apache.tools.ant.util.Watchdog,0,0,0,0,0,0,0,0,0,7,3,22,3,1,111,0.944513272,3,4143.443616,294.0000052,305.7646153,207.7402224,190.0000081,4137.364983,4133.139848,4137.31918,90.62008607,206.8260138,0,,220.8774638,268.7042984,4133.036585,4141.725607,112.3425616,4133.853529,112.4744763,929869.0068,17081880
org.apache.tools.zip.ZipExtraField,0,0,0,0,0,0,0,0,0,6,5,6,4,1,6,1,2,4248.254818,295,307.0016287,206.322563,188,4242.167842,4238.136383,4242.167842,91.54780172,206.322563,0,,207.0893624,279.6301128,4238.00493,4247.215205,8.814188125,4238.852321,8.903943279,50898.00077,17960851
org.apache.tools.ant.DemuxOutputStream,0,0,0,0,0,0,0,0,0,8,4,25,1,3,163,0.82180269,2,4091.648323,295.0000538,306.4539117,206.4218981,189.000084,4085.374157,4081.125458,4085.46717,88.95504483,208.2546518,0,,248.6816314,268.0018657,4081.040105,4089.790459,164.0038569,4081.843946,164.131787,1357000.01,16654749
org.apache.tools.ant.taskdefs.XSLTLoggerAware,0,0,0,0,0,0,0,0,0,1,2,1,1,1,1,1,1,4253.312239,296,309.3800252,211.1421322,191,4247.296787,4243.136222,4247.296787,96.20810777,211.1421322,0,,212.0021471,285.3506615,4243.000065,4252.584391,1.23989688,4243.954406,1.263236408,8488.000086,18003261
org.apache.tools.ant.filters.ExpandProperties,0,0,0,0,0,0,0,0,0,4,4,13,1,3,87,0.907560011,1,4167.525045,296.0000144,308.5206638,208.0624906,189.0000226,4161.29427,4157.123164,4161.385587,92.6984358,209.8809186,0,,218.0495096,276.5519843,4157.010952,4166.188906,87.5268568,4157.910292,87.58657411,730900.0052,17280849
org.apache.tools.ant.taskdefs.Exec,0,0,0,0,0,0,0,0,0,10,6,42,1,6,369,0.800059693,5,3885.986233,292.0000685,303.0264015,203.7891067,187.0001069,3879.509505,3875.108515,3879.70437,86.03487665,207.4656598,0,,406.2850845,256.3630239,3875.114057,3883.470999,370.2155505,3875.846488,370.3244279,2995953.023,15015796
org.apache.tools.ant.util.KeepAliveOutputStream,0,0,0,0,0,0,0,0,0,2,0,3,0,0,7,0.984905877,0,4247.396614,297.0000004,310.0483833,212.5323505,193.0000006,4241.393403,4237.144557,4241.348017,95.63472173,211.6246677,0,,210.1134224,284.5417368,4237.000284,4246.543653,7.154253904,4237.934638,7.210025673,59370.00042,17952379
org.apache.tools.ant.taskdefs.GenerateKey,0,0,0,0,0,0,0,0,0,14,8,33,0,8,404,0.735025796,3,3851.238242,294.0001194,303.9161068,200.3846301,185.0001898,3844.453797,3840.094921,3844.797004,81.59656856,206.8646901,0,,441.7862311,263.1805464,3840.068365,3849.008184,404.6826081,3840.771928,404.8525319,3265969.025,14745780
org.apache.tools.ant.filters.PrefixLines,0,0,0,0,0,0,0,0,0,7,5,22,1,4,150,0.903853958,1,4104.68659,296.0000156,307.6881538,205.9126028,188.0000246,4098.314288,4094.117365,4098.453001,89.53770156,208.655218,0,,242.7352897,270.1147904,4094.031185,4102.901169,150.8596275,4094.861658,150.9619596,1250722.009,16761027
org.apache.tools.ant.types.Parameterizable,0,0,0,0,0,0,0,0,0,1,5,1,4,1,1,1,1,4253.312239,296,309.3800252,208.4322432,188,4247.162935,4243.136222,4247.162935,96.20810777,208.4322432,0,,212.0027918,283.351372,4243.000887,4252.450705,2.916909341,4243.954406,2.926906567,8488.000513,18003261
org.apache.tools.ant.input.InputHandler,0,0,0,0,0,0,0,0,0,1,8,1,6,2,1,1,1,4253.312239,296,309.3800252,205.7304061,185,4247.031198,4243.128327,4247.074876,95.85927185,206.6301043,0,,212.003262,282.0283674,4243.001948,4252.362755,4.187180403,4243.954406,4.192275547,8488.001055,18003261
org.apache.tools.ant.taskdefs.condition.Condition,0,0,0,0,0,0,0,0,0,1,18,1,17,1,1,1,2,4253.242763,295,308.4234103,196.7866865,175,4246.607352,4243.136222,4246.607352,96.20810777,196.7866865,0,,212.006371,274.898163,4243.014772,4251.895812,11.24009397,4243.954406,11.24269249,8488.007543,18003261
org.apache.tools.ant.taskdefs.compilers.Kjc,0,0,0,0,0,0,0,0,0,4,10,26,1,9,195,0.001986834,1,4059.805045,296.0016825,308.5206638,202.6277375,183.0027214,4053.133356,4049.083477,4053.502436,90.80198236,209.8809186,0,,269.9925508,267.3013281,4049.043613,4057.813574,195.9481082,4049.934567,195.944239,1617161.012,16394588
org.apache.tools.ant.util.TaskLogger,0,0,0,0,0,0,0,0,0,6,1,8,0,1,43,0.836380236,0,4211.485486,297.0000451,308.9239389,209.9738079,192.0000697,4205.385238,4201.137584,4205.385238,91.54780172,209.9738079,0,,209.4336838,280.8718569,4201.003246,4210.378843,43.30676898,4201.859826,43.43082102,363143.0026,17648606
org.apache.tools.ant.input.PropertyFileInputHandler,0,0,0,0,0,0,0,0,0,3,3,19,0,3,104,0.95038947,1,4150.568154,296.0000042,308.804145,209.389589,190.0000065,4144.35761,4140.12367,4144.449783,93.63759929,211.2060605,0,,220.0242693,272.9468813,4140.020876,4148.987828,104.8323398,4140.93516,104.8677711,871955.0063,17139794
org.apache.tools.ant.types.selectors.MajoritySelector,0,0,0,0,0,0,0,0,0,4,5,15,4,2,83,0.48475672,4,4171.303154,293.000453,305.6435833,207.1545317,188.0007061,4165.244891,4161.130856,4165.244891,93.04837452,207.1545317,0,,214.6951403,273.0347963,4161.020494,4169.948321,84.0186181,4161.909418,84.08642652,697630.0051,17314119
org.apache.tools.ant.filters.StringInputStream,0,0,0,0,0,0,0,0,0,6,1,15,1,0,45,0.948104577,1,4209.420031,296.0000045,307.9626601,209.9738079,192.000007,4203.387325,4199.145866,4203.341766,91.92388155,209.0598001,0,,203.0291442,275.1090693,4199.01437,4208.002614,46.30438854,4199.860236,46.43344037,379950.0028,17631799
org.apache.tools.ant.taskdefs.JikesOutputParser,0,0,0,0,0,0,0,0,0,12,3,22,1,2,156,0.870517316,1,4098.702234,296.0000283,306.3608983,205.7692883,190.0000441,4092.41298,4088.133193,4092.459529,85.61541917,206.6930091,0,,246.4791306,270.1147904,4088.031231,4096.914205,156.8114159,4088.76326,157.0274229,1299814.009,16711935
org.apache.tools.ant.filters.TailFilter,0,0,0,0,0,0,0,0,0,7,5,19,1,4,285,0.926746371,1,3970.05,296.0000091,307.6881538,205.9126028,188.0000143,3963.46124,3959.121367,3963.604673,89.53770156,208.655218,0,,344.4698743,272.2443755,3959.024226,3968.349531,285.3432544,3959.891034,285.4207001,2337874.017,15673875
org.apache.tools.ant.types.selectors.SelectorContainer,0,0,0,0,0,0,0,0,0,19,19,19,3,16,19,1,0,4235.426071,297,305.6026832,188.3082579,174,4228.581441,4225.042722,4229.225225,74.46475676,202.2498455,0,,194.9306996,270.8449741,4225.02752,4233.672401,24.42956947,4225.613447,24.64617248,160930.0018,17850819
org.apache.tools.ant.taskdefs.KeySubst,0,0,0,0,0,0,0,0,0,8,2,39,0,2,282,0.83758728,4,3972.819276,293.000045,304.5291447,208.2546518,191.0000691,3966.60119,3962.137428,3966.649468,89.31965069,209.1721779,0,,331.0217303,259.1138746,3962.091865,3970.463953,283.2786582,3962.869289,283.3934772,2314131.017,15697618
org.apache.tools.ant.types.selectors.BaseExtendSelector,0,0,0,0,0,0,0,0,0,4,9,5,5,4,18,0.977444469,5,4236.076014,292.0000009,304.6850833,203.5313244,184.0000014,4230.003783,4226.113699,4230.135341,92.35799911,206.2474242,0,,208.7873912,279.7016267,4226.004835,4235.246038,19.11525946,4226.895433,19.1769724,152465.0012,17859284
org.apache.tools.ant.util.TimeoutObserver,0,0,0,0,0,0,0,0,0,1,3,1,3,1,1,1,0,4253.381949,297,310.3369137,210.2379604,190,4247.251935,4243.136222,4247.207318,96.20810777,209.3346603,0,,212.0025687,284.0158446,4243.000509,4252.495032,2.303163706,4243.954406,2.315811953,8488.000319,18003261
org.apache.tools.ant.filters.StripLineBreaks,0,0,0,0,0,0,0,0,0,7,5,17,1,4,107,0.926746371,1,4147.575798,296.0000091,307.6881538,205.9126028,188.0000143,4141.269491,4137.116145,4141.406766,89.53770156,208.655218,0,,223.2300972,273.6731627,4137.018647,4146.042209,107.7306245,4137.852704,107.8405324,896784.0065,17114965
org.apache.tools.ant.taskdefs.condition.Socket,0,0,0,0,0,0,0,0,0,4,4,12,1,3,70,0.954603765,0,4184.553142,297.0000035,309.4802094,208.0624906,189.0000055,4178.276798,4174.122662,4178.367744,92.6984358,209.8809186,0,,212.8019275,277.2760357,4174.009315,4183.199493,70.55885655,4174.906586,70.62164105,589272.0042,17422477
org.apache.tools.ant.taskdefs.condition.IsSet,0,0,0,0,0,0,0,0,0,3,5,7,1,4,29,0.966308882,0,4225.450745,297.0000019,309.7628125,207.5764919,188.000003,4219.190562,4215.113996,4219.325302,93.30058949,210.2974084,0,,208.0208937,280.9216973,4215.003174,4224.351074,29.47178987,4215.918524,29.51380425,245318.0018,17766431
org.apache.tools.ant.PathTokenizer,0,0,0,0,0,0,0,0,0,3,3,17,2,1,196,0.845011757,3,4058.662341,294.0000409,306.8876016,209.389589,190.0000632,4052.456539,4048.142784,4052.456539,94.33981132,209.389589,0,,277.0405119,272.9761894,4048.021256,4057.193611,196.4240525,4048.956409,196.4575565,1625249.012,16386500
org.apache.tools.ant.types.FilterSetCollection,0,0,0,0,0,0,0,0,0,5,6,13,5,1,69,0.940756643,2,4185.40918,295.0000059,307.2800026,205.8275978,187.0000094,4179.185806,4175.138441,4179.185806,92.47702417,205.8275978,0,,211.5892057,273.8046749,4175.018088,4183.96869,70.07593974,4175.885655,70.17438216,580924.0042,17430825
org.apache.tools.ant.types.AntFilterReader,0,0,0,0,0,0,0,0,0,10,9,31,2,7,166,0.109909347,1,4088.728409,296.0013383,306.8827138,201.0397971,184.0021529,4082.148944,4078.096124,4082.42379,85.70297544,206.5453945,0,,246.2166562,263.104542,4078.064802,4086.47868,167.6162742,4078.804359,167.7539309,1381483.01,16630266
org.apache.tools.ant.types.selectors.SelectorScanner,0,0,0,0,0,0,0,0,0,3,3,3,2,1,3,1,1,4251.31709,296,308.804145,209.389589,190,4245.253938,4241.136286,4245.253938,94.33981132,209.389589,0,,210.0213846,283.1960452,4241.00099,4250.4448,4.165636707,4241.912894,4.216629193,25458.00034,17986291
org.apache.tools.bzip2.CBZip2InputStream,0,0,0,0,0,0,0,0,0,32,4,40,2,2,2014,0.316790399,3,2249.296779,294.0007938,299.8616348,197.9949494,189.0012349,2237.994861,2230.244157,2238.079534,67.60177512,198.9497424,0,,2017.602057,256.9610865,2230.190294,2244.755889,2014.094853,2230.780357,2014.405825,13038676.15,4973073
org.apache.tools.ant.taskdefs.rmic.SunRmic,0,0,0,0,0,0,0,0,0,3,8,22,1,7,152,0.073631739,0,4102.764068,297.0014447,309.7628125,204.8633691,185.0023193,4096.179806,4092.095796,4096.455175,92.34717104,210.2974084,0,,243.9732619,270.1147904,4092.031201,4100.90551,152.8699743,4092.946127,152.8668635,1267094.009,16744655
org.apache.tools.ant.taskdefs.Transform,0,0,0,0,0,0,0,0,0,1,1,2,0,1,4,1,0,4250.389276,297,310.3369137,212.0471646,192,4244.344944,4240.136319,4244.344944,96.20810777,212.0471646,0,,211.0361504,285.2805637,4240.000078,4249.58645,4.074089331,4240.955081,4.101961184,33938.00023,17977811
org.apache.tools.ant.util.regexp.RegexpFactory,0,0,0,0,0,0,0,0,0,4,6,12,1,5,71,0.942418387,2,4183.414156,295.0000056,307.561376,206.2474242,187.0000089,4177.18781,4173.107835,4177.368789,92.0271699,209.8809186,0,,213.1320682,277.2760357,4173.009317,4182.201693,71.56583972,4173.906803,71.61370777,597619.0043,17414130
org.apache.tools.ant.types.Substitution,0,0,0,0,0,0,0,0,0,4,4,15,0,4,70,0.911422288,2,4184.411667,295.0000133,307.561376,208.0624906,189.0000208,4178.276798,4174.115116,4178.413575,92.35799911,210.791366,0,,209.9553686,275.8042784,4174.012684,4183.102198,70.76532989,4174.906586,70.82047168,589275.0042,17422474
org.apache.tools.ant.taskdefs.condition.Not,0,0,0,0,0,0,0,0,0,2,3,8,1,3,33,0.970053611,0,4221.460648,297.0000015,310.0483833,209.8118204,190.0000024,4215.284213,4211.121585,4215.329406,94.57801013,210.7178208,0,,207.626653,280.1892218,4211.00414,4220.311244,33.53079281,4211.940408,33.55872992,279023.002,17732726
org.apache.tools.ant.taskdefs.condition.IsTrue,0,0,0,0,0,0,0,0,0,3,4,7,1,3,29,0.98866506,0,4225.450745,297.0000002,309.7628125,208.4826132,189.0000003,4219.235239,4215.121469,4219.325302,93.63759929,210.2974084,0,,208.0208937,280.9216973,4215.003174,4224.351074,29.4644328,4215.918524,29.51380425,245318.0018,17766431
org.apache.tools.ant.types.Reference,0,0,0,0,0,0,0,0,0,5,28,11,26,2,54,0.948173536,18,4199.278629,279.0000048,291.9537635,186.0671922,165.0000081,4193.247548,4190.12995,4193.287016,92.11405973,186.9545399,0,,209.3442913,261.4574535,4190.072431,4198.149592,59.35318082,4190.882485,59.43932207,455447.004,17556302
org.apache.tools.ant.input.MultipleChoiceInputRequest,0,0,0,0,0,0,0,0,0,3,3,8,2,1,32,0.969983061,3,4222.248216,294.0000015,306.8876016,209.389589,190.0000024,4216.283197,4212.137225,4216.283197,94.33981132,209.389589,0,,207.4775559,279.5084972,4212.005149,4221.26391,32.66194542,4212.919178,32.72585829,270600.002,17741149
org.apache.tools.ant.types.RegularExpression,0,0,0,0,0,0,0,0,0,6,8,21,1,7,95,0.866159939,2,4159.474246,295.0000304,307.0016287,203.5927307,185.0000484,4153.12244,4149.09448,4153.394034,89.49301649,209.0598001,0,,214.1537568,270.8228203,4149.028106,4157.829482,96.25303774,4149.8706,96.32322082,797356.0058,17214393
org.apache.tools.ant.taskdefs.compilers.Javac13,0,0,0,0,0,0,0,0,0,2,7,13,1,6,66,0.021005676,0,4188.543064,297.0016135,310.0483833,206.1965082,186.0025764,4182.138209,4178.100645,4182.363566,93.60555539,210.7178208,0,,210.5733726,276.5519843,4178.010897,4187.142821,66.71362912,4178.947834,66.7136436,555865.004,17455884
org.apache.tools.ant.taskdefs.LogStreamHandler,0,0,0,0,0,0,0,0,0,2,9,9,5,4,31,0.921359513,23,4221.900638,274.0000113,288.0919992,204.3942269,184.0000168,4217.016125,4213.11405,4217.148088,94.24436323,207.0990101,0,,206.3574254,276.7399501,4213.010385,4222.079346,32.3942748,4213.939962,32.41466059,262176.002,17749573
org.apache.tools.zip.UnrecognizedExtraField,0,0,0,0,0,0,0,0,0,10,3,13,1,2,76,0.930310883,2,4178.426618,295.0000082,305.9182897,206.5453945,190.0000128,4172.328367,4168.130636,4172.374024,87.46427842,207.4656598,0,,213.909573,276.5519843,4168.010923,4177.164708,76.59439886,4168.786994,76.78376168,639325.0046,17372424
org.apache.tools.ant.listener.MailLogger,0,0,0,0,0,0,0,0,0,5,5,37,0,5,250,0.904863972,2,4004.879649,295.0000153,307.2800026,206.7365473,188.0000241,3998.422189,3994.112667,3998.612259,91.08238029,210.3806075,0,,305.4430684,260.4611295,3994.082256,4002.483729,251.3262402,3994.925782,251.360152,2059537.015,15952212
org.apache.tools.ant.types.DTDLocation,0,0,0,0,0,0,0,0,0,5,1,6,1,0,30,0.970039586,1,4224.383032,296.0000015,308.2401661,210.3806075,192.0000023,4218.371724,4214.145346,4218.326327,92.84934033,209.4683747,0,,209.151816,281.6558183,4214.002338,4223.402183,30.30970537,4214.87746,30.42355965,253746.0018,17758003
org.apache.tools.ant.types.selectors.OrSelector,0,0,0,0,0,0,0,0,0,3,5,14,4,2,52,0.488457153,4,4202.227148,293.0004465,305.9297305,207.5764919,188.0006959,4196.213531,4192.129888,4196.213531,93.9840412,207.5764919,0,,205.6912524,273.7608445,4192.018144,4200.92954,53.44109691,4192.923562,53.49318282,438686.0033,17573063
org.apache.tools.ant.DynamicConfigurator,0,0,0,0,0,0,0,0,0,2,2,2,1,1,2,1,1,4252.314664,296,309.0906016,210.7178208,191,4246.297799,4242.136254,4246.297799,95.27329112,210.7178208,0,,211.0090395,284.608503,4242.00026,4251.536899,2.485174765,4242.933537,2.52536628,16974.00018,17994775
org.apache.tools.tar.TarInputStream,0,0,0,0,0,0,0,0,0,16,3,38,1,2,541,0.389386973,2,3714.732023,295.0006319,304.3846251,204.2669822,190.0009812,3707.871222,3703.14704,3707.922599,81.9390017,205.1974659,0,,567.9610109,259.0482581,3703.098769,3712.049973,541.6569149,3703.759441,541.8914244,4299365.034,13712384
org.apache.tools.ant.types.selectors.NotSelector,0,0,0,0,0,0,0,0,0,3,6,11,4,3,37,0.616192523,7,4216.9834,290.000254,303.0577503,206.6712365,187.0003939,4211.153999,4207.1217,4211.198523,93.63759929,207.5764919,0,,205.3701078,275.9492707,4207.012232,4216.040441,38.37201641,4207.92027,38.41892168,312698.0024,17699051
org.apache.tools.ant.listener.AnsiColorLogger,0,0,0,0,0,0,0,0,0,3,1,18,0,1,274,0.979166667,1,3981.019467,296.0000007,308.804145,211.2060605,192.0000011,3974.640109,3970.145589,3974.640109,94.33981132,211.2060605,0,,335.9879215,273.6585464,3970.019477,3979.420686,274.2647886,3970.975195,274.2823683,2250654.017,15761095
org.apache.tools.ant.taskdefs.ProcessDestroyer,0,0,0,0,0,0,0,0,0,5,1,20,1,0,106,0.955286348,1,4148.573249,296.0000034,308.2401661,210.3806075,192.0000052,4142.451931,4138.148016,4142.405702,92.84934033,209.4683747,0,,220.1186343,271.5326868,4138.025621,4146.899324,106.9759935,4138.893572,107.0766957,888512.0064,17123237
org.apache.tools.ant.filters.BaseParamFilterReader,0,0,0,0,0,0,0,0,0,4,12,7,9,3,22,0.962634704,9,4231.811432,288.0000024,300.8537851,200.8233054,181.0000039,4225.878015,4222.121268,4225.96415,92.6984358,202.6277375,0,,207.2020771,275.5449147,4222.01318,4230.982037,24.40493305,4222.896281,24.47005037,186259.0016,17825490
org.apache.tools.bzip2.CBZip2OutputStream,0,0,0,0,0,0,0,0,0,33,6,43,3,4,4244,0.101077172,3,294,294.0013743,299.6664813,195.7881508,187.0021606,187,31,189,65.76473219,197.6992666,0,,4062.809145,254.2066089,31.88778113,254.2066089,4213.248969,58,4187.096927,18011579.46,170
org.apache.tools.ant.taskdefs.CallTarget,0,0,0,0,0,0,0,0,0,10,9,33,0,9,145,0.175526724,4,4109.458602,293.00116,303.9901314,201.0397971,184.0018472,4103.127709,4099.082458,4103.494243,85.07055895,208.3866598,0,,230.9859297,263.1805464,4099.064045,4107.4402,146.8446101,4099.800239,146.972449,1209768.009,16801981
org.apache.tools.ant.taskdefs.Jikes,0,0,0,0,0,0,0,0,0,2,5,30,0,5,186,0.924758953,0,4068.854016,297.0000095,310.0483833,208.0024038,188.0000151,4062.35252,4058.110891,4062.5396,93.92017888,211.6246677,0,,260.7253339,265.2413995,4058.053579,4066.659194,187.1825918,4058.975856,187.1649405,1544202.011,16467547
org.apache.tools.ant.util.FlatFileNameMapper,0,0,0,0,0,0,0,0,0,4,2,7,1,1,20,0.977444469,0,4234.428533,297.0000009,309.4802094,209.8809186,191.0000013,4228.316095,4224.136835,4228.316095,93.40770846,209.8809186,0,,206.9623101,280.9216973,4224.003167,4233.331194,20.64982567,4224.895857,20.73520788,169367.0013,17842382
org.apache.tools.ant.taskdefs.cvslib.RedirectingStreamHandler,0,0,0,0,0,0,0,0,0,3,5,12,1,4,40,0.914326234,3,4214.267671,294.0000125,306.8876016,207.5764919,188.0000195,4208.201516,4204.114294,4208.336607,93.30058949,210.2974084,0,,204.9247508,277.2760357,4204.009249,4213.133988,40.97418415,4204.920927,41.01380565,337932.0025,17673817
org.apache.tools.ant.taskdefs.condition.And,0,0,0,0,0,0,0,0,0,2,3,7,1,3,23,0.992424242,0,4231.435926,297.0000001,310.0483833,209.8118204,190.0000002,4225.274074,4221.121297,4225.31916,94.57801013,210.7178208,0,,207.2724446,280.9216973,4221.003169,4230.337812,23.5813234,4221.938181,23.61090561,194702.0014,17817047
org.apache.tools.ant.taskdefs.cvslib.CvsTagDiff,0,0,0,0,0,0,0,0,0,21,8,73,0,8,669,0.895640575,4,3586.986758,293.0000186,301.2457469,197.8004044,185.0000294,3579.783513,3575.101957,3580.152092,75.02666193,204.3624232,0,,682.6097445,237.6215478,3575.328603,3582.88836,670.7800387,3575.685249,671.0432603,5230984.043,12780765
org.apache.tools.ant.taskdefs.compilers.CompilerAdapter,0,0,0,0,0,0,0,0,0,2,4,2,3,2,2,1,1,4252.314664,296,309.0906016,208.9066777,189,4246.208309,4242.128357,4246.208309,94.9210198,208.9066777,0,,211.0098868,283.270189,4242.00094,4251.447518,3.460616883,4242.933537,3.485071861,16974.00036,17994775
org.apache.tools.ant.taskdefs.condition.ConditionBase,0,0,0,0,0,0,0,0,0,18,18,23,5,16,110,0.878729478,3,4144.441096,294.000025,302.927384,189.6154002,175.000042,4137.702382,4134.043662,4138.227277,75.43208866,200.7436176,0,,219.5568378,266.5876966,4134.046022,4142.586752,111.7995434,4134.644483,112.0421552,921603.0068,17090146
org.apache.tools.ant.taskdefs.condition.Or,0,0,0,0,0,0,0,0,0,2,3,7,1,3,23,0.992424242,0,4231.435926,297.0000001,310.0483833,209.8118204,190.0000002,4225.274074,4221.121297,4225.31916,94.57801013,210.7178208,0,,207.2724446,280.9216973,4221.003169,4230.337812,23.5813234,4221.938181,23.61090561,194702.0014,17817047
org.apache.tools.ant.taskdefs.cvslib.ChangeLogTask,0,0,0,0,0,0,0,0,0,15,16,77,0,16,504,0.87681929,4,3751.459583,293.0000259,302.6962174,192.6265818,177.0000429,3744.186026,3740.048262,3744.925099,78.33900689,206.494552,0,,521.3759642,235.2870587,3740.345089,3747.393761,506.634056,3740.772113,506.7567869,4024013.032,13987736
org.apache.tools.mail.MailPrintStream,0,0,0,0,0,0,0,0,0,5,1,9,1,0,81,0.942662686,2,4173.439109,295.0000056,307.2800026,210.3806075,192.0000086,4167.425224,4163.147127,4167.379272,92.84934033,209.4683747,0,,219.4452681,279.4584048,4163.005289,4172.369351,81.25260727,4163.888207,81.35837681,680976.0048,17330773
org.apache.tools.ant.taskdefs.cvslib.CvsTagEntry,0,0,0,0,0,0,0,0,0,7,1,11,1,0,98,0.904732661,2,4156.481806,295.0000154,306.7262623,209.5709904,192.0000236,4150.44335,4146.14773,4150.39721,91,208.655218,0,,224.4534503,278.0017986,4146.007898,4155.309976,98.3141978,4146.850853,98.45779003,822231.0059,17189518
org.apache.tools.ant.taskdefs.condition.Os,0,0,0,0,0,0,0,0,0,13,14,23,12,2,308,0.95535435,10,3946.44967,287.0000035,297.4104907,195.2562419,179.0000056,3940.068147,3936.138336,3940.113704,84.69356528,196.1733927,0,,362.0062882,261.7250466,3936.075439,3944.69213,308.9525544,3936.77279,309.1646417,2519463.019,15492286
org.apache.tools.mail.SmtpResponseReader,0,0,0,0,0,0,0,0,0,5,1,19,1,0,108,0.940420057,1,4146.578348,296.000006,308.2401661,210.3806075,192.0000092,4140.454081,4136.148087,4140.40783,92.84934033,209.4683747,0,,221.9597601,272.2443755,4136.023189,4144.950301,108.8648178,4136.894004,108.9652825,905059.0065,17106690
org.apache.tools.ant.filters.ClassConstants,0,0,0,0,0,0,0,0,0,5,3,20,1,2,168,0.947937991,1,4086.733659,296.0000046,308.2401661,208.5569467,190.0000071,4080.425958,4076.133585,4080.472644,92.11405973,209.4683747,0,,255.7314111,271.5326868,4076.026011,4085.034394,168.624632,4076.907161,168.6979844,1397780.01,16613969
org.apache.tools.ant.ExitException,0,0,0,0,0,0,0,0,0,2,1,7,1,0,20,0.984905877,2,4234.288724,295.0000004,308.1330881,211.6246677,192.0000006,4228.361385,4224.145002,4228.316095,95.63472173,210.7178208,0,,206.9623101,280.9216973,4224.003167,4233.331194,20.64191883,4224.937514,20.69486991,169367.0013,17842382
org.apache.tools.ant.types.selectors.FileSelector,0,0,0,0,0,0,0,0,0,1,15,1,14,1,1,1,1,4253.312239,296,309.3800252,199.459269,178,4246.732038,4243.136222,4246.732038,96.20810777,199.459269,0,,212.0054411,276.8176295,4243.010141,4252.020343,9.329656901,4243.954406,9.332787357,8488.005205,18003261
org.apache.tools.ant.types.selectors.ExtendFileSelector,0,0,0,0,0,0,0,0,0,0,4,0,2,2,0,1,0,4254.379508,297,310.6283954,209.7665369,189,4248.206327,4244.128297,4248.250934,96.79876032,210.6679852,0,,213,285.4277492,4244.000052,4253.58731,0.666640842,4244.975501,0.666640842,0.666640842,18011749
org.apache.tools.ant.taskdefs.XSLTLiaison,0,0,0,0,0,0,0,0,0,3,1,3,1,0,4,1,1,4250.319517,296,308.804145,211.2060605,192,4244.344944,4240.144455,4244.299824,94.70480452,210.2974084,0,,210.0371664,283.867927,4240.000585,4249.491852,4.563784887,4240.913109,4.632511244,33939.0003,17977810
org.apache.tools.ant.BuildLogger,0,0,0,0,0,0,0,0,0,4,5,4,4,1,4,1,1,4250.319517,296,308.5206638,207.1545317,188,4244.165878,4240.136319,4244.165878,93.40770846,207.1545317,0,,209.0399189,281.1138559,4240.002925,4249.308767,6.382915498,4240.892477,6.440248613,33940.00061,17977809
org.apache.tools.ant.types.selectors.AndSelector,0,0,0,0,0,0,0,0,0,3,6,14,5,2,52,0.488457153,5,4202.157541,292.0004481,304.9721299,206.6712365,187.0006997,4196.168848,4192.129888,4196.168848,93.9840412,206.6712365,0,,205.7025613,273.0750813,4192.020217,4200.884907,53.6035157,4192.923562,53.65544394,438686.0033,17573063
org.apache.tools.ant.taskdefs.rmic.RmicAdapterFactory,0,0,0,0,0,0,0,0,0,3,7,14,1,6,88,0.978918795,2,4166.456648,295.0000008,307.8457406,205.7668584,186.0000012,4160.160093,4156.101178,4160.386641,92.65527508,210.2974084,0,,217.5342136,275.8296576,4156.012676,4165.143215,88.62357711,4156.931561,88.64028474,739214.0053,17272535
org.apache.tools.ant.taskdefs.Sequential,0,0,0,0,0,0,0,0,0,4,6,16,0,6,46,0.844786681,4,4208.212566,293.0000411,305.6435833,206.2474242,187.0000644,4202.162895,4198.100166,4202.388369,91.70605214,210.791366,0,,202.2680769,275.0872589,4198.01443,4207.003328,47.32595277,4198.901404,47.37065876,388348.0029,17623401
org.apache.tools.ant.util.RegexpPatternMapper,0,0,0,0,0,0,0,0,0,5,4,20,0,4,144,0.960113842,1,4110.670991,296.0000027,308.2401661,207.6463339,189.0000042,4104.353908,4100.117193,4104.493148,91.41662868,210.3806075,0,,240.6559809,272.2370291,4100.023418,4109.028231,144.6762743,4100.901852,144.738532,1201556.009,16810193
org.apache.tools.ant.util.IdentityMapper,0,0,0,0,0,0,0,0,0,4,4,5,3,1,16,0.977444469,0,4238.418691,297.0000009,309.4802094,208.0624906,189.0000013,4232.22223,4228.136705,4232.22223,93.40770846,208.0624906,0,,208.6166805,281.0427014,4228.003018,4237.33041,16.77052632,4228.895009,16.85531829,135557.001,17876192
org.apache.tools.ant.taskdefs.compilers.Javac12,0,0,0,0,0,0,0,0,0,3,8,20,1,7,151,0.027137861,0,4103.761445,297.0015934,309.7628125,204.8633691,185.002558,4097.178785,4093.095772,4097.454088,92.34717104,210.2974084,0,,244.9258846,271.5326868,4093.025903,4101.996953,151.7328795,4093.945896,151.7299727,1258907.009,16752842
org.apache.tools.ant.types.selectors.BaseSelectorContainer,0,0,0,0,0,0,0,0,0,23,19,40,6,19,179,0.491772339,15,4074.769809,282.000458,290.0827468,186.8154169,174.0007422,4068.722281,4065.031488,4069.253126,69.85699679,198.0403999,0,,248.9361675,254.0177159,4065.126556,4072.928922,181.9466402,4065.568718,182.2517673,1487351.011,16524398
org.apache.tools.ant.FileScanner,0,0,0,0,0,0,0,0,0,14,5,14,5,0,14,1,1,4240.343854,296,305.851271,203.1575743,188,4234.175717,4230.144797,4234.131434,84.58132182,202.2325394,0,,199.5002764,273.0750813,4230.020036,4238.805256,19.1060378,4230.700769,19.32020574,118650.0016,17893099
org.apache.tools.ant.util.regexp.RegexpUtil,0,0,0,0,0,0,0,0,0,3,0,4,0,0,20,0.984905877,6,4234.011927,291.0000004,304.0148023,212.1155346,193.0000006,4228.40691,4224.145002,4228.361385,94.70480452,211.2060605,0,,209.9442645,283.8045102,4224.000621,4233.523473,20.11406504,4224.916567,20.18921382,169364.0012,17842385
org.apache.tools.ant.taskdefs.condition.Http,0,0,0,0,0,0,0,0,0,4,4,15,1,3,109,0.951681879,0,4145.652422,297.0000039,309.4802094,208.0624906,189.0000062,4139.317093,4135.123819,4139.408895,92.6984358,209.8809186,0,,225.9437751,275.1090693,4135.014592,4144.141648,109.556622,4135.915135,109.6122288,913326.0066,17098423
org.apache.tools.bzip2.CRC,0,0,0,0,0,0,0,0,0,7,2,8,2,0,1082,0.948104577,3,3175.638518,294.0000046,305.7646153,208.655218,191.0000071,3167.763407,3162.193701,3167.703269,91,207.7402224,0,,1099.821921,279.5084972,3162.006859,3174.329693,1081.954641,3163.115553,1081.879994,8013300.073,9998449
org.apache.tools.ant.taskdefs.PumpStreamHandler,0,0,0,0,0,0,0,0,0,13,9,20,7,2,111,0.878209565,9,4143.022206,288.0000258,298.3756022,199.8499437,184.0000403,4137.093787,4133.131742,4137.138383,84.69356528,200.7710138,0,,222.6993467,267.3462175,4133.042523,4141.63772,112.5687748,4133.735962,112.8083729,929867.0068,17081882
