"Class Name","HasT","#Bugs","#Blocker","#Critical","#Major","#Normal","#Minor","#Trivial","WMC","CBO","RFC","Ca","Ce","LOC","Qi","FANIN","d(LOC,FANIN)","d(Qi,FANIN)","d(WMC,FANIN)","d( WMC,CBO)","d(Qi,CBO)","d(LOC, CBO)","d(LOC, Ce)","d(LOC, Ca)","d(WMC, Ce)","d(WMC, Ca)","Risk1","TLOC"
"org.apache.tools.ant.taskdefs.Manifest","1","5","2","0","0","3","0","0","17","7","71","2","5","569","0.58337224195592","3","3686.7412439714","294.0002952017","303.16991935217","200.17991907282","186.00046660879","3679.7039283073","3675.1224469397","3679.9082869006","79.849859110709","203.90193721493","21","171"
"org.apache.tools.ant.taskdefs.Jar","1","6","1","1","1","3","0","0","21","15","83","2","13","799","0.31952103898528","4","3457.4374903966","293.00079018941","301.24574685794","191.26944345608","178.00130070204","3449.5954835314","3445.0702460182","3450.2354992087","73.375745311377","202.48456731317","24","134"
"org.apache.tools.ant.taskdefs.Zip","1","5","1","1","1","2","0","0","34","25","138","3","22","1740","0.23404189453256","7","2520.737193759","290.00101153586","295.54864235858","177.40631330367","168.00174609753","2509.6294547204","2504.033745779","2511.1226572989","58.463663928974","197.40820651635","21","49"
"org.apache.tools.ant.Project","1","5","1","0","0","2","2","0","91","157","212","148","17","2452","0.10326792365807","145","1798.4348751067","152.00264513625","152","36","36.011166718349","1792.3615706659","1792.0903995056","1792.5400971805","18","44","16","128"
"org.apache.tools.ant.taskdefs.SQLExec","1","4","1","0","1","1","1","0","18","13","90","1","13","778","0.64502160908409","5","3478.2783097389","292.00021576988","300.98671067009","194.23954283307","180.00035002649","3470.6708285287","3466.0698204162","3471.2587054266","76.243032468548","204.47493733952","15","132"
"org.apache.tools.ant.taskdefs.Copy","1","3","1","0","1","1","0","0","27","18","87","1","17","919","0.21796894626771","6","3337.709693787","291.00105081008","297.95469454264","186.33571852975","175.00174734147","3329.6020783271","3325.0487214476","3330.4813465924","66.483080554379","201.43733516903","13","71"
"org.apache.tools.ant.taskdefs.Tar","1","2","1","0","1","0","0","0","11","17","83","0","17","671","0.85567999730483","4","3584.9934449034","293.00003554311","303.72520474929","193.32873557751","176.00005917119","3577.3321064726","3573.0453397627","3578.1549714902","82","208","10","74"
"org.apache.tools.ant.taskdefs.AntStructure","1","2","1","0","0","0","1","0","10","7","61","0","7","758","0.90870208729274","4","3498.2917259714","293.00001422408","303.99013141877","202.87188075236","186.00002240674","3490.9586076034","3486.1124479856","3491.2834316337","85.702975444263","208.38665984175","8","11"
"org.apache.tools.ant.taskdefs.Rmic","1","2","1","0","0","1","0","0","48","25","108","7","20","816","0.017419948874917","7","3440.2447587345","290.00166458756","293.17059879872","173.41568556506","168.00287337887","3432.1142172136","3428.0328178126","3432.9883483636","45.541190146943","189.93156662335","9","54"
"org.apache.tools.ant.taskdefs.Ant","1","2","1","1","0","0","0","0","19","16","117","1","15","849","0.29058140833765","6","3407.4486056286","291.00086473194","299.77491556166","191.08375127153","177.00142167434","3399.6108600838","3395.0589096509","3400.3685094413","74.726166769078","204.1200627082","11","347"
"org.apache.tools.ant.taskdefs.Mkdir","1","2","1","0","0","1","0","0","3","3","14","0","3","82","0.96655368045396","4","4172.3006842748","293.00000190897","305.92973049379","209.38958904396","190.00000294383","4166.3346001011","4162.1230159619","4166.4262863994","93.637599285757","211.20606051911","9","23"
"org.apache.tools.ant.taskdefs.Concat","1","1","1","0","0","0","0","0","12","11","64","0","11","581","0.81679970400245","4","3674.699715623","293.00005727363","303.46334210247","198.40614909826","182.00009220423","3667.5186434427","3663.0786232348","3668.0284895295","82.565125809872","207.61743664731","6","51"
"org.apache.tools.ant.taskdefs.AbstractCvsTask","1","1","1","0","0","0","0","0","40","17","99","2","15","855","0.39380938628111","5","3401.556261478","292.00062922374","296.42030969554","183.24027941476","176.00104393742","3393.5670024327","3389.0590139447","3394.3218763105","54.781383699209","196.72569735548","6","29"
"org.apache.tools.ant.taskdefs.BUnzip2","1","1","1","0","0","0","0","0","3","5","24","0","5","163","0.97245569315468","0","4091.7930055173","297.00000127725","309.76281248723","207.57649192527","188.00000201779","4085.3280162063","4081.1102656018","4085.5140435446","92.973114393356","211.20606051911","6","17"
"org.apache.tools.ant.taskdefs.Checksum","1","1","1","0","0","0","0","0","15","11","72","1","10","683","0.84705066342041","4","3573.0337250018","293.00003992065","302.69621735331","197.23082923316","182.00006426784","3565.6479074637","3561.087755167","3566.11861833","80.006249755878","205.56507485466","6","39"
"org.apache.tools.ant.taskdefs.Parallel","1","1","1","0","0","0","0","0","3","6","21","1","6","146","0.98866505968779","3","4108.5325847558","294.0000002185","306.88760157426","206.67123650862","187.00000034353","4102.2643747082","4098.1026097451","4102.4486590328","92.655275079188","210.29740844813","6","43"
"org.apache.tools.ant.taskdefs.LoadProperties","1","1","1","0","0","0","0","0","4","8","39","0","8","200","0.96709841702486","0","4054.8914905334","297.00000182241","309.48020938341","204.43580899637","185.00000292571","4048.2293660315","4044.0901325267","4048.555297881","91.093358704134","210.79136604709","6","16"
"org.apache.tools.ant.taskdefs.LoadFile","1","1","1","0","0","0","0","0","7","7","36","0","7","261","0.89236801793247","0","3994.0578363364","297.00001950277","308.65028754239","204.08821622034","186.00003114151","3987.340592425","3983.0984170618","3987.6249823673","88.543774484715","209.57099035888","6","67"
"org.apache.tools.ant.taskdefs.Move","1","1","1","0","0","0","0","0","5","11","46","0","11","587","0.86890225077011","1","3668.9596618115","296.00002903145","308.24016610429","201.29580224138","182.00004721598","3661.5260479751","3657.0787522283","3662.0367283794","89.286057142199","210.38060747132","6","27"
"org.apache.tools.ant.taskdefs.BZip2","1","1","1","0","0","0","0","0","2","5","14","0","5","66","0.99316287878788","0","4188.5430641215","297.0000000787","310.04838332106","208.00240383226","188.00000012433","4182.227636081","4178.1077056486","4182.4093534708","93.920178875469","211.6246677493","6","24"
"org.apache.tools.ant.taskdefs.Property","1","4","0","1","0","3","0","0","30","12","77","2","10","717","0.057821722491467","5","3539.0666848761","292.00152003013","298.30353668705","191.00261778311","181.00245219308","3531.64126151","3527.0886010986","3532.1139562591","65.924198895398","199.55199823605","14","43"
"org.apache.tools.ant.DirectoryScanner","1","2","0","1","0","1","0","0","34","33","67","27","6","1171","0.19105232162155","25","3085.0142625278","272.0012029318","277.90825824362","169.84993376507","160.00204497551","3077.1624916471","3073.1368339207","3077.4265222747","63.953107821278","174.56803831171","8","99"
"org.apache.tools.ant.taskdefs.War","1","1","0","1","0","0","0","0","9","9","34","0","9","166","0.51123494781507","4","4088.5123211261","293.00040766401","304.25811410709","201.44478151593","184.00064915993","4082.1489438775","4078.0828829243","4082.5173606489","86.023252670426","208.77739341222","5","16"
"org.apache.tools.ant.taskdefs.ExecuteWatchdog","1","1","0","1","0","0","0","0","8","8","22","5","3","141","0.88839939355034","5","4113.3773228334","292.00002132653","303.56712601993","202.76587484091","185.00003366134","4107.1686110994","4103.1247848439","4107.2591834458","88.955044826024","204.59227746912","5","97"
"org.apache.tools.ant.types.CommandlineJava","1","1","0","0","1","0","0","0","27","10","60","1","9","401","0.008988286862802","13","3853.4795964167","284.00172905145","291.12196756686","193.86851214161","183.00268332518","3847.354675618","3843.0879511143","3847.7434945693","69.079664156682","201.43733516903","4","75"
"org.apache.tools.ant.taskdefs.Tstamp","1","1","0","0","1","0","0","0","4","6","22","1","6","142","0.97070499459123","5","4112.3798462691","292.00000146952","304.68508332375","206.24742422634","187.00000229465","4106.2602206874","4102.1025096894","4106.444325691","91.706052144883","209.88091861815","4","57"
"org.apache.tools.ant.AntClassLoader","1","4","0","0","0","3","1","0","42","20","115","14","8","1369","0.20817805073727","22","2888.1222273304","275.00113996491","279.33134446388","179.80545041794","173.00181207721","2880.2003402541","2875.1267798134","2880.5049904487","55.946402922797","184.6212338817","11","35"
"org.apache.tools.ant.types.AbstractFileSet","1","2","0","0","0","2","0","0","41","52","102","26","26","698","0.017387140846191","17","3557.0375314298","280.00172415189","284.42925306656","149.60280746029","141.0034238167","3548.8021922897","3546.0114213014","3549.8833783661","50.803543183522","173.36666346215","6","196"
"org.apache.tools.ant.util.FileUtils","1","2","0","0","0","2","0","0","29","28","120","25","6","1348","0.48902613084269","30","2908.2821389955","267.00048894018","274.10399486326","176.26400653565","165.00079119294","2900.6966404641","2896.1451966364","2900.8110934702","68.44705983459","178.13758727456","6","245"
"org.apache.tools.ant.taskdefs.Available","1","2","0","0","0","2","0","0","20","14","67","1","13","812","0.002835026725498","4","3444.4844316675","293.00169681758","301.47968422433","192.56687150182","179.00277745885","3436.6648076296","3432.0705120962","3437.3107220617","74.330343736593","203.76947759662","6","109"
"org.apache.tools.ant.taskdefs.ExecuteJava","1","2","0","0","0","2","0","0","10","10","47","1","9","329","0.89283371868653","2","3926.0985723744","295.00001946544","305.91828974417","200.12496096189","183.00003137872","3919.2746777943","3915.0863336586","3919.6563624889","85.070558949615","207.46565980904","6","57"
"org.apache.tools.ant.IntrospectionHelper","1","2","0","0","0","1","1","0","24","25","78","16","21","1203","0.62182227568634","4","3055.0826502731","293.00024405859","300.56280541677","180.86735471057","168.00042564943","3045.6370433786","3041.0322260706","3046.0888036957","68.44705983459","188.32153355365","5","370"
"org.apache.tools.ant.util.CollectionUtils","1","2","0","0","0","1","1","0","3","3","12","3","0","90","0.88957759412305","3","4164.390951868","294.00002073658","306.88760157426","209.38958904396","190.00003208712","4158.3429392007","4154.1474456259","4158.2973679139","94.704804524375","208.48261318393","5","67"
"org.apache.tools.ant.types.FilterSet","1","2","0","0","0","1","1","0","19","11","61","7","5","503","0.4821215899436","5","3752.3785789816","292.00045924287","300.74573978695","195.72429588582","182.00073680633","3745.4245420246","3741.120286759","3745.5715184735","78","198.51700179078","5","83"
"org.apache.tools.ant.taskdefs.XmlProperty","1","1","0","0","0","1","0","0","9","4","41","0","4","334","0.52374269657511","4","3920.9627644241","293.00038706633","304.25811410709","206.02184350209","189.00060005465","3914.5652376733","3910.1228880944","3914.7112281751","87.664131775772","208.77739341222","3","15"
"org.apache.tools.ant.types.XMLCatalog","1","1","0","0","0","1","0","0","21","10","82","1","9","719","0.057508336692049","3","3537.2391776638","294.00151069431","302.21846402892","195.93111034239","183.00242700723","3529.7470164305","3525.0958852207","3530.1708173968","74.672618810378","203.42320418281","3","277"
"org.apache.tools.ant.types.PatternSet","1","1","0","0","0","1","0","0","21","12","62","7","6","630","0.29694536670248","3","3625.9387749933","294.00084062094","302.21846402892","194.06442229322","181.00136542528","3618.5296737764","3614.1163511985","3618.7319602314","75.769386958058","197.80040444852","3","152"
"org.apache.tools.ant.util.JavaEnvUtils","1","1","0","0","0","1","0","0","11","15","26","14","2","361","0.89339636298318","21","3892.7965526084","276.00002058756","287.36040089059","195.15122341405","178.00003192229","3887.0776941039","3883.140224097","3887.0776941039","86.53900854528","195.15122341405","3","89"
"org.apache.tools.ant.taskdefs.Basename","1","1","0","0","0","1","0","0","5","5","13","0","5","71","0.91814993919313","3","4183.3437582871","294.00001139359","306.32009401931","206.73654732533","188.00001781764","4177.2326964152","4173.1078346959","4177.4146310846","91.082380293886","210.38060747132","3","47"
"org.apache.tools.ant.types.Mapper","1","1","0","0","0","1","0","0","11","14","40","5","9","286","0.049913203307111","8","3968.5368840418","289.0015616998","299.86830442713","196.06376513777","179.00252139264","3962.0455575372","3958.0853957438","3962.4150464079","84.118963379252","203.39370688396","3","117"
"org.apache.tools.ant.taskdefs.Java","1","1","0","0","0","1","0","0","31","20","103","0","20","673","0.013904354255645","25","3581.3440214534","272.00178746586","278.53904573686","183.10925700248","173.00281033735","3575.1881069393","3571.0315036415","3576.1578544578","61.846584384265","201.15665537088","3","97"
"org.apache.tools.ant.types.EnumeratedAttribute","1","0","0","0","0","0","0","0","8","46","14","45","1","87","0.96636519408034","45","4164.6311961565","252.00000224464","265.31679177919","168.81350656864","147.00000384796","4159.5982979129","4157.1390402535","4159.5982979129","89.693923985965","168.81350656864","0","51"
"org.apache.tools.zip.ZipShort","1","0","0","0","0","0","0","0","7","6","8","6","0","89","0.94815982828862","4","4165.3179950635","293.00000458601","304.80321520614","205","187.00000718557","4159.2059338292","4155.1474101408","4159.1610932975","91","204.08821622034","0","32"
"org.apache.tools.ant.taskdefs.Delete","1","0","0","0","0","0","0","0","21","11","56","0","11","715","0.49756216574445","7","3540.8955082013","290.00043524757","298.32867780353","194.99743588058","182.00069352554","3533.6899977219","3529.0816085775","3534.2191499679","74","204.36242316042","0","20"
"org.apache.tools.ant.util.regexp.Regexp","1","0","0","0","0","0","0","0","1","5","1","3","2","3","1","1","4251.3170900322","296","309.38002521171","208.43224318708","188","4245.1648966795","4241.1283875874","4245.209299905","95.859271852023","209.33466029303","0","32"
"org.apache.tools.ant.util.facade.FacadeTaskHelper","1","0","0","0","0","0","0","0","8","3","18","2","1","108","0.91959096293901","3","4146.43606004","294.00001099594","305.4914074078","207.33788848158","190.00001701477","4140.361819938","4136.1397461885","4140.361819938","89.693923985965","207.33788848158","0","31"
"org.apache.tools.ant.types.Path","1","0","0","0","0","0","0","0","28","44","96","32","13","1047","0.0060911138638683","79","3204.4239731971","218.00226571041","226.92069099137","161.77144370995","149.00331491237","3200.4702779435","3197.0756950689","3201.0012496093","66.730802482811","171.95638982021","0","443"
"org.apache.tools.ant.types.selectors.FilenameSelector","1","0","0","0","0","0","0","0","8","9","23","4","5","198","0.7805159581024","7","4056.3796666486","290.00008305731","301.64382970649","201.85390756683","184.00013090551","4050.1817243181","4046.1112194303","4050.3654156138","88.255311454892","205.50669088864","0","65"
"org.apache.tools.ant.filters.LineContains","1","0","0","0","0","0","0","0","8","6","26","1","5","167","0.90385395828233","1","4087.7310332261","296.00001561497","307.41665537183","204.59227746912","187.00002471674","4081.2863168369","4077.1103737819","4081.4715483512","88.255311454892","208.25465180879","0","17"
"org.apache.tools.ant.util.PackageNameMapper","1","0","0","0","0","0","0","0","2","1","6","0","1","20","0.99242424242424","1","4234.358511038","296.00000009695","309.09060160413","211.6246677493","192.00000014946","4228.3613847447","4224.1368349049","4228.3613847447","95.273291115611","211.6246677493","0","15"
"org.apache.tools.ant.util.regexp.RegexpMatcher","1","0","0","0","0","0","0","0","6","7","6","6","1","10","1","4","4244.1259406384","293","305.08031729366","204.50183373261","186","4238.0835291438","4234.1365117341","4238.0835291438","91.547801721287","204.50183373261","0","135"
"org.apache.tools.zip.AsiExtraField","1","0","0","0","0","0","0","0","20","4","42","0","4","376","0.60081705819593","1","3879.3092168581","296.00026916714","304.396123497","201.89601283829","189.0004215525","3872.6147497524","3868.1242224107","3872.762321651","77.472575792986","204.70710783947","0","95"
"org.apache.tools.ant.taskdefs.Sleep","1","0","0","0","0","0","0","0","10","2","20","0","2","130","0.9129573714132","4","4124.4205653643","293.00001292904","303.99013141877","207.46565980904","191.00001983356","4118.4313761431","4114.1323508123","4118.4778741666","87.46427842268","208.38665984175","0","66"
"org.apache.tools.ant.taskdefs.Typedef","1","0","0","0","0","0","0","0","2","4","4","0","4","11","0.96095778199109","0","4243.4064146626","297.00000256615","310.04838332106","208.90667772955","189.00000403253","4237.2172472036","4233.1135113531","4237.3521213135","94.244363226667","211.6246677493","0","35"
"org.apache.tools.ant.types.DirSet","1","0","0","0","0","0","0","0","3","7","8","3","4","27","0.23043239032678","1","4227.3756634584","296.0010003941","308.8041450499","205.76685836159","186.00159202089","4221.099975125","4217.1139420224","4221.2332321254","93.300589494386","208.48261318393","0","32"
"org.apache.tools.ant.types.selectors.DependSelector","1","0","0","0","0","0","0","0","7","13","25","4","9","201","0.37262162477158","2","4053.7481421519","295.00066712404","306.72626232522","198.63534428696","180.00109334008","4047.0049419293","4043.0836004218","4047.3686513586","87.931791747922","205.91260281974","0","112"
"org.apache.tools.ant.util.DOMElementWriter","1","0","0","0","0","0","0","0","8","1","40","1","0","464","0.62692707247469","5","3791.2615314694","292.00023832766","303.56712601993","209.17217788224","192.00036245645","3784.8730493902","3780.1620335642","3784.8224529032","90.077744199108","208.25465180879","0","62"
"org.apache.tools.ant.util.GlobPatternMapper","1","0","0","0","0","0","0","0","5","3","15","2","1","137","0.95528634759398","2","4117.5810860261","295.00000338866","307.28000260349","208.55694665966","190.00000526134","4111.3925864602","4107.1407329187","4111.3925864602","92.477024173575","208.55694665966","0","59"
"org.apache.tools.ant.taskdefs.Javac","1","0","0","0","0","0","0","0","72","27","116","11","18","900","3.0180137153313E-5","7","3356.5512062234","290.00172402874","290.62174729363","167.08381130439","166.00301183906","3348.1176801301","3344.0432114433","3348.8948923488","25.495097567964","181.99450541156","0","134"
"org.apache.tools.ant.types.FileSet","1","0","0","0","0","0","0","0","3","30","8","26","4","27","0.23043239032678","8","4226.8912926641","289.00102462501","302.10097649627","185.23768515073","163.00181665953","4220.1490495005","4217.1139420224","4220.2659868781","93.300589494386","187.88294228056","0","8"
"org.apache.tools.ant.taskdefs.Copydir","1","0","0","0","0","0","0","0","8","7","37","0","7","277","0.95539768957327","3","3977.879460215","294.00000338328","305.4914074078","203.67866849526","186.00000534776","3971.3580800527","3967.0988139949","3971.6436144246","87.595661993046","209.17217788224","0","33"
"org.apache.tools.ant.types.selectors.PresentSelector","1","0","0","0","0","0","0","0","7","13","25","4","9","199","0.37837846938335","2","4055.7428419465","295.00065493712","306.72626232522","198.63534428696","180.00107336715","4049.0029636937","4045.0835590875","4049.3664936629","87.931791747922","205.91260281974","0","97"
"org.apache.tools.ant.taskdefs.condition.Equals","1","0","0","0","0","0","0","0","6","3","11","1","2","74","0.96636519408034","0","4180.5632395647","297.00000190455","308.92393885874","208.14658296499","190.00000297711","4174.3262929484","4170.1305734953","4174.3719288056","91.181138400439","209.0598000573","0","23"
"org.apache.tools.ant.TaskContainer","1","0","0","0","0","0","0","0","1","9","1","8","1","1","1","1","4253.3122387147","296","309.38002521171","204.83163818121","184","4246.9877560455","4243.1362221828","4246.9877560455","96.208107766446","204.83163818121","0","15"
"org.apache.tools.ant.taskdefs.Untar","1","0","0","0","0","0","0","0","3","8","22","0","8","104","0.98563891758494","1","4150.5681538797","296.00000034838","308.8041450499","204.86336910243","185.00000055741","4144.1313927046","4140.0880425421","4144.4497825405","92.048900047746","211.20606051911","0","51"
"org.apache.tools.ant.types.selectors.SizeSelector","1","0","0","0","0","0","0","0","8","10","28","4","6","365","0.79395472748898","7","3889.8253174147","290.00007319767","301.64382970649","200.94277792446","183.00011599629","3883.314306105","3879.1084027132","3883.5531411325","87.920418561333","205.50669088864","0","141"
"org.apache.tools.ant.taskdefs.FixCRLF","1","0","0","0","0","0","0","0","18","12","82","1","12","1238","0.10428808845207","5","3020.1490029467","292.00137379784","300.98671067009","195.16659550241","181.0022162843","3011.4443378552","3006.0879893975","3012.0619183543","76.53757247261","204.47493733952","0","115"
"org.apache.tools.ant.types.selectors.ContainsSelector","1","0","0","0","0","0","0","0","7","9","28","4","5","215","0.81780101316506","7","4039.423349935","290.00005723529","301.92051934243","202.26715007633","184.00009020778","4033.1993503917","4029.1116886976","4033.3838151111","89.196412483911","205.91260281974","0","58"
"org.apache.tools.ant.taskdefs.Input","1","0","0","0","0","0","0","0","6","8","19","0","8","88","0.84709419024529","3","4166.385963878","294.00003976222","306.04084694694","203.59273071502","185.00006318968","4160.1155032042","4156.0877035982","4160.4326698073","89.185200566013","209.97380789041","0","43"
"org.apache.tools.ant.util.JAXPUtils","1","0","0","0","0","0","0","0","8","2","21","1","1","89","0.96148752015062","4","4165.3179950635","293.00000253108","304.52914474644","208.25465180879","191.00000388275","4159.3876953225","4155.139107178","4159.3876953225","89.693923985965","208.25465180879","0","16"
"org.apache.tools.zip.ZipEntry","1","0","0","0","0","0","0","0","23","5","68","2","3","462","0.56408428925674","3","3793.4100753807","294.00032316735","301.76149522429","199.9199839936","188.00050537833","3786.669776994","3782.135375684","3786.76959954","75.153176912224","201.80188304374","0","48"
"org.apache.tools.ant.taskdefs.Echo","1","0","0","0","0","0","0","0","7","7","21","0","7","144","0.89280930068043","3","4110.5274600713","294.00001954055","305.76461534978","204.08821622034","186.00003088668","4104.2168558691","4100.0956086413","4104.4931477589","88.543774484715","209.57099035888","0","23"
"org.apache.tools.ant.taskdefs.Replace","1","0","0","0","0","0","0","0","22","9","92","2","9","837","0.82774632573715","4","3419.5757046745","293.00005063366","301.01494979486","196.5120861423","184.00008062859","3411.9649763736","3407.0992060696","3412.2938032942","73.736015623303","202.14103987068","0","32"
"org.apache.tools.ant.taskdefs.CVSPass","1","0","0","0","0","0","0","0","6","3","30","0","3","1262","0.86285420111564","1","2996.654801608","296.00003177191","307.96266007424","208.14658296499","190.00004949728","2988.0468537157","2982.1716919051","2988.1746936884","90.824005637276","209.97380789041","0","75"
"org.apache.tools.ant.util.DateUtils","1","0","0","0","0","0","0","0","7","1","20","1","0","197","0.91910297157358","7","4057.3771084285","290.00001128333","301.92051934243","209.57099035888","192.00001704252","4051.5519248801","4047.1513438467","4051.5046587657","91","208.65521800329","0","53"
"org.apache.tools.ant.types.selectors.DepthSelector","1","0","0","0","0","0","0","0","7","8","26","4","4","261","0.82035965735066","7","3993.5434140623","290.00005563905","301.92051934243","203.1772625074","185.00008721796","3987.2940699176","3983.1206358834","3987.4343881749","89.537701556383","205.91260281974","0","101"
"org.apache.tools.ant.types.FileList","1","0","0","0","0","0","0","0","8","9","31","4","5","181","0.40846398487359","1","4073.7679118968","296.0005910718","307.41665537183","201.85390756683","184.00095085313","4067.1642455155","4063.1107540898","4067.3471698393","88.255311454892","205.50669088864","0","99"
"org.apache.tools.ant.util.StringUtils","1","0","0","0","0","0","0","0","6","14","24","14","0","116","0.9479940853986","7","4138.173993442","290.00000466313","302.20026472523","198.15650380444","179.00000755479","4131.879112462","4128.1483742714","4131.8359115531","91.923881554251","197.25364381932","0","29"
"org.apache.tools.ant.taskdefs.condition.Contains","1","0","0","0","0","0","0","0","5","3","9","1","2","64","0.97374202762294","0","4190.5380322818","297.00000116074","309.20058214693","208.55694665966","190.00000181442","4184.3159536536","4180.1302611282","4184.3614805607","92.114059730315","209.46837470129","0","13"
"org.apache.tools.ant.types.Description","1","0","0","0","0","0","0","0","2","3","8","0","3","28","0.98490587695133","0","4226.448272486","297.00000038356","310.04838332106","209.81182044871","190.00000059956","4220.2791376875","4216.1214403762","4220.3696520566","94.578010129205","211.6246677493","0","25"
"org.apache.tools.ant.taskdefs.Deltree","1","0","0","0","0","0","0","0","4","3","17","0","3","152","0.93531934865788","4","4102.4764472206","293.00000713923","305.64358327961","208.97128989409","190.00001100944","4096.408671019","4092.1251202767","4096.5019223723","92.698435801258","210.79136604709","0","14"
"org.apache.tools.ant.taskdefs.Taskdef","1","0","0","0","0","0","0","0","2","4","4","0","4","11","0.88374332311152","0","4243.4064146626","297.00002275356","310.04838332106","208.90667772955","189.00003575559","4237.2172472036","4233.1135113531","4237.3521213135","94.244363226667","211.6246677493","0","45"
"org.apache.tools.zip.ZipLong","1","0","0","0","0","0","0","0","7","2","8","2","0","147","0.94815982828862","3","4107.5351489671","294.00000457041","305.76461534978","208.65521800329","191.00000703509","4101.4497436882","4097.1494969064","4101.403296434","91","207.74022239326","0","34"
"org.apache.tools.ant.types.selectors.BaseSelector","1","0","0","0","0","0","0","0","6","15","8","12","3","39","0.91635533494724","12","4214.6470789379","285.00001227444","297.40544715926","197.25364381932","178.00001965289","4208.7657335613","4205.121758047","4208.8507932689","90.824005637276","199.06029237394","0","107"
"org.apache.tools.ant.taskdefs.GZip","1","0","0","0","0","0","0","0","2","4","12","0","4","55","0.99316287878788","0","4199.5154482392","297.0000000787","310.04838332106","208.90667772955","189.00000012367","4193.2614991197","4189.1147036098","4193.397786998","94.244363226667","211.6246677493","0","38"
"org.apache.tools.ant.taskdefs.GUnzip","1","0","0","0","0","0","0","0","3","4","20","0","4","124","0.97245569315468","0","4130.6911044037","297.00000127725","309.76281248723","208.48261318393","189.00000200711","4124.3327945257","4120.116624563","4124.4713600654","93.300589494386","211.20606051911","0","29"
"org.apache.tools.ant.taskdefs.Copyfile","1","0","0","0","0","0","0","0","6","5","22","0","5","137","0.90809896193556","3","4117.5095628304","294.00001436361","306.04084694694","206.322562993","188.00002246223","4111.3006457811","4107.109567567","4111.4854979679","90.1387818866","209.97380789041","0","35"
"org.apache.tools.ant.types.selectors.DateSelector","1","0","0","0","0","0","0","0","11","11","38","4","7","391","0.79620456565233","7","3863.8981611839","290.00007160789","300.83217912983","198.80643852753","182.00011410046","3857.2960736765","3853.1017375616","3857.58382929","84.758480401668","204.31348462595","0","171"
"org.apache.tools.ant.taskdefs.Dirname","1","0","0","0","0","0","0","0","4","5","9","0","5","48","0.95473350335949","3","4206.287198944","294.00000348479","306.6023483276","207.15453169072","188.00000544962","4200.2095185836","4196.1072436247","4200.3904580408","92.027169901068","210.79136604709","0","34"
"org.apache.tools.ant.taskdefs.Rename","1","0","0","0","0","0","0","0","5","4","17","0","4","99","0.93210648667368","3","4155.4134571664","294.00000783934","306.32009401931","207.64633394308","189.00001219452","4149.3066890747","4145.1159211776","4149.4444206424","91.416628684283","210.38060747132","0","20"
"org.apache.tools.ant.util.facade.ImplementationSpecificArgument","1","0","0","0","0","0","0","0","3","6","6","5","1","25","0.98117517287197","2","4229.3008878537","295.00000060063","307.84574059097","206.67123650862","187.00000094752","4223.142195096","4219.1369970647","4223.142195096","94.339811320566","206.67123650862","0","29"
"org.apache.tools.ant.types.Commandline","1","0","0","0","0","0","0","0","28","31","57","29","4","602","0.47731044900035","63","3649.5095560911","234.00058376929","242.33241632105","173.81887124245","162.00084322116","3645.6011849899","3642.1319306143","3645.6457589843","70.213958726168","174.75125178379","0","91"
"org.apache.tools.zip.ExtraFieldUtils","1","0","0","0","0","0","0","0","8","4","39","1","3","377","0.87732716137538","1","3878.3121328743","296.00002541997","307.41665537183","206.42189806317","189.00003981117","3871.6159416967","3867.1324001125","3871.7140906839","88.955044826024","208.25465180879","0","71"
"org.apache.tools.ant.taskdefs.Filter","1","0","0","0","0","0","0","0","6","6","16","0","6","95","0.89256716854006","4","4159.3328792007","293.00001969593","305.08031729366","205.41178155111","187.00003086046","4153.212009999","4149.101348485","4153.4401404137","89.810912477271","209.97380789041","0","70"
"org.apache.tools.ant.types.FlexInteger","1","0","0","0","0","0","0","0","3","0","7","0","0","19","0.97744446879261","0","4235.4260706569","297.00000085648","309.76281248723","212.11553455605","193.00000131801","4229.4058684406","4225.1449679271","4229.3603535287","94.704804524375","211.20606051911","0","34"
"org.apache.tools.ant.taskdefs.DependSet","1","0","0","0","0","0","0","0","6","10","33","0","10","511","0.92353965353119","3","3744.5593866302","294.00000994249","306.04084694694","201.7771047468","183.00001597318","3737.48284277","3733.0837118929","3737.9343225905","88.600225733347","209.97380789041","0","30"
"org.apache.tools.ant.Main","0","4","1","0","0","2","1","0","19","12","103","1","12","1720","0.90134527244966","2","2541.1810246419","295.00001649619","303.65934861288","194.79476379","181.00002688606","2530.4815747205","2524.1047918024","2531.2165059512","75.584389922788","204.1200627082","14",""
"org.apache.tools.ant.taskdefs.Execute","0","3","1","1","0","1","0","0","24","31","85","12","20","708","0.62403256426557","30","3546.066130235","267.00026470308","275.2780412601","175.30829986056","162.00043626951","3539.7090275897","3536.0318154677","3540.5784838074","68.658575575087","192.06509313251","14",""
"org.apache.tools.ant.ProjectHelper","0","3","1","0","0","1","1","0","13","15","66","10","7","476","0.37633775669949","8","3779.0666837197","289.00067293104","299.34094273921","194.33990840792","178.00109256573","3772.2020094369","3768.1040325341","3772.3928745559","82.873397420403","198.01010075246","11",""
"org.apache.tools.ant.taskdefs.Pack","0","2","1","0","0","0","1","0","8","5","21","2","3","145","0.91637463709843","6","4109.3164881766","291.00001201581","302.60535355476","205.50669088864","188.00001859894","4103.3090305265","4099.1249066112","4103.4011502655","88.955044826024","207.33788848158","8",""
"org.apache.tools.ant.taskdefs.ExecTask","0","2","1","0","0","1","0","0","27","19","80","4","15","607","0.40106627445558","11","3648.227651888","286.00062713499","293.0733696534","185.39687160252","174.00103080616","3641.1598426875","3637.054989961","3641.8557082894","67.052218456961","198.5950653969","9",""
"org.apache.tools.ant.taskdefs.Recorder","0","2","1","0","0","1","0","0","9","9","34","0","9","214","0.86596514779154","4","4040.6372022244","293.00003065758","304.25811410709","201.44478151593","184.00004881886","4034.1983094538","4030.083870095","4034.5711048388","86.023252670426","208.77739341222","9",""
"org.apache.tools.ant.taskdefs.RecorderEntry","0","2","1","0","0","1","0","0","16","6","36","1","5","363","0.64742359638404","2","3892.1955243795","295.00021069504","304.38462510449","201.47952749597","187.00033237971","3885.5025414996","3881.1159477655","3885.6971060545","80.777472107018","205.19746587129","9",""
"org.apache.tools.ant.DefaultLogger","0","2","1","0","1","0","0","0","16","13","38","6","7","334","0.84533630776208","6","3920.8138185841","291.00004110113","300.50956723539","195","180.00006644681","3914.1410296513","3910.1002544692","3914.4215409176","80.056230238502","200.5517389603","10",""
"org.apache.tools.ant.taskdefs.email.EmailAddress","0","1","1","0","0","0","0","0","7","3","11","3","0","53","0.94092196700397","3","4201.2994418394","294.00000593574","305.76461534978","207.74022239326","190.00000918477","4195.3046373297","4191.1461439563","4195.2594675419","91","206.82601383772","6",""
"org.apache.tools.ant.taskdefs.Patch","0","1","1","0","0","0","0","0","10","11","36","0","11","236","0.6454886773727","3","4018.7684680758","294.00021373849","304.9540949061","199.2109434745","182.00034526967","4012.1301075613","4008.0718556433","4012.5961670719","84.480767041972","208.38665984175","6",""
"org.apache.tools.ant.taskdefs.Cvs","0","1","1","0","0","0","0","0","1","2","2","1","1","4","0.99242424242424","0","4250.3892762899","297.00000009662","310.3369136922","211.14213222377","191.00000015024","4244.2998244705","4240.1363185634","4244.2998244705","96.208107766446","211.14213222377","6",""
"org.apache.tools.ant.taskdefs.PathConvert","0","1","1","0","0","0","0","0","16","13","48","1","13","480","0.29941714000554","4","3775.3867351571","293.00083756936","302.44668951734","195","180.00136337357","3768.3014741392","3764.0642927559","3768.8429258859","78.160092118677","205.19746587129","6",""
"org.apache.tools.ant.taskdefs.email.PlainMailer","0","1","1","0","0","0","0","0","3","6","38","1","5","198","0.98940089818641","0","4056.8861211525","297.00000018913","309.76281248723","206.67123650862","187.00000030038","4050.3191232297","4046.1112194303","4050.5057708884","92.973114393356","210.29740844813","6",""
"org.apache.tools.ant.taskdefs.email.Message","0","1","1","0","0","0","0","0","9","5","20","3","2","141","0.90911406331427","4","4113.448431669","293.000014096","304.25811410709","205.10485123468","188.00002196876","4107.3048340731","4103.1327056287","4107.3507276589","88.39117603019","206.02184350209","6",""
"org.apache.tools.ant.taskdefs.ManifestException","0","1","1","0","0","0","0","0","1","5","2","5","0","5","0.99242424242424","2","4249.2524048355","295.00000009727","308.42341026582","208.43224318708","188.00000015264","4243.1668597876","4239.1444891629","4243.122670864","96.56603957914","207.53072061745","6",""
"org.apache.tools.tar.TarEntry","0","1","1","0","0","0","0","0","32","6","69","4","2","771","0.15190181341208","4","3485.3375733206","293.00122742155","298.88124732074","196.08671551128","187.00192317336","3478.0307646713","3473.1567773425","3478.0846740699","67.601775124622","197.04060495238","6",""
"org.apache.tools.ant.taskdefs.BuildNumber","0","1","1","0","0","0","0","0","6","5","34","0","5","237","0.91491244468823","4","4017.6980971696","293.00001235476","305.08031729366","206.322562993","188.00001925503","4011.4078575981","4007.1123018952","4011.597312792","90.1387818866","209.97380789041","6",""
"org.apache.tools.ant.taskdefs.SendEmail","0","1","1","0","0","0","0","0","2","1","5","0","1","10","0.99242424242424","0","4244.4039628669","297.00000009662","310.04838332106","211.6246677493","192.00000014946","4238.3510944706","4234.1365117341","4238.3510944706","95.273291115611","211.6246677493","6",""
"org.apache.tools.ant.taskdefs.ExecuteOn","0","1","1","0","0","0","0","0","16","19","56","2","17","757","0.35751944753072","3","3499.3720865321","294.00070200811","303.41555662161","189.47559209566","174.001186149","3491.3385685149","3487.0464579641","3492.1725329657","77.129760793095","204.26698215815","6",""
"org.apache.tools.ant.filters.StripJavaComments","0","1","1","0","0","0","0","0","4","3","7","1","2","130","0.86710606935454","1","4124.6347717101","296.00002983243","308.52066381363","208.97128989409","190.00004647578","4118.3851204082","4114.1323508123","4118.4313761431","93.048374515625","209.88091861815","6",""
"org.apache.tools.ant.taskdefs.Unpack","0","1","1","0","0","0","0","0","10","7","24","2","5","162","0.89561790320752","4","4092.5020464259","293.00001859321","303.99013141877","202.87188075236","186.0000292893","4086.2354312986","4082.1102385898","4086.4194596248","86.377080293328","206.54539452624","6",""
"org.apache.tools.ant.taskdefs.compilers.CompilerAdapterFactory","0","1","1","0","0","0","0","0","4","13","23","1","12","195","0.95114843246931","2","4059.7322571815","295.00000404487","307.5613759886","199.92248497855","180.0000066291","4052.9990130766","4049.0653242446","4053.5024361655","89.988888202933","209.88091861815","6",""
"org.apache.tools.ant.taskdefs.email.Mailer","0","1","1","0","0","0","0","0","15","6","29","2","4","190","0.89188127779365","3","4064.6466021045","294.00001988037","303.66428831853","201.85390756683","187.00003125577","4058.3106091082","4054.1185231811","4058.4499504121","82.079230015882","204.63626267111","6",""
"org.apache.tools.ant.taskdefs.email.EmailTask","0","1","1","0","0","0","0","0","23","14","73","1","13","668","0.19078960857079","2","3588.1472935207","295.00110986479","302.73585846411","191.48106956041","179.00182910087","3580.477202832","3576.0676727378","3581.0971782402","71.470273540823","202.7436805427","6",""
"org.apache.tools.ant.taskdefs.Chmod","0","1","1","0","0","0","0","0","17","15","57","0","15","298","0.12432994939768","25","3955.36344727","272.00140955156","281.88650198262","192.76929216034","178.00215391404","3950.0126582076","3946.0506839117","3950.6682978959","76.655071586947","205.76685836159","6",""
"org.apache.tools.ant.XmlLogger","0","2","0","1","0","1","0","0","15","12","69","0","12","614","0.72047478443151","1","3642.0483247755","296.00013198366","305.60104711862","196.30843079196","181.00021584061","3634.5097331002","3630.0728642825","3635.0741395465","79.404030124421","206.49455198624","8",""
"org.apache.tools.ant.taskdefs.Ear","0","1","0","1","0","0","0","0","7","9","32","0","9","150","0.52702482966111","4","4104.471342329","293.00038174977","304.80321520614","202.26715007633","184.00060789441","4098.1327455318","4094.0825590112","4098.4997255093","87.931791747922","209.57099035888","5",""
"org.apache.tools.ant.taskdefs.MatchingTask","0","1","0","1","0","0","0","0","36","35","84","11","24","302","0.013634869026045","32","3950.8972398684","265.00183568453","270.64737205449","167.29913329124","158.00307881865","3945.1651422976","3942.0153475094","3946.1531901334","56.089214649521","189.17187951701","5",""
"org.apache.tools.ant.types.ZipScanner","0","1","0","1","0","0","0","0","6","3","11","2","1","68","0.76737554459944","24","4184.9139776105","273.00009911012","285.92656399852","208.14658296499","190.00014240557","4180.3200834386","4176.138407668","4180.3200834386","91.547801721287","208.14658296499","5",""
"org.apache.tools.ant.util.SourceFileScanner","0","1","0","1","0","0","0","0","3","11","24","7","4","264","0.98302566014408","8","3990.4787933279","289.00000049849","302.10097649627","202.15835377248","182.00000079156","3984.159133368","3980.1207268122","3984.297303164","93.300589494386","204.86336910243","5",""
"org.apache.tools.zip.ZipOutputStream","0","1","0","1","0","0","0","0","17","7","81","4","3","1178","0.28065149921054","3","3080.0636357062","294.00088003655","303.16991935217","200.17991907282","186.00139102239","3071.6366972674","3066.1669882771","3071.7584540455","80.622577482985","202.0396000788","5",""
"org.apache.tools.ant.UnknownElement","0","3","0","0","1","1","1","0","13","12","43","3","10","424","0.21993713157922","27","3829.5299972712","270.00112684594","281.04092228713","197.09134937891","181.00168092611","3824.2856849352","3820.0818054068","3824.6726657323","81.908485518901","204.46271053666","9",""
"org.apache.tools.ant.taskdefs.rmic.DefaultRmicAdapter","0","2","0","0","1","1","0","0","16","15","56","4","12","375","0.00010502092124097","5","3880.0032216481","292.00171196411","301.47802573322","193.15537786973","178.00280837664","3873.092433702","3869.0683633144","3873.5648955452","78.447434629821","202.40800379432","7",""
"org.apache.tools.ant.Diagnostics","0","2","0","0","1","1","0","0","12","3","47","1","3","466","0.64974683182813","2","3789.4998350706","295.00020792752","305.39482641328","205.7692882818","190.00032283468","3782.7746430365","3778.1355190093","3782.8250025609","85.23496934944","206.69300907384","7",""
"org.apache.tools.ant.taskdefs.compilers.DefaultCompilerAdapter","0","2","0","0","1","1","0","0","19","23","92","8","15","899","2.1844038677165E-11","10","3357.2896806799","287.00174215499","295.89356194416","184.61852561431","170.00294115103","3349.3170945732","3345.0597901981","3350.056865189","74.726166769078","197.58542456366","7",""
"org.apache.tools.ant.taskdefs.Exit","0","2","0","0","1","0","1","0","8","4","17","0","4","112","0.88721834090154","4","4142.3752847853","293.00002170598","304.52914474644","206.42189806317","189.00003365","4136.3202245474","4132.1162858758","4136.4583885251","88.600225733347","209.17217788224","6",""
"org.apache.tools.ant.Target","0","2","0","0","1","1","0","0","22","19","49","16","5","382","0.79033742491469","13","3872.4281788046","284.00007739153","292.2618688779","187.18172987768","174.00012631718","3865.9177435636","3862.1165181802","3866.0082772803","75.239617223907","189.04232330354","7",""
"org.apache.tools.ant.taskdefs.compilers.Jikes","0","1","0","0","1","0","0","0","2","9","26","1","8","248","0.020244247131529","0","4007.0219615071","297.00161602479","310.04838332106","204.39422692434","184.0026084634","4000.2339931559","3996.0912151751","4000.5620855075","93.005376188691","210.71782079359","4",""
"org.apache.tools.ant.filters.BaseFilterReader","0","1","0","0","1","0","0","0","10","16","21","14","2","149","0.82520333141587","13","4104.8362939343","284.00005379203","295.325244434","194.6535383701","177.00008631036","4098.8234897346","4095.1329648743","4098.8667946153","87.46427842268","195.5632889885","4",""
"org.apache.tools.ant.taskdefs.UpToDate","0","1","0","0","1","0","0","0","11","14","37","1","13","317","0.41317835674485","4","3937.9154384014","293.00058764385","303.72520474929","196.06376513777","179.00096189585","3931.0774604426","3927.0616241663","3931.6421505524","82.969874050766","207.07728026029","4",""
"org.apache.tools.ant.util.LoaderUtils","0","1","0","0","1","0","0","0","6","3","14","2","1","131","0.96486046124817","2","4123.5656900309","295.00000209286","307.00162866018","208.14658296499","190.00000324944","4117.3861854337","4113.1405276261","4117.3861854337","91.547801721287","208.14658296499","4",""
"org.apache.tools.ant.taskdefs.SignJar","0","3","0","0","0","3","0","0","18","10","56","0","10","460","0.66492728540521","4","3795.326731653","293.00019159332","301.95695057408","197.02284131542","183.00030675855","3788.4224949179","3784.0825836654","3788.8679047969","77.162166895442","205.40934740172","9",""
"org.apache.tools.ant.taskdefs.Javadoc","0","3","0","0","0","3","0","0","81","35","213","7","35","2199","0.00010558670356793","4","2065.8833461742","293.00170611933","293.17059879872","158.31613941731","158.00316385705","2051.0945858248","2045","2053.3509198381","10","185.27007313649","9",""
"org.apache.tools.ant.RuntimeConfigurable","0","3","0","0","0","2","1","0","11","12","32","9","4","190","0.91278474524193","7","4064.3592360912","290.00001311466","300.83217912983","197.8913843501","181.00002101243","4058.0385656127","4054.1185231811","4058.1282631282","85.796270315207","199.7223072168","8",""
"org.apache.tools.ant.taskdefs.cvslib.ChangeLogParser","0","2","0","0","0","2","0","0","11","4","34","3","1","312","0.97259144672685","3","3942.9760334042","294.0000012776","304.69000639995","205.23401277566","189.00000198738","3936.539724174","3932.146996235","3936.539724174","86.925255248403","205.23401277566","6",""
"org.apache.tools.ant.taskdefs.rmic.WLRmic","0","2","0","0","0","2","0","0","5","11","24","1","10","133","0.073631707216619","0","4121.7144491097","297.00144470728","309.20058214693","201.29580224138","182.00235756224","4115.0267313834","4111.0760148652","4115.4346064541","89.56003573023","209.46837470129","6",""
"org.apache.tools.ant.taskdefs.XSLTProcess","0","2","0","0","0","2","0","0","26","18","89","1","18","881","0.010821551042902","7","3375.4805583798","290.00168701924","297.19522203427","186.68154702594","175.00279561768","3367.5501481047","3363.042967314","3368.4195106904","67.186308128963","201.75727991822","6",""
"org.apache.tools.ant.taskdefs.Expand","0","3","0","0","0","1","2","0","9","11","53","1","10","457","0.85592035338712","4","3798.3177855466","293.00003542482","304.25811410709","199.61963831247","182.00005703006","3791.3708602562","3787.0825182454","3791.8135502685","85.726308680591","207.85812469086","7",""
"org.apache.tools.ant.taskdefs.JDBCTask","0","2","0","0","0","1","1","0","26","9","54","1","8","539","0.10595273175121","2","3716.725709546","295.00135477743","302.07614933986","195.14353691578","184.0021720538","3709.566147139","3705.0983792607","3709.9199452279","70.384657419071","201.75727991822","5",""
"org.apache.tools.ant.taskdefs.ManifestTask","0","1","0","0","0","1","0","0","6","9","32","0","9","216","0.71143388010477","3","4038.7151422204","294.0001416163","306.04084694694","202.68448386593","184.00022627814","4032.2003918456","4028.0839117377","4032.5733719301","88.887569434652","209.97380789041","3",""
"org.apache.tools.ant.types.selectors.ExtendSelector","0","1","0","0","0","1","0","0","10","16","36","4","12","246","0.097176733797903","3","4008.7953302707","294.00138620396","304.9540949061","194.6535383701","177.00230249872","4001.9161660385","3998.0661575317","4002.417769299","84.202137740084","204.70710783947","3",""
"org.apache.tools.ant.filters.ReplaceTokens","0","1","0","0","0","1","0","0","12","6","37","1","5","308","0.84322235112199","1","3947.1143890189","296.00004151897","306.36089828828","203.00246303924","187.00006571986","3940.4396962776","3936.1143276079","3940.6315483689","84.504437753292","206.69300907384","3",""
"org.apache.tools.ant.Task","0","1","0","0","0","1","0","0","23","117","37","114","7","255","0.41947563394552","186","3990.544073181","111.0015180461","130.17296186229","101.98039027186","76.002217129105","3989.7239252861","3989.0982690327","3989.7625242613","73.539105243401","103.47946656221","3",""
"org.apache.tools.ant.taskdefs.cvslib.ChangeLogWriter","0","1","0","0","0","1","0","0","4","3","23","1","2","174","0.98484848484848","1","4080.7494409728","296.00000038778","308.52066381363","208.97128989409","190.00000060413","4074.432475818","4070.1337815851","4074.4792305275","93.048374515625","209.88091861815","3",""
"org.apache.tools.ant.taskdefs.ConditionTask","0","1","0","0","0","1","0","0","4","5","16","0","5","95","0.90800868694155","0","4159.6165688679","297.00001424647","309.48020938341","207.15453169072","188.00002250639","4153.2571555347","4149.1084584522","4153.4401404137","92.027169901068","210.79136604709","3",""
"org.apache.tools.ant.TaskAdapter","0","1","0","0","0","1","0","0","6","7","24","4","4","231","0.8541730447634","6","4023.5370011968","291.00003653866","303.16002374983","204.50183373261","186.00005716532","4017.3081783702","4013.1197340722","4017.4012744559","90.47651629014","206.322562993","3",""
"org.apache.tools.ant.input.DefaultInputHandler","0","1","0","0","0","1","0","0","4","6","21","2","4","91","0.94923017537058","3","4163.3934476578","294.00000438363","306.6023483276","206.24742422634","187.00000689191","4157.2079572713","4153.1156978827","4157.3439838435","92.357999112151","208.97128989409","3",""
"org.apache.tools.ant.taskdefs.Definer","0","1","0","0","0","1","0","0","15","10","47","2","8","452","0.07878633579571","4","3803.3029066852","293.00144817836","302.69621735331","198.15398053029","183.00231865912","3796.4131756172","3792.0961221994","3796.7570372622","80.653580205717","204.63626267111","3",""
"org.apache.tools.ant.taskdefs.condition.FilesMatch","0","1","0","0","0","1","0","0","4","4","13","1","3","60","0.97446675928472","0","4194.5279829797","297.00000109755","309.48020938341","208.0624906128","189.00000172473","4188.2665865487","4184.1223691474","4188.3573152251","92.698435801258","209.88091861815","3",""
"org.apache.tools.ant.filters.util.ChainReaderHelper","0","1","0","0","0","1","0","0","9","14","38","3","12","310","0.91545132538396","3","3944.9704688375","294.00001215728","305.22123124055","196.88829320201","179.00001996782","3938.0702126803","3934.0672337925","3938.5374188904","85.164546614187","206.02184350209","3",""
"org.apache.tools.ant.types.ZipFileSet","0","1","0","0","0","1","0","0","11","13","30","4","9","168","0.036873158046482","17","4085.6059526097","280.00165644745","291.20439557122","196.97715603592","180.00257668521","4079.9725489273","4076.0829235922","4080.3333197179","84.118963379252","204.31348462595","3",""
"org.apache.tools.ant.taskdefs.compilers.JavacExternal","0","1","0","0","0","1","0","0","2","6","14","1","5","44","0.012665889213739","0","4210.4879764702","297.00164112113","310.04838332106","207.09901013766","187.00260647554","4204.1609150935","4200.1071414906","4204.3407330995","93.920178875469","210.71782079359","3",""
"org.apache.tools.ant.Location","0","1","0","0","0","0","1","0","5","69","10","69","0","69","0.96252165247516","5","4185.198800535","292.00000240518","304.40105124654","150.9039429571","124.00000566382","4176.8410312101","4175.1467040093","4176.8114633055","92.849340331528","150.08331019804","2",""
"org.apache.tools.ant.taskdefs.StreamPumper","0","1","0","0","0","0","1","0","4","1","10","1","0","93","0.94782493943526","4","4161.3279130585","293.00000464546","305.64358327961","210.79136604709","192.00000708916","4155.4380033878","4151.1475521836","4155.391918941","93.776329636001","209.88091861815","2",""
"org.apache.tools.ant.helper.ProjectHelperImpl","0","1","0","0","0","0","1","0","9","12","50","8","6","288","0.94978135626762","4","3966.8356406587","293.0000043036","304.25811410709","198.70832896484","181.00000696661","3960.1385076787","3956.1062928086","3960.2767580057","86.977008456258","201.44478151593","2",""
"org.apache.tools.ant.BuildListener","0","0","0","0","0","0","0","0","7","9","7","8","1","7","1","1","4247.3268063571","296","307.68815381811","202.26715007633","184","4240.9933977784","4237.1364150804","4240.9933977784","90.620086073674","202.26715007633","0",""
"org.apache.tools.ant.taskdefs.ExecuteStreamHandler","0","0","0","0","0","0","0","0","5","11","5","11","0","5","1","2","4249.2524048355","295","307.28000260349","201.29580224138","182","4242.9052546575","4239.1444891629","4242.8624771491","92.849340331528","200.39211561336","0",""
"org.apache.tools.tar.TarOutputStream","0","0","0","0","0","0","0","0","15","3","37","1","2","437","0.46673068725477","2","3818.4124973607","295.0004819931","304.63256556055","204.63626267111","190.00074835684","3811.738317356","3807.1430233181","3811.7882942262","82.855295545909","205.56507485466","0",""
"org.apache.tools.ant.util.regexp.RegexpMatcherFactory","0","0","0","0","0","0","0","0","4","5","11","2","3","62","0.94309049662954","5","4192.1817708682","292.0000055457","304.68508332375","207.15453169072","188.00000861354","4186.2235965127","4182.1224276676","4186.3138917191","92.698435801258","208.97128989409","0",""
"org.apache.tools.ant.types.selectors.SelectorUtils","0","0","0","0","0","0","0","0","11","3","26","3","0","725","0.34781489925058","4","3531.1768576496","293.0007258445","303.72520474929","206.15528128088","190.00111932672","3524.1255652999","3519.174050825","3524.0717926853","87.321245982865","205.23401277566","0",""
"org.apache.tools.ant.filters.HeadFilter","0","0","0","0","0","0","0","0","7","5","18","1","4","113","0.92674637124887","1","4141.5911193646","296.00000906435","307.68815381811","205.91260281974","188.00001427153","4135.275686094","4131.1163140246","4135.4131595283","89.537701556383","208.65521800329","0",""
"org.apache.tools.ant.taskdefs.compilers.Jvc","0","0","0","0","0","0","0","0","2","9","20","1","8","132","0.033682960646186","0","4122.7118502267","297.00157199688","310.04838332106","204.39422692434","184.00253739723","4116.1146728438","4112.0886420407","4116.4335291609","93.005376188691","210.71782079359","0",""
"org.apache.tools.ant.types.Parameter","0","0","0","0","0","0","0","0","7","20","8","20","0","43","0.95539768957327","0","4211.4854861438","297.0000033491","308.65028754239","192.31484602079","173.00000574961","4204.5606191373","4201.1457960894","4204.5195920581","91","191.41577782409","0",""
"org.apache.tools.ant.types.DataType","0","0","0","0","0","0","0","0","10","22","24","18","4","146","0.88180884990269","20","4107.3510928578","277.00002521507","288.60006930006","189.21416437466","171.00004084546","4101.5661642841","4098.1172506408","4101.6923336594","86.729464428186","191.92967462068","0",""
"org.apache.tools.ant.filters.util.JavaClassHelper","0","0","0","0","0","0","0","0","3","5","19","0","5","89","0.95454545454545","0","4165.6012771267","297.00000347831","309.76281248723","207.57649192527","188.00000549499","4159.2510143053","4155.1083018376","4159.4337354981","92.973114393356","211.20606051911","0",""
"org.apache.tools.ant.taskdefs.compilers.Gcj","0","0","0","0","0","0","0","0","3","9","26","1","8","147","0.0016537563571721","1","4107.67878491","296.00168360201","308.8041450499","203.96078054371","184.002708391","4101.1297224058","4097.0889665713","4101.4497436882","92.048900047746","210.29740844813","0",""
"org.apache.tools.ant.filters.TabsToSpaces","0","0","0","0","0","0","0","0","7","5","18","1","4","126","0.92674637124887","1","4128.6244682703","296.00000906435","307.68815381811","205.91260281974","188.00001427153","4122.2891698667","4118.1166812027","4122.4270763714","89.537701556383","208.65521800329","0",""
"org.apache.tools.ant.types.FilterChain","0","0","0","0","0","0","0","0","16","22","29","4","18","135","0.85893410364665","1","4119.6476791104","296.00003361417","305.35389304871","186.72439583515","171.00005818592","4112.55662575","4109.0351665567","4113.2985546882","76.902535718922","202.40800379432","0",""
"org.apache.tools.ant.types.selectors.NoneSelector","0","0","0","0","0","0","0","0","3","6","14","5","2","52","0.48845715286652","5","4202.1575410734","292.00044807514","304.97212987419","206.67123650862","187.00069966737","4196.1688478897","4192.1298882549","4196.1688478897","93.984041198493","206.67123650862","0",""
"org.apache.tools.mail.ErrorInQuitException","0","0","0","0","0","0","0","0","1","1","3","1","0","6","0.99242424242424","1","4248.3243755627","296.00000009695","309.38002521171","212.04716456487","192.00000014946","4242.3469919374","4238.1445232554","4242.3018515895","96.56603957914","211.14213222377","0",""
"org.apache.tools.ant.taskdefs.condition.IsFalse","0","0","0","0","0","0","0","0","3","4","7","1","3","33","0.98866505968779","0","4221.4606476906","297.0000002163","309.76281248723","208.48261318393","189.0000003399","4215.2392577409","4211.1215845663","4215.3294058709","93.637599285757","210.29740844813","0",""
"org.apache.tools.ant.filters.LineContainsRegExp","0","0","0","0","0","0","0","0","8","9","29","1","8","179","0.90385395828233","1","4075.7626280244","296.00001561497","307.41665537183","201.85390756683","184.00002511973","4069.1621987824","4065.0896669077","4069.4847339682","87.281154896117","208.25465180879","0",""
"org.apache.tools.ant.taskdefs.rmic.RmicAdapter","0","0","0","0","0","0","0","0","4","6","4","3","4","4","1","1","4250.319517401","296","308.52066381363","206.24742422634","187","4244.1216994804","4240.1133239573","4244.2102916797","92.357999112151","208.0624906128","0",""
"org.apache.tools.ant.taskdefs.cvslib.RedirectingOutputStream","0","0","0","0","0","0","0","0","2","4","4","1","3","16","0.97259144672685","2","4238.2790139395","295.00000127327","308.13308812914","208.90667772955","189.00000198738","4232.2222295149","4228.1210957114","4232.3120159081","94.578010129205","210.71782079359","0",""
"org.apache.tools.bzip2.BZip2Constants","0","0","0","0","0","0","0","0","1","2","1","2","0","2064","1","0","2200.1384047373","297","310.3369136922","211.14213222377","191","2188.3512058168","2180.2809451995","2188.2641522449","96.56603957914","210.23796041629","0",""
"org.apache.tools.ant.taskdefs.Touch","0","0","0","0","0","0","0","0","8","10","37","0","10","315","0.87828463694705","4","3939.9098974469","293.00002528094","304.52914474644","200.94277792446","183.00004047713","3933.2594625832","3929.0795359728","3933.6884726679","86.683331731077","209.17217788224","0",""
"org.apache.tools.ant.taskdefs.WaitFor","0","0","0","0","0","0","0","0","7","6","17","0","6","138","0.93386168832994","0","4116.7274624391","297.0000073641","308.65028754239","205","187.00001169593","4110.2560747477","4106.1024098286","4110.4865892008","88.865066252156","209.57099035888","0",""
"org.apache.tools.ant.taskdefs.TempFile","0","0","0","0","0","0","0","0","6","5","14","0","5","75","0.89980265962558","3","4179.3536581629","294.00001707399","306.04084694694","206.322562993","188.00002670081","4173.2367534086","4169.1079381566","4173.4188622759","90.1387818866","209.97380789041","0",""
"org.apache.tools.ant.taskdefs.cvslib.CvsUser","0","0","0","0","0","0","0","0","6","2","11","1","1","54","0.96270471986034","0","4200.5129448676","297.00000234165","308.92393885874","209.0598000573","191.0000036412","4194.3510821103","4190.1379452233","4194.3510821103","91.547801721287","209.0598000573","0",""
"org.apache.tools.ant.taskdefs.compilers.Sj","0","0","0","0","0","0","0","0","2","6","9","1","5","33","0.023657223904719","0","4221.4606476906","297.00160478559","310.04838332106","207.09901013766","187.00254876663","4215.1500566409","4211.106861622","4215.3294058709","93.920178875469","210.71782079359","0",""
"org.apache.tools.ant.types.selectors.SelectSelector","0","0","0","0","0","0","0","0","9","10","24","4","7","104","0.098298961640522","8","4150.0748186027","289.00140668302","300.40805581742","200.53179299054","183.00222147494","4144.04259148","4140.0946849076","4144.2664007035","86.648716089738","205.10485123468","0",""
"org.apache.tools.ant.BuildException","0","0","0","0","0","0","0","0","14","193","26","192","1","153","0.85860823859605","297","4091","0.14139176140395","77","77","0.14139176140395","4091","4091.1412833096","4091","84.172442046076","77","0",""
"org.apache.tools.ant.taskdefs.cvslib.RCSFile","0","0","0","0","0","0","0","0","5","2","7","2","0","39","0.94804932980918","2","4215.3350993723","295.00000457436","307.28000260349","209.46837470129","191.00000706511","4209.335577024","4205.1456574059","4209.2903202321","92.849340331528","208.55694665966","0",""
"org.apache.tools.ant.NoBannerLogger","0","0","0","0","0","0","0","0","4","4","16","0","4","59","0.90379046543363","1","4195.4548025214","296.0000156356","308.52066381363","208.0624906128","189.0000244875","4189.2655680919","4185.1148132399","4189.4019859641","92.357999112151","210.79136604709","0",""
"org.apache.tools.ant.util.FileNameMapper","0","0","0","0","0","0","0","0","3","19","3","19","0","3","1","4","4251.1092670031","293","305.92973049379","194.9871790657","174","4244.5679403209","4241.144421026","4244.52706435","94.704804524375","194.09533739892","0",""
"org.apache.tools.ant.filters.StripLineComments","0","0","0","0","0","0","0","0","8","6","26","1","5","164","0.90385395828233","1","4090.7231634517","296.00001561497","307.41665537183","204.59227746912","187.00002471674","4084.2831684397","4080.1102926269","4084.4682640461","88.255311454892","208.25465180879","0",""
"org.apache.tools.ant.taskdefs.XSLTLogger","0","0","0","0","0","0","0","0","1","2","1","2","0","1","1","1","4253.3122387147","296","309.38002521171","211.14213222377","191","4247.2967873696","4243.1443529534","4247.2519350752","96.56603957914","210.23796041629","0",""
"org.apache.tools.tar.TarConstants","0","0","0","0","0","0","0","0","0","1","0","1","0","24","1","0","4230.4383933583","297","310.62839535368","212.47352776287","192","4224.3655144885","4220.1451396842","4224.3201819938","97.498717940289","211.57031927943","0",""
"org.apache.tools.mail.MailMessage","0","0","0","0","0","0","0","0","29","5","66","2","3","567","0.09302786200917","3","3688.7348779765","294.00139897364","300.46630426722","197.95959183631","188.00218774913","3681.8029550751","3677.1392413125","3681.905620735","69.77105417005","199.85995096567","0",""
"org.apache.tools.ant.BuildEvent","0","0","0","0","0","0","0","0","11","12","15","9","4","97","0.91278474524193","12","4156.7816877965","285.00001334474","296.01520231231","197.8913843501","181.00002101243","4150.9480844742","4147.1158652731","4151.035774358","85.796270315207","199.7223072168","0",""
"org.apache.tools.ant.input.InputRequest","0","0","0","0","0","0","0","0","5","5","7","5","0","32","0.95534201696155","4","4222.1787029921","293.0000034033","305.36044275577","206.73654732533","188.00000530408","4216.1935439446","4212.1454153436","4216.1490723171","92.849340331528","205.82759776084","0",""
"org.apache.tools.ant.taskdefs.rmic.KaffeRmic","0","0","0","0","0","0","0","0","3","7","19","1","6","93","0.074760178539107","0","4161.6114667278","297.00144118965","309.76281248723","205.76685836159","186.00230124578","4155.1650990063","4151.1012996553","4155.391918941","92.655275079188","210.29740844813","0",""
"org.apache.tools.ant.types.Environment","0","0","0","0","0","0","0","0","3","7","9","5","2","47","0.96252165247516","6","4207.0761818631","291.00000241345","304.01480227121","205.76685836159","186.00000377588","4201.1194936588","4197.1297335203","4201.1638863534","93.984041198493","206.67123650862","0",""
"org.apache.tools.ant.taskdefs.LogOutputStream","0","0","0","0","0","0","0","0","7","9","15","8","1","92","0.87766019972323","13","4161.7015750772","284.0000263504","296.1621177666","202.26715007633","184.00004067126","4156.0750715068","4152.1392076856","4156.0750715068","90.620086073674","202.26715007633","0",""
"org.apache.tools.ant.taskdefs.cvslib.CVSEntry","0","0","0","0","0","0","0","0","9","4","18","3","1","88","0.89890228976101","3","4166.385963878","294.00001738222","305.22123124055","206.02184350209","189.00002703901","4160.2953020188","4156.1390737077","4160.2953020188","88.769364084689","206.02184350209","0",""
"org.apache.tools.ant.taskdefs.TaskOutputStream","0","0","0","0","0","0","0","0","3","1","10","0","1","67","0.98407924322827","1","4187.4747760434","296.00000042816","308.8041450499","211.20606051911","192.00000066008","4181.4104079844","4177.1383745335","4181.4104079844","94.339811320566","211.20606051911","0",""
"org.apache.tools.tar.TarUtils","0","0","0","0","0","0","0","0","8","1","14","1","0","274","0.78713040716084","2","3980.9452395128","295.00007680247","306.45391170615","209.17217788224","192.00011800378","3974.6401094942","3970.1542791181","3974.5919287394","90.077744199108","208.25465180879","0",""
"org.apache.tools.ant.ProjectComponent","0","0","0","0","0","0","0","0","5","98","7","98","1","33","0.94205716537389","112","4215.0618026311","185.00000907398","204.01225453389","128.14444974325","95.000017670378","4212.0714618819","4211.1372573214","4212.0490263054","92.477024173575","127.40486646906","0",""
"org.apache.tools.zip.UnixStat","0","0","0","0","0","0","0","0","0","1","0","1","0","7","1","0","4247.396614398","297","310.62839535368","212.47352776287","192","4241.3480168456","4237.1445573641","4241.3028658656","97.498717940289","211.57031927943","0",""
"org.apache.tools.tar.TarBuffer","0","0","0","0","0","0","0","0","21","2","35","2","0","617","0.79063504880218","3","3638.8961238266","294.00007454707","302.21846402892","203.42320418281","191.00011474783","3632.0256056366","3627.1688684151","3631.9731551871","78.262379212493","202.48456731317","0",""
"org.apache.tools.ant.filters.ChainableReader","0","0","0","0","0","0","0","0","1","13","1","13","0","1","1","0","4253.3819485205","297","310.3369136922","201.24611797498","180","4246.8163369753","4243.1443529534","4246.7740698088","96.56603957914","200.35218990568","0",""
"org.apache.tools.ant.util.MergingMapper","0","0","0","0","0","0","0","0","4","4","5","3","1","24","0.97744446879261","2","4230.2984528281","295.00000086229","307.5613759886","208.0624906128","189.0000013459","4224.2302257334","4220.136964602","4224.2302257334","93.407708461347","208.0624906128","0",""
"org.apache.tools.ant.util.Watchdog","0","0","0","0","0","0","0","0","7","3","22","3","1","111","0.94451327222155","3","4143.4436161242","294.00000523602","305.76461534978","207.74022239326","190.00000810204","4137.3649826913","4133.1398476219","4137.3191803389","90.620086073674","206.82601383772","0",""
"org.apache.tools.zip.ZipExtraField","0","0","0","0","0","0","0","0","6","5","6","4","1","6","1","2","4248.2548181577","295","307.00162866018","206.322562993","188","4242.1678420355","4238.1363828928","4242.1678420355","91.547801721287","206.322562993","0",""
"org.apache.tools.ant.DemuxOutputStream","0","0","0","0","0","0","0","0","8","4","25","1","3","163","0.82180269011243","2","4091.6483231089","295.00005382081","306.45391170615","206.42189806317","189.00008400602","4085.3741566716","4081.1254575178","4085.4671703491","88.955044826024","208.25465180879","0",""
"org.apache.tools.ant.taskdefs.XSLTLoggerAware","0","0","0","0","0","0","0","0","1","2","1","1","1","1","1","1","4253.3122387147","296","309.38002521171","211.14213222377","191","4247.2967873696","4243.1362221828","4247.2967873696","96.208107766446","211.14213222377","0",""
"org.apache.tools.ant.filters.ExpandProperties","0","0","0","0","0","0","0","0","4","4","13","1","3","87","0.90756001128176","1","4167.5250449157","296.00001443438","308.52066381363","208.0624906128","189.00002260622","4161.2942698156","4157.12316392","4161.3855865565","92.698435801258","209.88091861815","0",""
"org.apache.tools.ant.taskdefs.Exec","0","0","0","0","0","0","0","0","10","6","42","1","6","369","0.80005969347285","5","3885.9862326056","292.00006845226","303.02640149004","203.78910667649","187.00010688801","3879.5095050792","3875.1085146096","3879.7043701808","86.03487664895","207.46565980904","0",""
"org.apache.tools.ant.util.KeepAliveOutputStream","0","0","0","0","0","0","0","0","2","0","3","0","0","7","0.98490587695133","0","4247.396614398","297.00000038356","310.04838332106","212.5323504787","193.00000059024","4241.3934031165","4237.1445573641","4241.3480168456","95.634721728042","211.6246677493","0",""
"org.apache.tools.ant.taskdefs.GenerateKey","0","0","0","0","0","0","0","0","14","8","33","0","8","404","0.7350257961883","3","3851.2382424358","294.000119407","303.91610684529","200.38463014912","185.00018976025","3844.4537973554","3840.0949207018","3844.7970037442","81.596568555301","206.86469007542","0",""
"org.apache.tools.ant.filters.PrefixLines","0","0","0","0","0","0","0","0","7","5","22","1","4","150","0.90385395828233","1","4104.686589741","296.00001561497","307.68815381811","205.91260281974","188.00002458527","4098.3142876066","4094.1173651961","4098.4530008285","89.537701556383","208.65521800329","0",""
"org.apache.tools.ant.types.Parameterizable","0","0","0","0","0","0","0","0","1","5","1","4","1","1","1","1","4253.3122387147","296","309.38002521171","208.43224318708","188","4247.1629354194","4243.1362221828","4247.1629354194","96.208107766446","208.43224318708","0",""
"org.apache.tools.ant.input.InputHandler","0","0","0","0","0","0","0","0","1","8","1","6","2","1","1","1","4253.3122387147","296","309.38002521171","205.73040611441","185","4247.0311983785","4243.1283270719","4247.0748757233","95.859271852023","206.63010429267","0",""
"org.apache.tools.ant.taskdefs.condition.Condition","0","0","0","0","0","0","0","0","1","18","1","17","1","1","1","2","4253.242762881","295","308.42341026582","196.78668654154","175","4246.6073517574","4243.1362221828","4246.6073517574","96.208107766446","196.78668654154","0",""
"org.apache.tools.ant.taskdefs.compilers.Kjc","0","0","0","0","0","0","0","0","4","10","26","1","9","195","0.0019868340717757","1","4059.8050445803","296.0016824788","308.52066381363","202.62773748922","183.00272137397","4053.1333558125","4049.0834765413","4053.5024361655","90.801982357215","209.88091861815","0",""
"org.apache.tools.ant.util.TaskLogger","0","0","0","0","0","0","0","0","6","1","8","0","1","43","0.83638023567939","0","4211.4854861438","297.00004506974","308.92393885874","209.97380789041","192.00006971725","4205.3852380014","4201.137584036","4205.3852380014","91.547801721287","209.97380789041","0",""
"org.apache.tools.ant.input.PropertyFileInputHandler","0","0","0","0","0","0","0","0","3","3","19","0","3","104","0.95038946972051","1","4150.5681538797","296.00000415744","308.8041450499","209.38958904396","190.00000647685","4144.3576100525","4140.1236696505","4144.4497825405","93.637599285757","211.20606051911","0",""
"org.apache.tools.ant.types.selectors.MajoritySelector","0","0","0","0","0","0","0","0","4","5","15","4","2","83","0.48475671989026","4","4171.3031536919","293.00045302975","305.64358327961","207.15453169072","188.0007060509","4165.2448907597","4161.1308559092","4165.2448907597","93.048374515625","207.15453169072","0",""
"org.apache.tools.ant.filters.StringInputStream","0","0","0","0","0","0","0","0","6","1","15","1","0","45","0.94810457743912","1","4209.4200313107","296.00000454921","307.96266007424","209.97380789041","192.00000701337","4203.3873245277","4199.1458655303","4203.3417657859","91.923881554251","209.0598000573","0",""
"org.apache.tools.ant.taskdefs.JikesOutputParser","0","0","0","0","0","0","0","0","12","3","22","1","2","156","0.87051731632605","1","4098.7022336344","296.00002832055","306.36089828828","205.7692882818","190.00004412043","4092.4129801378","4088.1331925464","4092.4595294273","85.615419172016","206.69300907384","0",""
"org.apache.tools.ant.filters.TailFilter","0","0","0","0","0","0","0","0","7","5","19","1","4","285","0.92674637124887","1","3970.0499996851","296.00000906435","307.68815381811","205.91260281974","188.00001427153","3963.4612398761","3959.1213671723","3963.6046725172","89.537701556383","208.65521800329","0",""
"org.apache.tools.ant.types.selectors.SelectorContainer","0","0","0","0","0","0","0","0","19","19","19","3","16","19","1","0","4235.4260706569","297","305.60268323429","188.3082579177","174","4228.5814406252","4225.0427216775","4229.2252245535","74.464756764526","202.2498454882","0",""
"org.apache.tools.ant.taskdefs.KeySubst","0","0","0","0","0","0","0","0","8","2","39","0","2","282","0.83758728031705","4","3972.8192760306","293.00004501346","304.52914474644","208.25465180879","191.00006905206","3966.6011899358","3962.1374282072","3966.6494677498","89.31965069345","209.17217788224","0",""
"org.apache.tools.ant.types.selectors.BaseExtendSelector","0","0","0","0","0","0","0","0","4","9","5","5","4","18","0.97744446879261","5","4236.0760144266","292.00000087115","304.68508332375","203.53132437048","184.00000138248","4230.0037825042","4226.1136993697","4230.1353406245","92.357999112151","206.24742422634","0",""
"org.apache.tools.ant.util.TimeoutObserver","0","0","0","0","0","0","0","0","1","3","1","3","1","1","1","0","4253.3819485205","297","310.3369136922","210.23796041629","190","4247.2519350752","4243.1362221828","4247.207317756","96.208107766446","209.33466029303","0",""
"org.apache.tools.ant.filters.StripLineBreaks","0","0","0","0","0","0","0","0","7","5","17","1","4","107","0.92674637124887","1","4147.5757979813","296.00000906435","307.68815381811","205.91260281974","188.00001427153","4141.2694913517","4137.116145336","4141.4067658225","89.537701556383","208.65521800329","0",""
"org.apache.tools.ant.taskdefs.condition.Socket","0","0","0","0","0","0","0","0","4","4","12","1","3","70","0.95460376485929","0","4184.5531422124","297.00000346939","309.48020938341","208.0624906128","189.0000054519","4178.2767979156","4174.1226623088","4178.3677435094","92.698435801258","209.88091861815","0",""
"org.apache.tools.ant.taskdefs.condition.IsSet","0","0","0","0","0","0","0","0","3","5","7","1","4","29","0.96630888237391","0","4225.4507451868","297.00000191093","309.76281248723","207.57649192527","188.00000301886","4219.1905621813","4215.113996086","4219.3253015144","93.300589494386","210.29740844813","0",""
"org.apache.tools.ant.PathTokenizer","0","0","0","0","0","0","0","0","3","3","17","2","1","196","0.84501175668531","3","4058.6623412154","294.00004085264","306.88760157426","209.38958904396","190.00006321408","4052.4565389403","4048.1427840431","4052.4565389403","94.339811320566","209.38958904396","0",""
"org.apache.tools.ant.types.FilterSetCollection","0","0","0","0","0","0","0","0","5","6","13","5","1","69","0.9407566426568","2","4185.4091795188","295.00000594877","307.28000260349","205.82759776084","187.00000938443","4179.1858058718","4175.1384408185","4179.1858058718","92.477024173575","205.82759776084","0",""
"org.apache.tools.ant.types.AntFilterReader","0","0","0","0","0","0","0","0","10","9","31","2","7","166","0.10990934703603","1","4088.7284086865","296.00133827632","306.88271375234","201.03979705521","184.00215287156","4082.1489438775","4078.0961244188","4082.4237898582","85.702975444263","206.54539452624","0",""
"org.apache.tools.ant.types.selectors.SelectorScanner","0","0","0","0","0","0","0","0","3","3","3","2","1","3","1","1","4251.3170900322","296","308.8041450499","209.38958904396","190","4245.2539382232","4241.1362864214","4245.2539382232","94.339811320566","209.38958904396","0",""
"org.apache.tools.bzip2.CBZip2InputStream","0","0","0","0","0","0","0","0","32","4","40","2","2","2014","0.316790398908","3","2249.2967789956","294.00079383457","299.86163475843","197.99494943053","189.00123485141","2237.9948614776","2230.2441570375","2238.0795338861","67.601775124622","198.94974239742","0",""
"org.apache.tools.ant.taskdefs.rmic.SunRmic","0","0","0","0","0","0","0","0","3","8","22","1","7","152","0.073631739205097","0","4102.7640682837","297.00144470718","309.76281248723","204.86336910243","185.00231933183","4096.1798056238","4092.0957955551","4096.4551749043","92.347171044922","210.29740844813","0",""
"org.apache.tools.ant.taskdefs.Transform","0","0","0","0","0","0","0","0","1","1","2","0","1","4","1","0","4250.3892762899","297","310.3369136922","212.04716456487","192","4244.344943569","4240.1363185634","4244.344943569","96.208107766446","212.04716456487","0",""
"org.apache.tools.ant.util.regexp.RegexpFactory","0","0","0","0","0","0","0","0","4","6","12","1","5","71","0.94241838650079","2","4183.4141559258","295.00000561973","307.5613759886","206.24742422634","187.00000886535","4177.1878099985","4173.1078346959","4177.3687890824","92.027169901068","209.88091861815","0",""
"org.apache.tools.ant.types.Substitution","0","0","0","0","0","0","0","0","4","4","15","0","4","70","0.91142228755039","2","4184.4116671284","295.00001329832","307.5613759886","208.0624906128","189.00002075664","4178.2767979156","4174.115115806","4178.4135745519","92.357999112151","210.79136604709","0",""
"org.apache.tools.ant.taskdefs.condition.Not","0","0","0","0","0","0","0","0","2","3","8","1","3","33","0.97005361085164","0","4221.4606476906","297.00000150974","310.04838332106","209.81182044871","190.00000235996","4215.2842134309","4211.1215845663","4215.3294058709","94.578010129205","210.71782079359","0",""
"org.apache.tools.ant.taskdefs.condition.IsTrue","0","0","0","0","0","0","0","0","3","4","7","1","3","29","0.98866505968779","0","4225.4507451868","297.0000002163","309.76281248723","208.48261318393","189.0000003399","4219.2352387607","4215.1214691869","4219.3253015144","93.637599285757","210.29740844813","0",""
"org.apache.tools.ant.types.Reference","0","0","0","0","0","0","0","0","5","28","11","26","2","54","0.94817353635923","18","4199.2786285266","279.00000481359","291.95376346264","186.06719216455","165.00000813934","4193.2475481421","4190.1299502521","4193.2870161724","92.114059730315","186.95453992883","0",""
"org.apache.tools.ant.input.MultipleChoiceInputRequest","0","0","0","0","0","0","0","0","3","3","8","2","1","32","0.96998306063389","3","4222.2482162943","294.00000153234","306.88760157426","209.38958904396","190.0000023711","4216.2831973196","4212.1372247352","4216.2831973196","94.339811320566","209.38958904396","0",""
"org.apache.tools.ant.types.RegularExpression","0","0","0","0","0","0","0","0","6","8","21","1","7","95","0.86615993922066","2","4159.4742456229","295.00003036129","307.00162866018","203.59273071502","185.00004841394","4153.1224398036","4149.094479522","4153.3940337993","89.493016487322","209.0598000573","0",""
"org.apache.tools.ant.taskdefs.compilers.Javac13","0","0","0","0","0","0","0","0","2","7","13","1","6","66","0.021005676231889","0","4188.5430641215","297.00161351394","310.04838332106","206.19650821486","186.00257640658","4182.1382090983","4178.10064503","4182.3635662147","93.605555390692","210.71782079359","0",""
"org.apache.tools.ant.taskdefs.LogStreamHandler","0","0","0","0","0","0","0","0","2","9","9","5","4","31","0.92135951287009","23","4221.9006383381","274.00001128527","288.0919991947","204.39422692434","184.00001680523","4217.0161251767","4213.1140502009","4217.1480884598","94.244363226667","207.09901013766","0",""
"org.apache.tools.zip.UnrecognizedExtraField","0","0","0","0","0","0","0","0","10","3","13","1","2","76","0.93031088343134","2","4178.4266177594","295.00000823148","305.91828974417","206.54539452624","190.00001278045","4172.3283667516","4168.1306361485","4172.3740244614","87.46427842268","207.46565980904","0",""
"org.apache.tools.ant.listener.MailLogger","0","0","0","0","0","0","0","0","5","5","37","0","5","250","0.90486397231905","2","4004.8796486287","295.00001534045","307.28000260349","206.73654732533","188.00002407144","3998.422188814","3994.1126674144","3998.612259272","91.082380293886","210.38060747132","0",""
"org.apache.tools.ant.types.DTDLocation","0","0","0","0","0","0","0","0","5","1","6","1","0","30","0.97003958645327","1","4224.3830318758","296.00000151626","308.24016610429","210.38060747132","192.00000233757","4218.3717237816","4214.1453463306","4218.3263268742","92.849340331528","209.46837470129","0",""
"org.apache.tools.ant.types.selectors.OrSelector","0","0","0","0","0","0","0","0","3","5","14","4","2","52","0.48845715286652","4","4202.2271475969","293.00044654588","305.92973049379","207.57649192527","188.00069594574","4196.2135312684","4192.1298882549","4196.2135312684","93.984041198493","207.57649192527","0",""
"org.apache.tools.ant.DynamicConfigurator","0","0","0","0","0","0","0","0","2","2","2","1","1","2","1","1","4252.3146638037","296","309.09060160413","210.71782079359","191","4246.29779926","4242.1362542945","4246.29779926","95.273291115611","210.71782079359","0",""
"org.apache.tools.tar.TarInputStream","0","0","0","0","0","0","0","0","16","3","38","1","2","541","0.38938697329116","2","3714.7320226364","295.00063194554","304.38462510449","204.26698215815","190.00098117712","3707.8712221435","3703.1470400188","3707.9225989764","81.939001702486","205.19746587129","0",""
"org.apache.tools.ant.types.selectors.NotSelector","0","0","0","0","0","0","0","0","3","6","11","4","3","37","0.6161925230842","7","4216.983400489","290.00025397951","303.05775027212","206.67123650862","187.00039387172","4211.1539986089","4207.1217001651","4211.1985229861","93.637599285757","207.57649192527","0",""
"org.apache.tools.ant.listener.AnsiColorLogger","0","0","0","0","0","0","0","0","3","1","18","0","1","274","0.97916666666667","1","3981.0194674229","296.00000073316","308.8041450499","211.20606051911","192.00000113028","3974.6401094942","3970.14558927","3974.6401094942","94.339811320566","211.20606051911","0",""
"org.apache.tools.ant.taskdefs.ProcessDestroyer","0","0","0","0","0","0","0","0","5","1","20","1","0","106","0.95528634759398","1","4148.5732487206","296.00000337721","308.24016610429","210.38060747132","192.00000520654","4142.4519309221","4138.1480157191","4142.4057020046","92.849340331528","209.46837470129","0",""
"org.apache.tools.ant.filters.BaseParamFilterReader","0","0","0","0","0","0","0","0","4","12","7","9","3","22","0.96263470411393","9","4231.8114324719","288.0000024239","300.85378508505","200.82330542046","181.00000385681","4225.8780152768","4222.1212677989","4225.9641503449","92.698435801258","202.62773748922","0",""
"org.apache.tools.bzip2.CBZip2OutputStream","0","0","0","0","0","0","0","0","33","6","43","3","4","4244","0.1010771718037","3","294","294.00137425232","299.66648127543","195.78815081613","187.00216058177","187","31","189","65.76473218983","197.69926656414","0",""
"org.apache.tools.ant.taskdefs.CallTarget","0","0","0","0","0","0","0","0","10","9","33","0","9","145","0.17552672407291","4","4109.4586018112","293.00115999119","303.99013141877","201.03979705521","184.00184715427","4103.1277094431","4099.082458307","4103.4942427156","85.070558949615","208.38665984175","0",""
"org.apache.tools.ant.taskdefs.Jikes","0","0","0","0","0","0","0","0","2","5","30","0","5","186","0.92475895316804","0","4068.8540155675","297.00000953067","310.04838332106","208.00240383226","188.00001505642","4062.3525204","4058.1108905499","4062.539599807","93.920178875469","211.6246677493","0",""
"org.apache.tools.ant.util.FlatFileNameMapper","0","0","0","0","0","0","0","0","4","2","7","1","1","20","0.97744446879261","0","4234.4285328719","297.00000085648","309.48020938341","209.88091861815","191.00000133181","4228.3160950903","4224.1368349049","4228.3160950903","93.407708461347","209.88091861815","0",""
"org.apache.tools.ant.taskdefs.cvslib.RedirectingStreamHandler","0","0","0","0","0","0","0","0","3","5","12","1","4","40","0.91432623414589","3","4214.2676706636","294.00001248298","306.88760157426","207.57649192527","188.00001952126","4208.2015160874","4204.114294355","4208.3366072595","93.300589494386","210.29740844813","0",""
"org.apache.tools.ant.taskdefs.condition.And","0","0","0","0","0","0","0","0","2","3","7","1","3","23","0.99242424242424","0","4231.4359264911","297.00000009662","310.04838332106","209.81182044871","190.00000015103","4225.2740739507","4221.1212965277","4225.3191595429","94.578010129205","210.71782079359","0",""
"org.apache.tools.ant.taskdefs.cvslib.CvsTagDiff","0","0","0","0","0","0","0","0","21","8","73","0","8","669","0.89564057539669","4","3586.9867577118","293.00001858514","301.24574685794","197.80040444852","185.00002943483","3579.7835130075","3575.1019565881","3580.1520917414","75.026661927611","204.36242316042","0",""
"org.apache.tools.ant.taskdefs.compilers.CompilerAdapter","0","0","0","0","0","0","0","0","2","4","2","3","2","2","1","1","4252.3146638037","296","309.09060160413","208.90667772955","189","4246.2083085972","4242.1283573225","4246.2083085972","94.921019800674","208.90667772955","0",""
"org.apache.tools.ant.taskdefs.condition.ConditionBase","0","0","0","0","0","0","0","0","18","18","23","5","16","110","0.87872947818325","3","4144.4410962155","294.00002501112","302.92738403783","189.61540021844","175.00004201868","4137.7023817573","4134.043662082","4138.2272774704","75.432088662584","200.74361758223","0",""
"org.apache.tools.ant.taskdefs.condition.Or","0","0","0","0","0","0","0","0","2","3","7","1","3","23","0.99242424242424","0","4231.4359264911","297.00000009662","310.04838332106","209.81182044871","190.00000015103","4225.2740739507","4221.1212965277","4225.3191595429","94.578010129205","210.71782079359","0",""
"org.apache.tools.ant.taskdefs.cvslib.ChangeLogTask","0","0","0","0","0","0","0","0","15","16","77","0","16","504","0.87681929024418","4","3751.4595826158","293.00002589332","302.69621735331","192.62658175859","177.00004286295","3744.1860263614","3740.0482617207","3744.9250993845","78.339006886736","206.49455198624","0",""
"org.apache.tools.mail.MailPrintStream","0","0","0","0","0","0","0","0","5","1","9","1","0","81","0.94266268588981","2","4173.4391094156","295.00000557215","307.28000260349","210.38060747132","192.00000856137","4167.4252242842","4163.1471268741","4167.3792723965","92.849340331528","209.46837470129","0",""
"org.apache.tools.ant.taskdefs.cvslib.CvsTagEntry","0","0","0","0","0","0","0","0","7","1","11","1","0","98","0.90473266058074","2","4156.4818055659","295.00001538282","306.72626232522","209.57099035888","192.00002363507","4150.4433498122","4146.1477301225","4150.3972099065","91","208.65521800329","0",""
"org.apache.tools.ant.taskdefs.condition.Os","0","0","0","0","0","0","0","0","13","14","23","12","2","308","0.95535434990573","10","3946.4496702733","287.00000347253","297.41049073629","195.25624189767","179.00000556769","3940.0681466188","3936.1383359836","3940.1137039431","84.693565280959","196.17339269126","0",""
"org.apache.tools.mail.SmtpResponseReader","0","0","0","0","0","0","0","0","5","1","19","1","0","108","0.94042005709592","1","4146.57834847","296.00000599623","308.24016610429","210.38060747132","192.00000924419","4140.454081378","4136.1480872909","4140.4078301539","92.849340331528","209.46837470129","0",""
"org.apache.tools.ant.filters.ClassConstants","0","0","0","0","0","0","0","0","5","3","20","1","2","168","0.94793799107403","1","4086.7336590485","296.00000457847","308.24016610429","208.55694665966","190.00000713277","4080.4259581568","4076.1335846608","4080.4726441921","92.114059730315","209.46837470129","0",""
"org.apache.tools.ant.ExitException","0","0","0","0","0","0","0","0","2","1","7","1","0","20","0.98490587695133","2","4234.2887242133","295.00000038616","308.13308812914","211.6246677493","192.00000059331","4228.3613847447","4224.145002246","4228.3160950903","95.634721728042","210.71782079359","0",""
"org.apache.tools.ant.types.selectors.FileSelector","0","0","0","0","0","0","0","0","1","15","1","14","1","1","1","1","4253.3122387147","296","309.38002521171","199.45926902503","178","4246.7320376968","4243.1362221828","4246.7320376968","96.208107766446","199.45926902503","0",""
"org.apache.tools.ant.types.selectors.ExtendFileSelector","0","0","0","0","0","0","0","0","0","4","0","2","2","0","1","0","4254.3795082244","297","310.62839535368","209.7665368928","189","4248.206327381","4244.1282968355","4248.2509342081","96.79876032264","210.66798522794","0",""
"org.apache.tools.ant.taskdefs.XSLTLiaison","0","0","0","0","0","0","0","0","3","1","3","1","0","4","1","1","4250.319517401","296","308.8041450499","211.20606051911","192","4244.344943569","4240.1444550864","4244.2998244705","94.704804524375","210.29740844813","0",""
"org.apache.tools.ant.BuildLogger","0","0","0","0","0","0","0","0","4","5","4","4","1","4","1","1","4250.319517401","296","308.52066381363","207.15453169072","188","4244.1658780024","4240.1363185634","4244.1658780024","93.407708461347","207.15453169072","0",""
"org.apache.tools.ant.types.selectors.AndSelector","0","0","0","0","0","0","0","0","3","6","14","5","2","52","0.48845715286652","5","4202.1575410734","292.00044807514","304.97212987419","206.67123650862","187.00069966737","4196.1688478897","4192.1298882549","4196.1688478897","93.984041198493","206.67123650862","0",""
"org.apache.tools.ant.taskdefs.rmic.RmicAdapterFactory","0","0","0","0","0","0","0","0","3","7","14","1","6","88","0.97891879473704","2","4166.4566480404","295.00000075325","307.84574059097","205.76685836159","186.00000119467","4160.1600930733","4156.1011777867","4160.3866406862","92.655275079188","210.29740844813","0",""
"org.apache.tools.ant.taskdefs.Sequential","0","0","0","0","0","0","0","0","4","6","16","0","6","46","0.84478668082831","4","4208.2125659239","293.00004111122","305.64358327961","206.24742422634","187.00006441489","4202.1628954623","4198.1001655511","4202.3883685352","91.706052144883","210.79136604709","0",""
"org.apache.tools.ant.util.RegexpPatternMapper","0","0","0","0","0","0","0","0","5","4","20","0","4","144","0.96011384194866","1","4110.6709914563","296.00000268734","308.24016610429","207.64633394308","189.00000420874","4104.3539077424","4100.117193447","4104.4931477589","91.416628684283","210.38060747132","0",""
"org.apache.tools.ant.util.IdentityMapper","0","0","0","0","0","0","0","0","4","4","5","3","1","16","0.97744446879261","0","4238.4186909743","297.00000085648","309.48020938341","208.0624906128","189.0000013459","4232.2222295149","4228.1367054531","4232.2222295149","93.407708461347","208.0624906128","0",""
"org.apache.tools.ant.taskdefs.compilers.Javac12","0","0","0","0","0","0","0","0","3","8","20","1","7","151","0.027137861038692","0","4103.7614453084","297.00159336398","309.76281248723","204.86336910243","185.00255798432","4097.1787854571","4093.095772151","4097.4540876012","92.347171044922","210.29740844813","0",""
"org.apache.tools.ant.types.selectors.BaseSelectorContainer","0","0","0","0","0","0","0","0","23","19","40","6","19","179","0.49177233857215","15","4074.7698094494","282.00045797012","290.08274681546","186.81541692269","174.00074222645","4068.7222810116","4065.0314881929","4069.2531255748","69.856996786292","198.0403999188","0",""
"org.apache.tools.ant.FileScanner","0","0","0","0","0","0","0","0","14","5","14","5","0","14","1","1","4240.3438539817","296","305.85127104526","203.15757431117","188","4234.1757167128","4230.1447965761","4234.1314339543","84.581321815162","202.23253941935","0",""
"org.apache.tools.ant.util.regexp.RegexpUtil","0","0","0","0","0","0","0","0","3","0","4","0","0","20","0.98490587695133","6","4234.0119272388","291.00000039146","304.01480227121","212.11553455605","193.00000059024","4228.4069104096","4224.145002246","4228.3613847447","94.704804524375","211.20606051911","0",""
"org.apache.tools.ant.taskdefs.condition.Http","0","0","0","0","0","0","0","0","4","4","15","1","3","109","0.95168187881096","0","4145.6524215134","297.00000393037","309.48020938341","208.0624906128","189.0000061763","4139.3170934346","4135.1238191861","4139.4088949994","92.698435801258","209.88091861815","0",""
"org.apache.tools.bzip2.CRC","0","0","0","0","0","0","0","0","7","2","8","2","0","1082","0.94810457743912","3","3175.6385184715","294.00000458016","305.76461534978","208.65521800329","191.00000705009","3167.7634065694","3162.1937005819","3167.7032689316","91","207.74022239326","0",""
"org.apache.tools.ant.taskdefs.PumpStreamHandler","0","0","0","0","0","0","0","0","13","9","20","7","2","111","0.87820956549792","9","4143.0222060713","288.00002575158","298.37560221975","199.84994370777","184.00004030682","4137.0937867058","4133.1317423958","4137.1383829889","84.693565280959","200.77101384413","0",""
