Class Name,HasT,#Bugs,#BugsBinary,#Blocker,#Critical,#Major,#Normal,#Minor,#Trivial,WMC,CBO,RFC,Ca,Ce,LOC,Qi,FANIN,"d(LOC,FANIN)","d(Qi,FANIN)","d(WMC,FANIN)","d( WMC,CBO)","d(Qi,CBO)","d(LOC, CBO)","d(LOC, Ce)","d(LOC, Ca)","d(WMC, Ce)","d(WMC, Ca)",Risk1,TLOC
org.apache.tools.ant.taskdefs.Manifest,1,5,1,2,0,0,3,0,0,17,7,71,2,5,569,0.583372242,3,3686.741,294,303.17,200.18,186,3679.704,3675.122,3679.908,79.85,203.902,21,171
org.apache.tools.ant.taskdefs.Jar,1,6,1,1,1,1,3,0,0,21,15,83,2,13,799,0.319521039,4,3457.437,293.001,301.246,191.269,178.001,3449.595,3445.07,3450.235,73.376,202.485,24,134
org.apache.tools.ant.taskdefs.Zip,1,5,1,1,1,1,2,0,0,34,25,138,3,22,1740,0.234041895,7,2520.737,290.001,295.549,177.406,168.002,2509.629,2504.034,2511.123,58.464,197.408,21,49
org.apache.tools.ant.Project,1,5,1,1,0,0,2,2,0,91,157,212,148,17,2452,0.103267924,145,1798.435,152.003,152,36,36.011,1792.362,1792.09,1792.54,18,44,16,128
org.apache.tools.ant.taskdefs.SQLExec,1,4,1,1,0,1,1,1,0,18,13,90,1,13,778,0.645021609,5,3478.278,292,300.987,194.24,180,3470.671,3466.07,3471.259,76.243,204.475,15,132
org.apache.tools.ant.taskdefs.Copy,1,3,1,1,0,1,1,0,0,27,18,87,1,17,919,0.217968946,6,3337.71,291.001,297.955,186.336,175.002,3329.602,3325.049,3330.481,66.483,201.437,13,71
org.apache.tools.ant.taskdefs.Tar,1,2,1,1,0,1,0,0,0,11,17,83,0,17,671,0.855679997,4,3584.993,293,303.725,193.329,176,3577.332,3573.045,3578.155,82,208,10,74
org.apache.tools.ant.taskdefs.AntStructure,1,2,1,1,0,0,0,1,0,10,7,61,0,7,758,0.908702087,4,3498.292,293,303.99,202.872,186,3490.959,3486.112,3491.283,85.703,208.387,8,11
org.apache.tools.ant.taskdefs.Rmic,1,2,1,1,0,0,1,0,0,48,25,108,7,20,816,0.017419949,7,3440.245,290.002,293.171,173.416,168.003,3432.114,3428.033,3432.988,45.541,189.932,9,54
org.apache.tools.ant.taskdefs.Ant,1,2,1,1,1,0,0,0,0,19,16,117,1,15,849,0.290581408,6,3407.449,291.001,299.775,191.084,177.001,3399.611,3395.059,3400.369,74.726,204.12,11,347
org.apache.tools.ant.taskdefs.Mkdir,1,2,1,1,0,0,1,0,0,3,3,14,0,3,82,0.96655368,4,4172.301,293,305.93,209.39,190,4166.335,4162.123,4166.426,93.638,211.206,9,23
org.apache.tools.ant.taskdefs.Concat,1,1,1,1,0,0,0,0,0,12,11,64,0,11,581,0.816799704,4,3674.7,293,303.463,198.406,182,3667.519,3663.079,3668.028,82.565,207.617,6,51
org.apache.tools.ant.taskdefs.AbstractCvsTask,1,1,1,1,0,0,0,0,0,40,17,99,2,15,855,0.393809386,5,3401.556,292.001,296.42,183.24,176.001,3393.567,3389.059,3394.322,54.781,196.726,6,29
org.apache.tools.ant.taskdefs.BUnzip2,1,1,1,1,0,0,0,0,0,3,5,24,0,5,163,0.972455693,0,4091.793,297,309.763,207.576,188,4085.328,4081.11,4085.514,92.973,211.206,6,17
org.apache.tools.ant.taskdefs.Checksum,1,1,1,1,0,0,0,0,0,15,11,72,1,10,683,0.847050663,4,3573.034,293,302.696,197.231,182,3565.648,3561.088,3566.119,80.006,205.565,6,39
org.apache.tools.ant.taskdefs.Parallel,1,1,1,1,0,0,0,0,0,3,6,21,1,6,146,0.98866506,3,4108.533,294,306.888,206.671,187,4102.264,4098.103,4102.449,92.655,210.297,6,43
org.apache.tools.ant.taskdefs.LoadProperties,1,1,1,1,0,0,0,0,0,4,8,39,0,8,200,0.967098417,0,4054.891,297,309.48,204.436,185,4048.229,4044.09,4048.555,91.093,210.791,6,16
org.apache.tools.ant.taskdefs.LoadFile,1,1,1,1,0,0,0,0,0,7,7,36,0,7,261,0.892368018,0,3994.058,297,308.65,204.088,186,3987.341,3983.098,3987.625,88.544,209.571,6,67
org.apache.tools.ant.taskdefs.Move,1,1,1,1,0,0,0,0,0,5,11,46,0,11,587,0.868902251,1,3668.96,296,308.24,201.296,182,3661.526,3657.079,3662.037,89.286,210.381,6,27
org.apache.tools.ant.taskdefs.BZip2,1,1,1,1,0,0,0,0,0,2,5,14,0,5,66,0.993162879,0,4188.543,297,310.048,208.002,188,4182.228,4178.108,4182.409,93.92,211.625,6,24
org.apache.tools.ant.taskdefs.Property,1,4,1,0,1,0,3,0,0,30,12,77,2,10,717,0.057821722,5,3539.067,292.002,298.304,191.003,181.002,3531.641,3527.089,3532.114,65.924,199.552,14,43
org.apache.tools.ant.DirectoryScanner,1,2,1,0,1,0,1,0,0,34,33,67,27,6,1171,0.191052322,25,3085.014,272.001,277.908,169.85,160.002,3077.162,3073.137,3077.427,63.953,174.568,8,99
org.apache.tools.ant.taskdefs.War,1,1,1,0,1,0,0,0,0,9,9,34,0,9,166,0.511234948,4,4088.512,293,304.258,201.445,184.001,4082.149,4078.083,4082.517,86.023,208.777,5,16
org.apache.tools.ant.taskdefs.ExecuteWatchdog,1,1,1,0,1,0,0,0,0,8,8,22,5,3,141,0.888399394,5,4113.377,292,303.567,202.766,185,4107.169,4103.125,4107.259,88.955,204.592,5,97
org.apache.tools.ant.types.CommandlineJava,1,1,1,0,0,1,0,0,0,27,10,60,1,9,401,0.008988287,13,3853.48,284.002,291.122,193.869,183.003,3847.355,3843.088,3847.743,69.08,201.437,4,75
org.apache.tools.ant.taskdefs.Tstamp,1,1,1,0,0,1,0,0,0,4,6,22,1,6,142,0.970704995,5,4112.38,292,304.685,206.247,187,4106.26,4102.103,4106.444,91.706,209.881,4,57
org.apache.tools.ant.AntClassLoader,1,4,1,0,0,0,3,1,0,42,20,115,14,8,1369,0.208178051,22,2888.122,275.001,279.331,179.805,173.002,2880.2,2875.127,2880.505,55.946,184.621,11,35
org.apache.tools.ant.types.AbstractFileSet,1,2,1,0,0,0,2,0,0,41,52,102,26,26,698,0.017387141,17,3557.038,280.002,284.429,149.603,141.003,3548.802,3546.011,3549.883,50.804,173.367,6,196
org.apache.tools.ant.util.FileUtils,1,2,1,0,0,0,2,0,0,29,28,120,25,6,1348,0.489026131,30,2908.282,267,274.104,176.264,165.001,2900.697,2896.145,2900.811,68.447,178.138,6,245
org.apache.tools.ant.taskdefs.Available,1,2,1,0,0,0,2,0,0,20,14,67,1,13,812,0.002835027,4,3444.484,293.002,301.48,192.567,179.003,3436.665,3432.071,3437.311,74.33,203.769,6,109
org.apache.tools.ant.taskdefs.ExecuteJava,1,2,1,0,0,0,2,0,0,10,10,47,1,9,329,0.892833719,2,3926.099,295,305.918,200.125,183,3919.275,3915.086,3919.656,85.071,207.466,6,57
org.apache.tools.ant.IntrospectionHelper,1,2,1,0,0,0,1,1,0,24,25,78,16,21,1203,0.621822276,4,3055.083,293,300.563,180.867,168,3045.637,3041.032,3046.089,68.447,188.322,5,370
org.apache.tools.ant.util.CollectionUtils,1,2,1,0,0,0,1,1,0,3,3,12,3,0,90,0.889577594,3,4164.391,294,306.888,209.39,190,4158.343,4154.147,4158.297,94.705,208.483,5,67
org.apache.tools.ant.types.FilterSet,1,2,1,0,0,0,1,1,0,19,11,61,7,5,503,0.48212159,5,3752.379,292,300.746,195.724,182.001,3745.425,3741.12,3745.572,78,198.517,5,83
org.apache.tools.ant.taskdefs.XmlProperty,1,1,1,0,0,0,1,0,0,9,4,41,0,4,334,0.523742697,4,3920.963,293,304.258,206.022,189.001,3914.565,3910.123,3914.711,87.664,208.777,3,15
org.apache.tools.ant.types.XMLCatalog,1,1,1,0,0,0,1,0,0,21,10,82,1,9,719,0.057508337,3,3537.239,294.002,302.218,195.931,183.002,3529.747,3525.096,3530.171,74.673,203.423,3,277
org.apache.tools.ant.types.PatternSet,1,1,1,0,0,0,1,0,0,21,12,62,7,6,630,0.296945367,3,3625.939,294.001,302.218,194.064,181.001,3618.53,3614.116,3618.732,75.769,197.8,3,152
org.apache.tools.ant.util.JavaEnvUtils,1,1,1,0,0,0,1,0,0,11,15,26,14,2,361,0.893396363,21,3892.797,276,287.36,195.151,178,3887.078,3883.14,3887.078,86.539,195.151,3,89
org.apache.tools.ant.taskdefs.Basename,1,1,1,0,0,0,1,0,0,5,5,13,0,5,71,0.918149939,3,4183.344,294,306.32,206.737,188,4177.233,4173.108,4177.415,91.082,210.381,3,47
org.apache.tools.ant.types.Mapper,1,1,1,0,0,0,1,0,0,11,14,40,5,9,286,0.049913203,8,3968.537,289.002,299.868,196.064,179.003,3962.046,3958.085,3962.415,84.119,203.394,3,117
org.apache.tools.ant.taskdefs.Java,1,1,1,0,0,0,1,0,0,31,20,103,0,20,673,0.013904354,25,3581.344,272.002,278.539,183.109,173.003,3575.188,3571.032,3576.158,61.847,201.157,3,97
org.apache.tools.ant.types.EnumeratedAttribute,1,0,0,0,0,0,0,0,0,8,46,14,45,1,87,0.966365194,45,4164.631,252,265.317,168.814,147,4159.598,4157.139,4159.598,89.694,168.814,0,51
org.apache.tools.zip.ZipShort,1,0,0,0,0,0,0,0,0,7,6,8,6,0,89,0.948159828,4,4165.318,293,304.803,205,187,4159.206,4155.147,4159.161,91,204.088,0,32
org.apache.tools.ant.taskdefs.Delete,1,0,0,0,0,0,0,0,0,21,11,56,0,11,715,0.497562166,7,3540.896,290,298.329,194.997,182.001,3533.69,3529.082,3534.219,74,204.362,0,20
org.apache.tools.ant.util.regexp.Regexp,1,0,0,0,0,0,0,0,0,1,5,1,3,2,3,1,1,4251.317,296,309.38,208.432,188,4245.165,4241.128,4245.209,95.859,209.335,0,32
org.apache.tools.ant.util.facade.FacadeTaskHelper,1,0,0,0,0,0,0,0,0,8,3,18,2,1,108,0.919590963,3,4146.436,294,305.491,207.338,190,4140.362,4136.14,4140.362,89.694,207.338,0,31
org.apache.tools.ant.types.Path,1,0,0,0,0,0,0,0,0,28,44,96,32,13,1047,0.006091114,79,3204.424,218.002,226.921,161.771,149.003,3200.47,3197.076,3201.001,66.731,171.956,0,443
org.apache.tools.ant.types.selectors.FilenameSelector,1,0,0,0,0,0,0,0,0,8,9,23,4,5,198,0.780515958,7,4056.38,290,301.644,201.854,184,4050.182,4046.111,4050.365,88.255,205.507,0,65
org.apache.tools.ant.filters.LineContains,1,0,0,0,0,0,0,0,0,8,6,26,1,5,167,0.903853958,1,4087.731,296,307.417,204.592,187,4081.286,4077.11,4081.472,88.255,208.255,0,17
org.apache.tools.ant.util.PackageNameMapper,1,0,0,0,0,0,0,0,0,2,1,6,0,1,20,0.992424242,1,4234.359,296,309.091,211.625,192,4228.361,4224.137,4228.361,95.273,211.625,0,15
org.apache.tools.ant.util.regexp.RegexpMatcher,1,0,0,0,0,0,0,0,0,6,7,6,6,1,10,1,4,4244.126,293,305.08,204.502,186,4238.084,4234.137,4238.084,91.548,204.502,0,135
org.apache.tools.zip.AsiExtraField,1,0,0,0,0,0,0,0,0,20,4,42,0,4,376,0.600817058,1,3879.309,296,304.396,201.896,189,3872.615,3868.124,3872.762,77.473,204.707,0,95
org.apache.tools.ant.taskdefs.Sleep,1,0,0,0,0,0,0,0,0,10,2,20,0,2,130,0.912957371,4,4124.421,293,303.99,207.466,191,4118.431,4114.132,4118.478,87.464,208.387,0,66
org.apache.tools.ant.taskdefs.Typedef,1,0,0,0,0,0,0,0,0,2,4,4,0,4,11,0.960957782,0,4243.406,297,310.048,208.907,189,4237.217,4233.114,4237.352,94.244,211.625,0,35
org.apache.tools.ant.types.DirSet,1,0,0,0,0,0,0,0,0,3,7,8,3,4,27,0.23043239,1,4227.376,296.001,308.804,205.767,186.002,4221.1,4217.114,4221.233,93.301,208.483,0,32
org.apache.tools.ant.types.selectors.DependSelector,1,0,0,0,0,0,0,0,0,7,13,25,4,9,201,0.372621625,2,4053.748,295.001,306.726,198.635,180.001,4047.005,4043.084,4047.369,87.932,205.913,0,112
org.apache.tools.ant.util.DOMElementWriter,1,0,0,0,0,0,0,0,0,8,1,40,1,0,464,0.626927072,5,3791.262,292,303.567,209.172,192,3784.873,3780.162,3784.822,90.078,208.255,0,62
org.apache.tools.ant.util.GlobPatternMapper,1,0,0,0,0,0,0,0,0,5,3,15,2,1,137,0.955286348,2,4117.581,295,307.28,208.557,190,4111.393,4107.141,4111.393,92.477,208.557,0,59
org.apache.tools.ant.taskdefs.Javac,1,0,0,0,0,0,0,0,0,72,27,116,11,18,900,3.01801E-05,7,3356.551,290.002,290.622,167.084,166.003,3348.118,3344.043,3348.895,25.495,181.995,0,134
org.apache.tools.ant.types.FileSet,1,0,0,0,0,0,0,0,0,3,30,8,26,4,27,0.23043239,8,4226.891,289.001,302.101,185.238,163.002,4220.149,4217.114,4220.266,93.301,187.883,0,8
org.apache.tools.ant.taskdefs.Copydir,1,0,0,0,0,0,0,0,0,8,7,37,0,7,277,0.95539769,3,3977.879,294,305.491,203.679,186,3971.358,3967.099,3971.644,87.596,209.172,0,33
org.apache.tools.ant.types.selectors.PresentSelector,1,0,0,0,0,0,0,0,0,7,13,25,4,9,199,0.378378469,2,4055.743,295.001,306.726,198.635,180.001,4049.003,4045.084,4049.366,87.932,205.913,0,97
org.apache.tools.ant.taskdefs.condition.Equals,1,0,0,0,0,0,0,0,0,6,3,11,1,2,74,0.966365194,0,4180.563,297,308.924,208.147,190,4174.326,4170.131,4174.372,91.181,209.06,0,23
org.apache.tools.ant.TaskContainer,1,0,0,0,0,0,0,0,0,1,9,1,8,1,1,1,1,4253.312,296,309.38,204.832,184,4246.988,4243.136,4246.988,96.208,204.832,0,15
org.apache.tools.ant.taskdefs.Untar,1,0,0,0,0,0,0,0,0,3,8,22,0,8,104,0.985638918,1,4150.568,296,308.804,204.863,185,4144.131,4140.088,4144.45,92.049,211.206,0,51
org.apache.tools.ant.types.selectors.SizeSelector,1,0,0,0,0,0,0,0,0,8,10,28,4,6,365,0.793954727,7,3889.825,290,301.644,200.943,183,3883.314,3879.108,3883.553,87.92,205.507,0,141
org.apache.tools.ant.taskdefs.FixCRLF,1,0,0,0,0,0,0,0,0,18,12,82,1,12,1238,0.104288088,5,3020.149,292.001,300.987,195.167,181.002,3011.444,3006.088,3012.062,76.538,204.475,0,115
org.apache.tools.ant.types.selectors.ContainsSelector,1,0,0,0,0,0,0,0,0,7,9,28,4,5,215,0.817801013,7,4039.423,290,301.921,202.267,184,4033.199,4029.112,4033.384,89.196,205.913,0,58
org.apache.tools.ant.taskdefs.Input,1,0,0,0,0,0,0,0,0,6,8,19,0,8,88,0.84709419,3,4166.386,294,306.041,203.593,185,4160.116,4156.088,4160.433,89.185,209.974,0,43
org.apache.tools.ant.util.JAXPUtils,1,0,0,0,0,0,0,0,0,8,2,21,1,1,89,0.96148752,4,4165.318,293,304.529,208.255,191,4159.388,4155.139,4159.388,89.694,208.255,0,16
org.apache.tools.zip.ZipEntry,1,0,0,0,0,0,0,0,0,23,5,68,2,3,462,0.564084289,3,3793.41,294,301.761,199.92,188.001,3786.67,3782.135,3786.77,75.153,201.802,0,48
org.apache.tools.ant.taskdefs.Echo,1,0,0,0,0,0,0,0,0,7,7,21,0,7,144,0.892809301,3,4110.527,294,305.765,204.088,186,4104.217,4100.096,4104.493,88.544,209.571,0,23
org.apache.tools.ant.taskdefs.Replace,1,0,0,0,0,0,0,0,0,22,9,92,2,9,837,0.827746326,4,3419.576,293,301.015,196.512,184,3411.965,3407.099,3412.294,73.736,202.141,0,32
org.apache.tools.ant.taskdefs.CVSPass,1,0,0,0,0,0,0,0,0,6,3,30,0,3,1262,0.862854201,1,2996.655,296,307.963,208.147,190,2988.047,2982.172,2988.175,90.824,209.974,0,75
org.apache.tools.ant.util.DateUtils,1,0,0,0,0,0,0,0,0,7,1,20,1,0,197,0.919102972,7,4057.377,290,301.921,209.571,192,4051.552,4047.151,4051.505,91,208.655,0,53
org.apache.tools.ant.types.selectors.DepthSelector,1,0,0,0,0,0,0,0,0,7,8,26,4,4,261,0.820359657,7,3993.543,290,301.921,203.177,185,3987.294,3983.121,3987.434,89.538,205.913,0,101
org.apache.tools.ant.types.FileList,1,0,0,0,0,0,0,0,0,8,9,31,4,5,181,0.408463985,1,4073.768,296.001,307.417,201.854,184.001,4067.164,4063.111,4067.347,88.255,205.507,0,99
org.apache.tools.ant.util.StringUtils,1,0,0,0,0,0,0,0,0,6,14,24,14,0,116,0.947994085,7,4138.174,290,302.2,198.157,179,4131.879,4128.148,4131.836,91.924,197.254,0,29
org.apache.tools.ant.taskdefs.condition.Contains,1,0,0,0,0,0,0,0,0,5,3,9,1,2,64,0.973742028,0,4190.538,297,309.201,208.557,190,4184.316,4180.13,4184.361,92.114,209.468,0,13
org.apache.tools.ant.types.Description,1,0,0,0,0,0,0,0,0,2,3,8,0,3,28,0.984905877,0,4226.448,297,310.048,209.812,190,4220.279,4216.121,4220.37,94.578,211.625,0,25
org.apache.tools.ant.taskdefs.Deltree,1,0,0,0,0,0,0,0,0,4,3,17,0,3,152,0.935319349,4,4102.476,293,305.644,208.971,190,4096.409,4092.125,4096.502,92.698,210.791,0,14
org.apache.tools.ant.taskdefs.Taskdef,1,0,0,0,0,0,0,0,0,2,4,4,0,4,11,0.883743323,0,4243.406,297,310.048,208.907,189,4237.217,4233.114,4237.352,94.244,211.625,0,45
org.apache.tools.zip.ZipLong,1,0,0,0,0,0,0,0,0,7,2,8,2,0,147,0.948159828,3,4107.535,294,305.765,208.655,191,4101.45,4097.149,4101.403,91,207.74,0,34
org.apache.tools.ant.types.selectors.BaseSelector,1,0,0,0,0,0,0,0,0,6,15,8,12,3,39,0.916355335,12,4214.647,285,297.405,197.254,178,4208.766,4205.122,4208.851,90.824,199.06,0,107
org.apache.tools.ant.taskdefs.GZip,1,0,0,0,0,0,0,0,0,2,4,12,0,4,55,0.993162879,0,4199.515,297,310.048,208.907,189,4193.261,4189.115,4193.398,94.244,211.625,0,38
org.apache.tools.ant.taskdefs.GUnzip,1,0,0,0,0,0,0,0,0,3,4,20,0,4,124,0.972455693,0,4130.691,297,309.763,208.483,189,4124.333,4120.117,4124.471,93.301,211.206,0,29
org.apache.tools.ant.taskdefs.Copyfile,1,0,0,0,0,0,0,0,0,6,5,22,0,5,137,0.908098962,3,4117.51,294,306.041,206.323,188,4111.301,4107.11,4111.485,90.139,209.974,0,35
org.apache.tools.ant.types.selectors.DateSelector,1,0,0,0,0,0,0,0,0,11,11,38,4,7,391,0.796204566,7,3863.898,290,300.832,198.806,182,3857.296,3853.102,3857.584,84.758,204.313,0,171
org.apache.tools.ant.taskdefs.Dirname,1,0,0,0,0,0,0,0,0,4,5,9,0,5,48,0.954733503,3,4206.287,294,306.602,207.155,188,4200.21,4196.107,4200.39,92.027,210.791,0,34
org.apache.tools.ant.taskdefs.Rename,1,0,0,0,0,0,0,0,0,5,4,17,0,4,99,0.932106487,3,4155.413,294,306.32,207.646,189,4149.307,4145.116,4149.444,91.417,210.381,0,20
org.apache.tools.ant.util.facade.ImplementationSpecificArgument,1,0,0,0,0,0,0,0,0,3,6,6,5,1,25,0.981175173,2,4229.301,295,307.846,206.671,187,4223.142,4219.137,4223.142,94.34,206.671,0,29
org.apache.tools.ant.types.Commandline,1,0,0,0,0,0,0,0,0,28,31,57,29,4,602,0.477310449,63,3649.51,234.001,242.332,173.819,162.001,3645.601,3642.132,3645.646,70.214,174.751,0,91
org.apache.tools.zip.ExtraFieldUtils,1,0,0,0,0,0,0,0,0,8,4,39,1,3,377,0.877327161,1,3878.312,296,307.417,206.422,189,3871.616,3867.132,3871.714,88.955,208.255,0,71
org.apache.tools.ant.taskdefs.Filter,1,0,0,0,0,0,0,0,0,6,6,16,0,6,95,0.892567169,4,4159.333,293,305.08,205.412,187,4153.212,4149.101,4153.44,89.811,209.974,0,70
org.apache.tools.ant.types.FlexInteger,1,0,0,0,0,0,0,0,0,3,0,7,0,0,19,0.977444469,0,4235.426,297,309.763,212.116,193,4229.406,4225.145,4229.36,94.705,211.206,0,34
org.apache.tools.ant.taskdefs.DependSet,1,0,0,0,0,0,0,0,0,6,10,33,0,10,511,0.923539654,3,3744.559,294,306.041,201.777,183,3737.483,3733.084,3737.934,88.6,209.974,0,30
org.apache.tools.ant.Main,0,4,1,1,0,0,2,1,0,19,12,103,1,12,1720,0.901345272,2,2541.181,295,303.659,194.795,181,2530.482,2524.105,2531.217,75.584,204.12,14,
org.apache.tools.ant.taskdefs.Execute,0,3,1,1,1,0,1,0,0,24,31,85,12,20,708,0.624032564,30,3546.066,267,275.278,175.308,162,3539.709,3536.032,3540.578,68.659,192.065,14,
org.apache.tools.ant.ProjectHelper,0,3,1,1,0,0,1,1,0,13,15,66,10,7,476,0.376337757,8,3779.067,289.001,299.341,194.34,178.001,3772.202,3768.104,3772.393,82.873,198.01,11,
org.apache.tools.ant.taskdefs.Pack,0,2,1,1,0,0,0,1,0,8,5,21,2,3,145,0.916374637,6,4109.316,291,302.605,205.507,188,4103.309,4099.125,4103.401,88.955,207.338,8,
org.apache.tools.ant.taskdefs.ExecTask,0,2,1,1,0,0,1,0,0,27,19,80,4,15,607,0.401066274,11,3648.228,286.001,293.073,185.397,174.001,3641.16,3637.055,3641.856,67.052,198.595,9,
org.apache.tools.ant.taskdefs.Recorder,0,2,1,1,0,0,1,0,0,9,9,34,0,9,214,0.865965148,4,4040.637,293,304.258,201.445,184,4034.198,4030.084,4034.571,86.023,208.777,9,
org.apache.tools.ant.taskdefs.RecorderEntry,0,2,1,1,0,0,1,0,0,16,6,36,1,5,363,0.647423596,2,3892.196,295,304.385,201.48,187,3885.503,3881.116,3885.697,80.777,205.197,9,
org.apache.tools.ant.DefaultLogger,0,2,1,1,0,1,0,0,0,16,13,38,6,7,334,0.845336308,6,3920.814,291,300.51,195,180,3914.141,3910.1,3914.422,80.056,200.552,10,
org.apache.tools.ant.taskdefs.email.EmailAddress,0,1,1,1,0,0,0,0,0,7,3,11,3,0,53,0.940921967,3,4201.299,294,305.765,207.74,190,4195.305,4191.146,4195.259,91,206.826,6,
org.apache.tools.ant.taskdefs.Patch,0,1,1,1,0,0,0,0,0,10,11,36,0,11,236,0.645488677,3,4018.768,294,304.954,199.211,182,4012.13,4008.072,4012.596,84.481,208.387,6,
org.apache.tools.ant.taskdefs.Cvs,0,1,1,1,0,0,0,0,0,1,2,2,1,1,4,0.992424242,0,4250.389,297,310.337,211.142,191,4244.3,4240.136,4244.3,96.208,211.142,6,
org.apache.tools.ant.taskdefs.PathConvert,0,1,1,1,0,0,0,0,0,16,13,48,1,13,480,0.29941714,4,3775.387,293.001,302.447,195,180.001,3768.301,3764.064,3768.843,78.16,205.197,6,
org.apache.tools.ant.taskdefs.email.PlainMailer,0,1,1,1,0,0,0,0,0,3,6,38,1,5,198,0.989400898,0,4056.886,297,309.763,206.671,187,4050.319,4046.111,4050.506,92.973,210.297,6,
org.apache.tools.ant.taskdefs.email.Message,0,1,1,1,0,0,0,0,0,9,5,20,3,2,141,0.909114063,4,4113.448,293,304.258,205.105,188,4107.305,4103.133,4107.351,88.391,206.022,6,
org.apache.tools.ant.taskdefs.ManifestException,0,1,1,1,0,0,0,0,0,1,5,2,5,0,5,0.992424242,2,4249.252,295,308.423,208.432,188,4243.167,4239.144,4243.123,96.566,207.531,6,
org.apache.tools.tar.TarEntry,0,1,1,1,0,0,0,0,0,32,6,69,4,2,771,0.151901813,4,3485.338,293.001,298.881,196.087,187.002,3478.031,3473.157,3478.085,67.602,197.041,6,
org.apache.tools.ant.taskdefs.BuildNumber,0,1,1,1,0,0,0,0,0,6,5,34,0,5,237,0.914912445,4,4017.698,293,305.08,206.323,188,4011.408,4007.112,4011.597,90.139,209.974,6,
org.apache.tools.ant.taskdefs.SendEmail,0,1,1,1,0,0,0,0,0,2,1,5,0,1,10,0.992424242,0,4244.404,297,310.048,211.625,192,4238.351,4234.137,4238.351,95.273,211.625,6,
org.apache.tools.ant.taskdefs.ExecuteOn,0,1,1,1,0,0,0,0,0,16,19,56,2,17,757,0.357519448,3,3499.372,294.001,303.416,189.476,174.001,3491.339,3487.046,3492.173,77.13,204.267,6,
org.apache.tools.ant.filters.StripJavaComments,0,1,1,1,0,0,0,0,0,4,3,7,1,2,130,0.867106069,1,4124.635,296,308.521,208.971,190,4118.385,4114.132,4118.431,93.048,209.881,6,
org.apache.tools.ant.taskdefs.Unpack,0,1,1,1,0,0,0,0,0,10,7,24,2,5,162,0.895617903,4,4092.502,293,303.99,202.872,186,4086.235,4082.11,4086.419,86.377,206.545,6,
org.apache.tools.ant.taskdefs.compilers.CompilerAdapterFactory,0,1,1,1,0,0,0,0,0,4,13,23,1,12,195,0.951148432,2,4059.732,295,307.561,199.922,180,4052.999,4049.065,4053.502,89.989,209.881,6,
org.apache.tools.ant.taskdefs.email.Mailer,0,1,1,1,0,0,0,0,0,15,6,29,2,4,190,0.891881278,3,4064.647,294,303.664,201.854,187,4058.311,4054.119,4058.45,82.079,204.636,6,
org.apache.tools.ant.taskdefs.email.EmailTask,0,1,1,1,0,0,0,0,0,23,14,73,1,13,668,0.190789609,2,3588.147,295.001,302.736,191.481,179.002,3580.477,3576.068,3581.097,71.47,202.744,6,
org.apache.tools.ant.taskdefs.Chmod,0,1,1,1,0,0,0,0,0,17,15,57,0,15,298,0.124329949,25,3955.363,272.001,281.887,192.769,178.002,3950.013,3946.051,3950.668,76.655,205.767,6,
org.apache.tools.ant.XmlLogger,0,2,1,0,1,0,1,0,0,15,12,69,0,12,614,0.720474784,1,3642.048,296,305.601,196.308,181,3634.51,3630.073,3635.074,79.404,206.495,8,
org.apache.tools.ant.taskdefs.Ear,0,1,1,0,1,0,0,0,0,7,9,32,0,9,150,0.52702483,4,4104.471,293,304.803,202.267,184.001,4098.133,4094.083,4098.5,87.932,209.571,5,
org.apache.tools.ant.taskdefs.MatchingTask,0,1,1,0,1,0,0,0,0,36,35,84,11,24,302,0.013634869,32,3950.897,265.002,270.647,167.299,158.003,3945.165,3942.015,3946.153,56.089,189.172,5,
org.apache.tools.ant.types.ZipScanner,0,1,1,0,1,0,0,0,0,6,3,11,2,1,68,0.767375545,24,4184.914,273,285.927,208.147,190,4180.32,4176.138,4180.32,91.548,208.147,5,
org.apache.tools.ant.util.SourceFileScanner,0,1,1,0,1,0,0,0,0,3,11,24,7,4,264,0.98302566,8,3990.479,289,302.101,202.158,182,3984.159,3980.121,3984.297,93.301,204.863,5,
org.apache.tools.zip.ZipOutputStream,0,1,1,0,1,0,0,0,0,17,7,81,4,3,1178,0.280651499,3,3080.064,294.001,303.17,200.18,186.001,3071.637,3066.167,3071.758,80.623,202.04,5,
org.apache.tools.ant.UnknownElement,0,3,1,0,0,1,1,1,0,13,12,43,3,10,424,0.219937132,27,3829.53,270.001,281.041,197.091,181.002,3824.286,3820.082,3824.673,81.908,204.463,9,
org.apache.tools.ant.taskdefs.rmic.DefaultRmicAdapter,0,2,1,0,0,1,1,0,0,16,15,56,4,12,375,0.000105021,5,3880.003,292.002,301.478,193.155,178.003,3873.092,3869.068,3873.565,78.447,202.408,7,
org.apache.tools.ant.Diagnostics,0,2,1,0,0,1,1,0,0,12,3,47,1,3,466,0.649746832,2,3789.5,295,305.395,205.769,190,3782.775,3778.136,3782.825,85.235,206.693,7,
org.apache.tools.ant.taskdefs.compilers.DefaultCompilerAdapter,0,2,1,0,0,1,1,0,0,19,23,92,8,15,899,2.1844E-11,10,3357.29,287.002,295.894,184.619,170.003,3349.317,3345.06,3350.057,74.726,197.585,7,
org.apache.tools.ant.taskdefs.Exit,0,2,1,0,0,1,0,1,0,8,4,17,0,4,112,0.887218341,4,4142.375,293,304.529,206.422,189,4136.32,4132.116,4136.458,88.6,209.172,6,
org.apache.tools.ant.Target,0,2,1,0,0,1,1,0,0,22,19,49,16,5,382,0.790337425,13,3872.428,284,292.262,187.182,174,3865.918,3862.117,3866.008,75.24,189.042,7,
org.apache.tools.ant.taskdefs.compilers.Jikes,0,1,1,0,0,1,0,0,0,2,9,26,1,8,248,0.020244247,0,4007.022,297.002,310.048,204.394,184.003,4000.234,3996.091,4000.562,93.005,210.718,4,
org.apache.tools.ant.filters.BaseFilterReader,0,1,1,0,0,1,0,0,0,10,16,21,14,2,149,0.825203331,13,4104.836,284,295.325,194.654,177,4098.823,4095.133,4098.867,87.464,195.563,4,
org.apache.tools.ant.taskdefs.UpToDate,0,1,1,0,0,1,0,0,0,11,14,37,1,13,317,0.413178357,4,3937.915,293.001,303.725,196.064,179.001,3931.077,3927.062,3931.642,82.97,207.077,4,
org.apache.tools.ant.util.LoaderUtils,0,1,1,0,0,1,0,0,0,6,3,14,2,1,131,0.964860461,2,4123.566,295,307.002,208.147,190,4117.386,4113.141,4117.386,91.548,208.147,4,
org.apache.tools.ant.taskdefs.SignJar,0,3,1,0,0,0,3,0,0,18,10,56,0,10,460,0.664927285,4,3795.327,293,301.957,197.023,183,3788.422,3784.083,3788.868,77.162,205.409,9,
org.apache.tools.ant.taskdefs.Javadoc,0,3,1,0,0,0,3,0,0,81,35,213,7,35,2199,0.000105587,4,2065.883,293.002,293.171,158.316,158.003,2051.095,2045,2053.351,10,185.27,9,
org.apache.tools.ant.RuntimeConfigurable,0,3,1,0,0,0,2,1,0,11,12,32,9,4,190,0.912784745,7,4064.359,290,300.832,197.891,181,4058.039,4054.119,4058.128,85.796,199.722,8,
org.apache.tools.ant.taskdefs.cvslib.ChangeLogParser,0,2,1,0,0,0,2,0,0,11,4,34,3,1,312,0.972591447,3,3942.976,294,304.69,205.234,189,3936.54,3932.147,3936.54,86.925,205.234,6,
org.apache.tools.ant.taskdefs.rmic.WLRmic,0,2,1,0,0,0,2,0,0,5,11,24,1,10,133,0.073631707,0,4121.714,297.001,309.201,201.296,182.002,4115.027,4111.076,4115.435,89.56,209.468,6,
org.apache.tools.ant.taskdefs.XSLTProcess,0,2,1,0,0,0,2,0,0,26,18,89,1,18,881,0.010821551,7,3375.481,290.002,297.195,186.682,175.003,3367.55,3363.043,3368.42,67.186,201.757,6,
org.apache.tools.ant.taskdefs.Expand,0,3,1,0,0,0,1,2,0,9,11,53,1,10,457,0.855920353,4,3798.318,293,304.258,199.62,182,3791.371,3787.083,3791.814,85.726,207.858,7,
org.apache.tools.ant.taskdefs.JDBCTask,0,2,1,0,0,0,1,1,0,26,9,54,1,8,539,0.105952732,2,3716.726,295.001,302.076,195.144,184.002,3709.566,3705.098,3709.92,70.385,201.757,5,
org.apache.tools.ant.taskdefs.ManifestTask,0,1,1,0,0,0,1,0,0,6,9,32,0,9,216,0.71143388,3,4038.715,294,306.041,202.684,184,4032.2,4028.084,4032.573,88.888,209.974,3,
org.apache.tools.ant.types.selectors.ExtendSelector,0,1,1,0,0,0,1,0,0,10,16,36,4,12,246,0.097176734,3,4008.795,294.001,304.954,194.654,177.002,4001.916,3998.066,4002.418,84.202,204.707,3,
org.apache.tools.ant.filters.ReplaceTokens,0,1,1,0,0,0,1,0,0,12,6,37,1,5,308,0.843222351,1,3947.114,296,306.361,203.002,187,3940.44,3936.114,3940.632,84.504,206.693,3,
org.apache.tools.ant.Task,0,1,1,0,0,0,1,0,0,23,117,37,114,7,255,0.419475634,186,3990.544,111.002,130.173,101.98,76.002,3989.724,3989.098,3989.763,73.539,103.479,3,
org.apache.tools.ant.taskdefs.cvslib.ChangeLogWriter,0,1,1,0,0,0,1,0,0,4,3,23,1,2,174,0.984848485,1,4080.749,296,308.521,208.971,190,4074.432,4070.134,4074.479,93.048,209.881,3,
org.apache.tools.ant.taskdefs.ConditionTask,0,1,1,0,0,0,1,0,0,4,5,16,0,5,95,0.908008687,0,4159.617,297,309.48,207.155,188,4153.257,4149.108,4153.44,92.027,210.791,3,
org.apache.tools.ant.TaskAdapter,0,1,1,0,0,0,1,0,0,6,7,24,4,4,231,0.854173045,6,4023.537,291,303.16,204.502,186,4017.308,4013.12,4017.401,90.477,206.323,3,
org.apache.tools.ant.input.DefaultInputHandler,0,1,1,0,0,0,1,0,0,4,6,21,2,4,91,0.949230175,3,4163.393,294,306.602,206.247,187,4157.208,4153.116,4157.344,92.358,208.971,3,
org.apache.tools.ant.taskdefs.Definer,0,1,1,0,0,0,1,0,0,15,10,47,2,8,452,0.078786336,4,3803.303,293.001,302.696,198.154,183.002,3796.413,3792.096,3796.757,80.654,204.636,3,
org.apache.tools.ant.taskdefs.condition.FilesMatch,0,1,1,0,0,0,1,0,0,4,4,13,1,3,60,0.974466759,0,4194.528,297,309.48,208.062,189,4188.267,4184.122,4188.357,92.698,209.881,3,
org.apache.tools.ant.filters.util.ChainReaderHelper,0,1,1,0,0,0,1,0,0,9,14,38,3,12,310,0.915451325,3,3944.97,294,305.221,196.888,179,3938.07,3934.067,3938.537,85.165,206.022,3,
org.apache.tools.ant.types.ZipFileSet,0,1,1,0,0,0,1,0,0,11,13,30,4,9,168,0.036873158,17,4085.606,280.002,291.204,196.977,180.003,4079.973,4076.083,4080.333,84.119,204.313,3,
org.apache.tools.ant.taskdefs.compilers.JavacExternal,0,1,1,0,0,0,1,0,0,2,6,14,1,5,44,0.012665889,0,4210.488,297.002,310.048,207.099,187.003,4204.161,4200.107,4204.341,93.92,210.718,3,
org.apache.tools.ant.Location,0,1,1,0,0,0,0,1,0,5,69,10,69,0,69,0.962521652,5,4185.199,292,304.401,150.904,124,4176.841,4175.147,4176.811,92.849,150.083,2,
org.apache.tools.ant.taskdefs.StreamPumper,0,1,1,0,0,0,0,1,0,4,1,10,1,0,93,0.947824939,4,4161.328,293,305.644,210.791,192,4155.438,4151.148,4155.392,93.776,209.881,2,
org.apache.tools.ant.helper.ProjectHelperImpl,0,1,1,0,0,0,0,1,0,9,12,50,8,6,288,0.949781356,4,3966.836,293,304.258,198.708,181,3960.139,3956.106,3960.277,86.977,201.445,2,
org.apache.tools.ant.BuildListener,0,0,0,0,0,0,0,0,0,7,9,7,8,1,7,1,1,4247.327,296,307.688,202.267,184,4240.993,4237.136,4240.993,90.62,202.267,0,
org.apache.tools.ant.taskdefs.ExecuteStreamHandler,0,0,0,0,0,0,0,0,0,5,11,5,11,0,5,1,2,4249.252,295,307.28,201.296,182,4242.905,4239.144,4242.862,92.849,200.392,0,
org.apache.tools.tar.TarOutputStream,0,0,0,0,0,0,0,0,0,15,3,37,1,2,437,0.466730687,2,3818.412,295,304.633,204.636,190.001,3811.738,3807.143,3811.788,82.855,205.565,0,
org.apache.tools.ant.util.regexp.RegexpMatcherFactory,0,0,0,0,0,0,0,0,0,4,5,11,2,3,62,0.943090497,5,4192.182,292,304.685,207.155,188,4186.224,4182.122,4186.314,92.698,208.971,0,
org.apache.tools.ant.types.selectors.SelectorUtils,0,0,0,0,0,0,0,0,0,11,3,26,3,0,725,0.347814899,4,3531.177,293.001,303.725,206.155,190.001,3524.126,3519.174,3524.072,87.321,205.234,0,
org.apache.tools.ant.filters.HeadFilter,0,0,0,0,0,0,0,0,0,7,5,18,1,4,113,0.926746371,1,4141.591,296,307.688,205.913,188,4135.276,4131.116,4135.413,89.538,208.655,0,
org.apache.tools.ant.taskdefs.compilers.Jvc,0,0,0,0,0,0,0,0,0,2,9,20,1,8,132,0.033682961,0,4122.712,297.002,310.048,204.394,184.003,4116.115,4112.089,4116.434,93.005,210.718,0,
org.apache.tools.ant.types.Parameter,0,0,0,0,0,0,0,0,0,7,20,8,20,0,43,0.95539769,0,4211.485,297,308.65,192.315,173,4204.561,4201.146,4204.52,91,191.416,0,
org.apache.tools.ant.types.DataType,0,0,0,0,0,0,0,0,0,10,22,24,18,4,146,0.88180885,20,4107.351,277,288.6,189.214,171,4101.566,4098.117,4101.692,86.729,191.93,0,
org.apache.tools.ant.filters.util.JavaClassHelper,0,0,0,0,0,0,0,0,0,3,5,19,0,5,89,0.954545455,0,4165.601,297,309.763,207.576,188,4159.251,4155.108,4159.434,92.973,211.206,0,
org.apache.tools.ant.taskdefs.compilers.Gcj,0,0,0,0,0,0,0,0,0,3,9,26,1,8,147,0.001653756,1,4107.679,296.002,308.804,203.961,184.003,4101.13,4097.089,4101.45,92.049,210.297,0,
org.apache.tools.ant.filters.TabsToSpaces,0,0,0,0,0,0,0,0,0,7,5,18,1,4,126,0.926746371,1,4128.624,296,307.688,205.913,188,4122.289,4118.117,4122.427,89.538,208.655,0,
org.apache.tools.ant.types.FilterChain,0,0,0,0,0,0,0,0,0,16,22,29,4,18,135,0.858934104,1,4119.648,296,305.354,186.724,171,4112.557,4109.035,4113.299,76.903,202.408,0,
org.apache.tools.ant.types.selectors.NoneSelector,0,0,0,0,0,0,0,0,0,3,6,14,5,2,52,0.488457153,5,4202.158,292,304.972,206.671,187.001,4196.169,4192.13,4196.169,93.984,206.671,0,
org.apache.tools.mail.ErrorInQuitException,0,0,0,0,0,0,0,0,0,1,1,3,1,0,6,0.992424242,1,4248.324,296,309.38,212.047,192,4242.347,4238.145,4242.302,96.566,211.142,0,
org.apache.tools.ant.taskdefs.condition.IsFalse,0,0,0,0,0,0,0,0,0,3,4,7,1,3,33,0.98866506,0,4221.461,297,309.763,208.483,189,4215.239,4211.122,4215.329,93.638,210.297,0,
org.apache.tools.ant.filters.LineContainsRegExp,0,0,0,0,0,0,0,0,0,8,9,29,1,8,179,0.903853958,1,4075.763,296,307.417,201.854,184,4069.162,4065.09,4069.485,87.281,208.255,0,
org.apache.tools.ant.taskdefs.rmic.RmicAdapter,0,0,0,0,0,0,0,0,0,4,6,4,3,4,4,1,1,4250.32,296,308.521,206.247,187,4244.122,4240.113,4244.21,92.358,208.062,0,
org.apache.tools.ant.taskdefs.cvslib.RedirectingOutputStream,0,0,0,0,0,0,0,0,0,2,4,4,1,3,16,0.972591447,2,4238.279,295,308.133,208.907,189,4232.222,4228.121,4232.312,94.578,210.718,0,
org.apache.tools.bzip2.BZip2Constants,0,0,0,0,0,0,0,0,0,1,2,1,2,0,2064,1,0,2200.138,297,310.337,211.142,191,2188.351,2180.281,2188.264,96.566,210.238,0,
org.apache.tools.ant.taskdefs.Touch,0,0,0,0,0,0,0,0,0,8,10,37,0,10,315,0.878284637,4,3939.91,293,304.529,200.943,183,3933.259,3929.08,3933.688,86.683,209.172,0,
org.apache.tools.ant.taskdefs.WaitFor,0,0,0,0,0,0,0,0,0,7,6,17,0,6,138,0.933861688,0,4116.727,297,308.65,205,187,4110.256,4106.102,4110.487,88.865,209.571,0,
org.apache.tools.ant.taskdefs.TempFile,0,0,0,0,0,0,0,0,0,6,5,14,0,5,75,0.89980266,3,4179.354,294,306.041,206.323,188,4173.237,4169.108,4173.419,90.139,209.974,0,
org.apache.tools.ant.taskdefs.cvslib.CvsUser,0,0,0,0,0,0,0,0,0,6,2,11,1,1,54,0.96270472,0,4200.513,297,308.924,209.06,191,4194.351,4190.138,4194.351,91.548,209.06,0,
org.apache.tools.ant.taskdefs.compilers.Sj,0,0,0,0,0,0,0,0,0,2,6,9,1,5,33,0.023657224,0,4221.461,297.002,310.048,207.099,187.003,4215.15,4211.107,4215.329,93.92,210.718,0,
org.apache.tools.ant.types.selectors.SelectSelector,0,0,0,0,0,0,0,0,0,9,10,24,4,7,104,0.098298962,8,4150.075,289.001,300.408,200.532,183.002,4144.043,4140.095,4144.266,86.649,205.105,0,
org.apache.tools.ant.BuildException,0,0,0,0,0,0,0,0,0,14,193,26,192,1,153,0.858608239,297,4091,0.141,77,77,0.141,4091,4091.141,4091,84.172,77,0,
org.apache.tools.ant.taskdefs.cvslib.RCSFile,0,0,0,0,0,0,0,0,0,5,2,7,2,0,39,0.94804933,2,4215.335,295,307.28,209.468,191,4209.336,4205.146,4209.29,92.849,208.557,0,
org.apache.tools.ant.NoBannerLogger,0,0,0,0,0,0,0,0,0,4,4,16,0,4,59,0.903790465,1,4195.455,296,308.521,208.062,189,4189.266,4185.115,4189.402,92.358,210.791,0,
org.apache.tools.ant.util.FileNameMapper,0,0,0,0,0,0,0,0,0,3,19,3,19,0,3,1,4,4251.109,293,305.93,194.987,174,4244.568,4241.144,4244.527,94.705,194.095,0,
org.apache.tools.ant.filters.StripLineComments,0,0,0,0,0,0,0,0,0,8,6,26,1,5,164,0.903853958,1,4090.723,296,307.417,204.592,187,4084.283,4080.11,4084.468,88.255,208.255,0,
org.apache.tools.ant.taskdefs.XSLTLogger,0,0,0,0,0,0,0,0,0,1,2,1,2,0,1,1,1,4253.312,296,309.38,211.142,191,4247.297,4243.144,4247.252,96.566,210.238,0,
org.apache.tools.tar.TarConstants,0,0,0,0,0,0,0,0,0,0,1,0,1,0,24,1,0,4230.438,297,310.628,212.474,192,4224.366,4220.145,4224.32,97.499,211.57,0,
org.apache.tools.mail.MailMessage,0,0,0,0,0,0,0,0,0,29,5,66,2,3,567,0.093027862,3,3688.735,294.001,300.466,197.96,188.002,3681.803,3677.139,3681.906,69.771,199.86,0,
org.apache.tools.ant.BuildEvent,0,0,0,0,0,0,0,0,0,11,12,15,9,4,97,0.912784745,12,4156.782,285,296.015,197.891,181,4150.948,4147.116,4151.036,85.796,199.722,0,
org.apache.tools.ant.input.InputRequest,0,0,0,0,0,0,0,0,0,5,5,7,5,0,32,0.955342017,4,4222.179,293,305.36,206.737,188,4216.194,4212.145,4216.149,92.849,205.828,0,
org.apache.tools.ant.taskdefs.rmic.KaffeRmic,0,0,0,0,0,0,0,0,0,3,7,19,1,6,93,0.074760179,0,4161.611,297.001,309.763,205.767,186.002,4155.165,4151.101,4155.392,92.655,210.297,0,
org.apache.tools.ant.types.Environment,0,0,0,0,0,0,0,0,0,3,7,9,5,2,47,0.962521652,6,4207.076,291,304.015,205.767,186,4201.119,4197.13,4201.164,93.984,206.671,0,
org.apache.tools.ant.taskdefs.LogOutputStream,0,0,0,0,0,0,0,0,0,7,9,15,8,1,92,0.8776602,13,4161.702,284,296.162,202.267,184,4156.075,4152.139,4156.075,90.62,202.267,0,
org.apache.tools.ant.taskdefs.cvslib.CVSEntry,0,0,0,0,0,0,0,0,0,9,4,18,3,1,88,0.89890229,3,4166.386,294,305.221,206.022,189,4160.295,4156.139,4160.295,88.769,206.022,0,
org.apache.tools.ant.taskdefs.TaskOutputStream,0,0,0,0,0,0,0,0,0,3,1,10,0,1,67,0.984079243,1,4187.475,296,308.804,211.206,192,4181.41,4177.138,4181.41,94.34,211.206,0,
org.apache.tools.tar.TarUtils,0,0,0,0,0,0,0,0,0,8,1,14,1,0,274,0.787130407,2,3980.945,295,306.454,209.172,192,3974.64,3970.154,3974.592,90.078,208.255,0,
org.apache.tools.ant.ProjectComponent,0,0,0,0,0,0,0,0,0,5,98,7,98,1,33,0.942057165,112,4215.062,185,204.012,128.144,95,4212.071,4211.137,4212.049,92.477,127.405,0,
org.apache.tools.zip.UnixStat,0,0,0,0,0,0,0,0,0,0,1,0,1,0,7,1,0,4247.397,297,310.628,212.474,192,4241.348,4237.145,4241.303,97.499,211.57,0,
org.apache.tools.tar.TarBuffer,0,0,0,0,0,0,0,0,0,21,2,35,2,0,617,0.790635049,3,3638.896,294,302.218,203.423,191,3632.026,3627.169,3631.973,78.262,202.485,0,
org.apache.tools.ant.filters.ChainableReader,0,0,0,0,0,0,0,0,0,1,13,1,13,0,1,1,0,4253.382,297,310.337,201.246,180,4246.816,4243.144,4246.774,96.566,200.352,0,
org.apache.tools.ant.util.MergingMapper,0,0,0,0,0,0,0,0,0,4,4,5,3,1,24,0.977444469,2,4230.298,295,307.561,208.062,189,4224.23,4220.137,4224.23,93.408,208.062,0,
org.apache.tools.ant.util.Watchdog,0,0,0,0,0,0,0,0,0,7,3,22,3,1,111,0.944513272,3,4143.444,294,305.765,207.74,190,4137.365,4133.14,4137.319,90.62,206.826,0,
org.apache.tools.zip.ZipExtraField,0,0,0,0,0,0,0,0,0,6,5,6,4,1,6,1,2,4248.255,295,307.002,206.323,188,4242.168,4238.136,4242.168,91.548,206.323,0,
org.apache.tools.ant.DemuxOutputStream,0,0,0,0,0,0,0,0,0,8,4,25,1,3,163,0.82180269,2,4091.648,295,306.454,206.422,189,4085.374,4081.125,4085.467,88.955,208.255,0,
org.apache.tools.ant.taskdefs.XSLTLoggerAware,0,0,0,0,0,0,0,0,0,1,2,1,1,1,1,1,1,4253.312,296,309.38,211.142,191,4247.297,4243.136,4247.297,96.208,211.142,0,
org.apache.tools.ant.filters.ExpandProperties,0,0,0,0,0,0,0,0,0,4,4,13,1,3,87,0.907560011,1,4167.525,296,308.521,208.062,189,4161.294,4157.123,4161.386,92.698,209.881,0,
org.apache.tools.ant.taskdefs.Exec,0,0,0,0,0,0,0,0,0,10,6,42,1,6,369,0.800059693,5,3885.986,292,303.026,203.789,187,3879.51,3875.109,3879.704,86.035,207.466,0,
org.apache.tools.ant.util.KeepAliveOutputStream,0,0,0,0,0,0,0,0,0,2,0,3,0,0,7,0.984905877,0,4247.397,297,310.048,212.532,193,4241.393,4237.145,4241.348,95.635,211.625,0,
org.apache.tools.ant.taskdefs.GenerateKey,0,0,0,0,0,0,0,0,0,14,8,33,0,8,404,0.735025796,3,3851.238,294,303.916,200.385,185,3844.454,3840.095,3844.797,81.597,206.865,0,
org.apache.tools.ant.filters.PrefixLines,0,0,0,0,0,0,0,0,0,7,5,22,1,4,150,0.903853958,1,4104.687,296,307.688,205.913,188,4098.314,4094.117,4098.453,89.538,208.655,0,
org.apache.tools.ant.types.Parameterizable,0,0,0,0,0,0,0,0,0,1,5,1,4,1,1,1,1,4253.312,296,309.38,208.432,188,4247.163,4243.136,4247.163,96.208,208.432,0,
org.apache.tools.ant.input.InputHandler,0,0,0,0,0,0,0,0,0,1,8,1,6,2,1,1,1,4253.312,296,309.38,205.73,185,4247.031,4243.128,4247.075,95.859,206.63,0,
org.apache.tools.ant.taskdefs.condition.Condition,0,0,0,0,0,0,0,0,0,1,18,1,17,1,1,1,2,4253.243,295,308.423,196.787,175,4246.607,4243.136,4246.607,96.208,196.787,0,
org.apache.tools.ant.taskdefs.compilers.Kjc,0,0,0,0,0,0,0,0,0,4,10,26,1,9,195,0.001986834,1,4059.805,296.002,308.521,202.628,183.003,4053.133,4049.083,4053.502,90.802,209.881,0,
org.apache.tools.ant.util.TaskLogger,0,0,0,0,0,0,0,0,0,6,1,8,0,1,43,0.836380236,0,4211.485,297,308.924,209.974,192,4205.385,4201.138,4205.385,91.548,209.974,0,
org.apache.tools.ant.input.PropertyFileInputHandler,0,0,0,0,0,0,0,0,0,3,3,19,0,3,104,0.95038947,1,4150.568,296,308.804,209.39,190,4144.358,4140.124,4144.45,93.638,211.206,0,
org.apache.tools.ant.types.selectors.MajoritySelector,0,0,0,0,0,0,0,0,0,4,5,15,4,2,83,0.48475672,4,4171.303,293,305.644,207.155,188.001,4165.245,4161.131,4165.245,93.048,207.155,0,
org.apache.tools.ant.filters.StringInputStream,0,0,0,0,0,0,0,0,0,6,1,15,1,0,45,0.948104577,1,4209.42,296,307.963,209.974,192,4203.387,4199.146,4203.342,91.924,209.06,0,
org.apache.tools.ant.taskdefs.JikesOutputParser,0,0,0,0,0,0,0,0,0,12,3,22,1,2,156,0.870517316,1,4098.702,296,306.361,205.769,190,4092.413,4088.133,4092.46,85.615,206.693,0,
org.apache.tools.ant.filters.TailFilter,0,0,0,0,0,0,0,0,0,7,5,19,1,4,285,0.926746371,1,3970.05,296,307.688,205.913,188,3963.461,3959.121,3963.605,89.538,208.655,0,
org.apache.tools.ant.types.selectors.SelectorContainer,0,0,0,0,0,0,0,0,0,19,19,19,3,16,19,1,0,4235.426,297,305.603,188.308,174,4228.581,4225.043,4229.225,74.465,202.25,0,
org.apache.tools.ant.taskdefs.KeySubst,0,0,0,0,0,0,0,0,0,8,2,39,0,2,282,0.83758728,4,3972.819,293,304.529,208.255,191,3966.601,3962.137,3966.649,89.32,209.172,0,
org.apache.tools.ant.types.selectors.BaseExtendSelector,0,0,0,0,0,0,0,0,0,4,9,5,5,4,18,0.977444469,5,4236.076,292,304.685,203.531,184,4230.004,4226.114,4230.135,92.358,206.247,0,
org.apache.tools.ant.util.TimeoutObserver,0,0,0,0,0,0,0,0,0,1,3,1,3,1,1,1,0,4253.382,297,310.337,210.238,190,4247.252,4243.136,4247.207,96.208,209.335,0,
org.apache.tools.ant.filters.StripLineBreaks,0,0,0,0,0,0,0,0,0,7,5,17,1,4,107,0.926746371,1,4147.576,296,307.688,205.913,188,4141.269,4137.116,4141.407,89.538,208.655,0,
org.apache.tools.ant.taskdefs.condition.Socket,0,0,0,0,0,0,0,0,0,4,4,12,1,3,70,0.954603765,0,4184.553,297,309.48,208.062,189,4178.277,4174.123,4178.368,92.698,209.881,0,
org.apache.tools.ant.taskdefs.condition.IsSet,0,0,0,0,0,0,0,0,0,3,5,7,1,4,29,0.966308882,0,4225.451,297,309.763,207.576,188,4219.191,4215.114,4219.325,93.301,210.297,0,
org.apache.tools.ant.PathTokenizer,0,0,0,0,0,0,0,0,0,3,3,17,2,1,196,0.845011757,3,4058.662,294,306.888,209.39,190,4052.457,4048.143,4052.457,94.34,209.39,0,
org.apache.tools.ant.types.FilterSetCollection,0,0,0,0,0,0,0,0,0,5,6,13,5,1,69,0.940756643,2,4185.409,295,307.28,205.828,187,4179.186,4175.138,4179.186,92.477,205.828,0,
org.apache.tools.ant.types.AntFilterReader,0,0,0,0,0,0,0,0,0,10,9,31,2,7,166,0.109909347,1,4088.728,296.001,306.883,201.04,184.002,4082.149,4078.096,4082.424,85.703,206.545,0,
org.apache.tools.ant.types.selectors.SelectorScanner,0,0,0,0,0,0,0,0,0,3,3,3,2,1,3,1,1,4251.317,296,308.804,209.39,190,4245.254,4241.136,4245.254,94.34,209.39,0,
org.apache.tools.bzip2.CBZip2InputStream,0,0,0,0,0,0,0,0,0,32,4,40,2,2,2014,0.316790399,3,2249.297,294.001,299.862,197.995,189.001,2237.995,2230.244,2238.08,67.602,198.95,0,
org.apache.tools.ant.taskdefs.rmic.SunRmic,0,0,0,0,0,0,0,0,0,3,8,22,1,7,152,0.073631739,0,4102.764,297.001,309.763,204.863,185.002,4096.18,4092.096,4096.455,92.347,210.297,0,
org.apache.tools.ant.taskdefs.Transform,0,0,0,0,0,0,0,0,0,1,1,2,0,1,4,1,0,4250.389,297,310.337,212.047,192,4244.345,4240.136,4244.345,96.208,212.047,0,
org.apache.tools.ant.util.regexp.RegexpFactory,0,0,0,0,0,0,0,0,0,4,6,12,1,5,71,0.942418387,2,4183.414,295,307.561,206.247,187,4177.188,4173.108,4177.369,92.027,209.881,0,
org.apache.tools.ant.types.Substitution,0,0,0,0,0,0,0,0,0,4,4,15,0,4,70,0.911422288,2,4184.412,295,307.561,208.062,189,4178.277,4174.115,4178.414,92.358,210.791,0,
org.apache.tools.ant.taskdefs.condition.Not,0,0,0,0,0,0,0,0,0,2,3,8,1,3,33,0.970053611,0,4221.461,297,310.048,209.812,190,4215.284,4211.122,4215.329,94.578,210.718,0,
org.apache.tools.ant.taskdefs.condition.IsTrue,0,0,0,0,0,0,0,0,0,3,4,7,1,3,29,0.98866506,0,4225.451,297,309.763,208.483,189,4219.235,4215.121,4219.325,93.638,210.297,0,
org.apache.tools.ant.types.Reference,0,0,0,0,0,0,0,0,0,5,28,11,26,2,54,0.948173536,18,4199.279,279,291.954,186.067,165,4193.248,4190.13,4193.287,92.114,186.955,0,
org.apache.tools.ant.input.MultipleChoiceInputRequest,0,0,0,0,0,0,0,0,0,3,3,8,2,1,32,0.969983061,3,4222.248,294,306.888,209.39,190,4216.283,4212.137,4216.283,94.34,209.39,0,
org.apache.tools.ant.types.RegularExpression,0,0,0,0,0,0,0,0,0,6,8,21,1,7,95,0.866159939,2,4159.474,295,307.002,203.593,185,4153.122,4149.094,4153.394,89.493,209.06,0,
org.apache.tools.ant.taskdefs.compilers.Javac13,0,0,0,0,0,0,0,0,0,2,7,13,1,6,66,0.021005676,0,4188.543,297.002,310.048,206.197,186.003,4182.138,4178.101,4182.364,93.606,210.718,0,
org.apache.tools.ant.taskdefs.LogStreamHandler,0,0,0,0,0,0,0,0,0,2,9,9,5,4,31,0.921359513,23,4221.901,274,288.092,204.394,184,4217.016,4213.114,4217.148,94.244,207.099,0,
org.apache.tools.zip.UnrecognizedExtraField,0,0,0,0,0,0,0,0,0,10,3,13,1,2,76,0.930310883,2,4178.427,295,305.918,206.545,190,4172.328,4168.131,4172.374,87.464,207.466,0,
org.apache.tools.ant.listener.MailLogger,0,0,0,0,0,0,0,0,0,5,5,37,0,5,250,0.904863972,2,4004.88,295,307.28,206.737,188,3998.422,3994.113,3998.612,91.082,210.381,0,
org.apache.tools.ant.types.DTDLocation,0,0,0,0,0,0,0,0,0,5,1,6,1,0,30,0.970039586,1,4224.383,296,308.24,210.381,192,4218.372,4214.145,4218.326,92.849,209.468,0,
org.apache.tools.ant.types.selectors.OrSelector,0,0,0,0,0,0,0,0,0,3,5,14,4,2,52,0.488457153,4,4202.227,293,305.93,207.576,188.001,4196.214,4192.13,4196.214,93.984,207.576,0,
org.apache.tools.ant.DynamicConfigurator,0,0,0,0,0,0,0,0,0,2,2,2,1,1,2,1,1,4252.315,296,309.091,210.718,191,4246.298,4242.136,4246.298,95.273,210.718,0,
org.apache.tools.tar.TarInputStream,0,0,0,0,0,0,0,0,0,16,3,38,1,2,541,0.389386973,2,3714.732,295.001,304.385,204.267,190.001,3707.871,3703.147,3707.923,81.939,205.197,0,
org.apache.tools.ant.types.selectors.NotSelector,0,0,0,0,0,0,0,0,0,3,6,11,4,3,37,0.616192523,7,4216.983,290,303.058,206.671,187,4211.154,4207.122,4211.199,93.638,207.576,0,
org.apache.tools.ant.listener.AnsiColorLogger,0,0,0,0,0,0,0,0,0,3,1,18,0,1,274,0.979166667,1,3981.019,296,308.804,211.206,192,3974.64,3970.146,3974.64,94.34,211.206,0,
org.apache.tools.ant.taskdefs.ProcessDestroyer,0,0,0,0,0,0,0,0,0,5,1,20,1,0,106,0.955286348,1,4148.573,296,308.24,210.381,192,4142.452,4138.148,4142.406,92.849,209.468,0,
org.apache.tools.ant.filters.BaseParamFilterReader,0,0,0,0,0,0,0,0,0,4,12,7,9,3,22,0.962634704,9,4231.811,288,300.854,200.823,181,4225.878,4222.121,4225.964,92.698,202.628,0,
org.apache.tools.bzip2.CBZip2OutputStream,0,0,0,0,0,0,0,0,0,33,6,43,3,4,4244,0.101077172,3,294,294.001,299.666,195.788,187.002,187,31,189,65.765,197.699,0,
org.apache.tools.ant.taskdefs.CallTarget,0,0,0,0,0,0,0,0,0,10,9,33,0,9,145,0.175526724,4,4109.459,293.001,303.99,201.04,184.002,4103.128,4099.082,4103.494,85.071,208.387,0,
org.apache.tools.ant.taskdefs.Jikes,0,0,0,0,0,0,0,0,0,2,5,30,0,5,186,0.924758953,0,4068.854,297,310.048,208.002,188,4062.353,4058.111,4062.54,93.92,211.625,0,
org.apache.tools.ant.util.FlatFileNameMapper,0,0,0,0,0,0,0,0,0,4,2,7,1,1,20,0.977444469,0,4234.429,297,309.48,209.881,191,4228.316,4224.137,4228.316,93.408,209.881,0,
org.apache.tools.ant.taskdefs.cvslib.RedirectingStreamHandler,0,0,0,0,0,0,0,0,0,3,5,12,1,4,40,0.914326234,3,4214.268,294,306.888,207.576,188,4208.202,4204.114,4208.337,93.301,210.297,0,
org.apache.tools.ant.taskdefs.condition.And,0,0,0,0,0,0,0,0,0,2,3,7,1,3,23,0.992424242,0,4231.436,297,310.048,209.812,190,4225.274,4221.121,4225.319,94.578,210.718,0,
org.apache.tools.ant.taskdefs.cvslib.CvsTagDiff,0,0,0,0,0,0,0,0,0,21,8,73,0,8,669,0.895640575,4,3586.987,293,301.246,197.8,185,3579.784,3575.102,3580.152,75.027,204.362,0,
org.apache.tools.ant.taskdefs.compilers.CompilerAdapter,0,0,0,0,0,0,0,0,0,2,4,2,3,2,2,1,1,4252.315,296,309.091,208.907,189,4246.208,4242.128,4246.208,94.921,208.907,0,
org.apache.tools.ant.taskdefs.condition.ConditionBase,0,0,0,0,0,0,0,0,0,18,18,23,5,16,110,0.878729478,3,4144.441,294,302.927,189.615,175,4137.702,4134.044,4138.227,75.432,200.744,0,
org.apache.tools.ant.taskdefs.condition.Or,0,0,0,0,0,0,0,0,0,2,3,7,1,3,23,0.992424242,0,4231.436,297,310.048,209.812,190,4225.274,4221.121,4225.319,94.578,210.718,0,
org.apache.tools.ant.taskdefs.cvslib.ChangeLogTask,0,0,0,0,0,0,0,0,0,15,16,77,0,16,504,0.87681929,4,3751.46,293,302.696,192.627,177,3744.186,3740.048,3744.925,78.339,206.495,0,
org.apache.tools.mail.MailPrintStream,0,0,0,0,0,0,0,0,0,5,1,9,1,0,81,0.942662686,2,4173.439,295,307.28,210.381,192,4167.425,4163.147,4167.379,92.849,209.468,0,
org.apache.tools.ant.taskdefs.cvslib.CvsTagEntry,0,0,0,0,0,0,0,0,0,7,1,11,1,0,98,0.904732661,2,4156.482,295,306.726,209.571,192,4150.443,4146.148,4150.397,91,208.655,0,
org.apache.tools.ant.taskdefs.condition.Os,0,0,0,0,0,0,0,0,0,13,14,23,12,2,308,0.95535435,10,3946.45,287,297.41,195.256,179,3940.068,3936.138,3940.114,84.694,196.173,0,
org.apache.tools.mail.SmtpResponseReader,0,0,0,0,0,0,0,0,0,5,1,19,1,0,108,0.940420057,1,4146.578,296,308.24,210.381,192,4140.454,4136.148,4140.408,92.849,209.468,0,
org.apache.tools.ant.filters.ClassConstants,0,0,0,0,0,0,0,0,0,5,3,20,1,2,168,0.947937991,1,4086.734,296,308.24,208.557,190,4080.426,4076.134,4080.473,92.114,209.468,0,
org.apache.tools.ant.ExitException,0,0,0,0,0,0,0,0,0,2,1,7,1,0,20,0.984905877,2,4234.289,295,308.133,211.625,192,4228.361,4224.145,4228.316,95.635,210.718,0,
org.apache.tools.ant.types.selectors.FileSelector,0,0,0,0,0,0,0,0,0,1,15,1,14,1,1,1,1,4253.312,296,309.38,199.459,178,4246.732,4243.136,4246.732,96.208,199.459,0,
org.apache.tools.ant.types.selectors.ExtendFileSelector,0,0,0,0,0,0,0,0,0,0,4,0,2,2,0,1,0,4254.38,297,310.628,209.767,189,4248.206,4244.128,4248.251,96.799,210.668,0,
org.apache.tools.ant.taskdefs.XSLTLiaison,0,0,0,0,0,0,0,0,0,3,1,3,1,0,4,1,1,4250.32,296,308.804,211.206,192,4244.345,4240.144,4244.3,94.705,210.297,0,
org.apache.tools.ant.BuildLogger,0,0,0,0,0,0,0,0,0,4,5,4,4,1,4,1,1,4250.32,296,308.521,207.155,188,4244.166,4240.136,4244.166,93.408,207.155,0,
org.apache.tools.ant.types.selectors.AndSelector,0,0,0,0,0,0,0,0,0,3,6,14,5,2,52,0.488457153,5,4202.158,292,304.972,206.671,187.001,4196.169,4192.13,4196.169,93.984,206.671,0,
org.apache.tools.ant.taskdefs.rmic.RmicAdapterFactory,0,0,0,0,0,0,0,0,0,3,7,14,1,6,88,0.978918795,2,4166.457,295,307.846,205.767,186,4160.16,4156.101,4160.387,92.655,210.297,0,
org.apache.tools.ant.taskdefs.Sequential,0,0,0,0,0,0,0,0,0,4,6,16,0,6,46,0.844786681,4,4208.213,293,305.644,206.247,187,4202.163,4198.1,4202.388,91.706,210.791,0,
org.apache.tools.ant.util.RegexpPatternMapper,0,0,0,0,0,0,0,0,0,5,4,20,0,4,144,0.960113842,1,4110.671,296,308.24,207.646,189,4104.354,4100.117,4104.493,91.417,210.381,0,
org.apache.tools.ant.util.IdentityMapper,0,0,0,0,0,0,0,0,0,4,4,5,3,1,16,0.977444469,0,4238.419,297,309.48,208.062,189,4232.222,4228.137,4232.222,93.408,208.062,0,
org.apache.tools.ant.taskdefs.compilers.Javac12,0,0,0,0,0,0,0,0,0,3,8,20,1,7,151,0.027137861,0,4103.761,297.002,309.763,204.863,185.003,4097.179,4093.096,4097.454,92.347,210.297,0,
org.apache.tools.ant.types.selectors.BaseSelectorContainer,0,0,0,0,0,0,0,0,0,23,19,40,6,19,179,0.491772339,15,4074.77,282,290.083,186.815,174.001,4068.722,4065.031,4069.253,69.857,198.04,0,
org.apache.tools.ant.FileScanner,0,0,0,0,0,0,0,0,0,14,5,14,5,0,14,1,1,4240.344,296,305.851,203.158,188,4234.176,4230.145,4234.131,84.581,202.233,0,
org.apache.tools.ant.util.regexp.RegexpUtil,0,0,0,0,0,0,0,0,0,3,0,4,0,0,20,0.984905877,6,4234.012,291,304.015,212.116,193,4228.407,4224.145,4228.361,94.705,211.206,0,
org.apache.tools.ant.taskdefs.condition.Http,0,0,0,0,0,0,0,0,0,4,4,15,1,3,109,0.951681879,0,4145.652,297,309.48,208.062,189,4139.317,4135.124,4139.409,92.698,209.881,0,
org.apache.tools.bzip2.CRC,0,0,0,0,0,0,0,0,0,7,2,8,2,0,1082,0.948104577,3,3175.639,294,305.765,208.655,191,3167.763,3162.194,3167.703,91,207.74,0,
org.apache.tools.ant.taskdefs.PumpStreamHandler,0,0,0,0,0,0,0,0,0,13,9,20,7,2,111,0.878209565,9,4143.022,288,298.376,199.85,184,4137.094,4133.132,4137.138,84.694,200.771,0,
