'd(LOC,FANIN)','d(Qi,FANIN)','d(WMC,FANIN)','d( WMC,CBO)','d(Qi,CBO)','d(LOC, CBO)','d(LOC, Ce)','d(LOC, Ca)','d(WMC, Ce)','d(WMC, Ca)',#BugsBinary
0.895155,0.907598,0.832399,0.774489,0.823294,0.899226,0.904868,0.898321,0.714286,0.803912,0
0.825326,-1,-1,-0.330232,-1,0.837309,0.850015,0.835588,0.673124,-0.375316,0
0.992501,0.999991,0.966334,0.814344,0.838019,0.992059,0.993125,0.992041,0.831417,0.819184,0
0.995612,0.989725,0.96765,0.922369,0.941097,0.995607,0.996066,0.995628,0.899924,0.931921,0
1,0.999991,1,1,0.999999,1,1,1,1,1,0
0.700833,0.958928,0.883667,0.792981,0.867473,0.711902,0.726455,0.709108,0.637123,0.850378,0
0.873397,0.97946,0.940678,0.927232,0.97055,0.878274,0.884322,0.877005,0.831417,0.936997,0
0.932513,0.999991,0.990095,0.986088,1,0.935084,0.938247,0.934368,0.95419,0.985399,0
-0.584647,0.753636,0.58639,0.53161,0.631922,-0.531048,-0.459254,-0.54761,0.462985,0.537512,0
0.97847,0.989725,0.977371,0.973611,0.985274,0.979322,0.980396,0.979094,0.95419,0.972401,0
0.985868,0.979459,0.913845,0.850454,0.926372,0.986264,0.987257,0.986116,0.705225,0.843508,0
0.558972,0.989725,0.953502,0.927232,0.970549,0.575505,0.596132,0.570992,0.822775,0.950198,0
0.680979,0.999991,0.957236,0.850845,0.896922,0.692482,0.707806,0.689643,0.737246,0.936652,0
0.925564,0.948661,0.911799,0.285094,0.145922,0.925655,0.932366,0.924866,0.885759,0.255946,0
-0.485812,0.989725,0.906189,0.781229,0.882196,-0.437473,-0.372302,-0.451742,0.5207,0.879665,0
0.936693,0.989725,0.96765,0.934859,0.955824,0.938995,0.942129,0.938535,0.883545,0.971093,0
0.892568,0.969193,0.947014,0.954228,0.970549,0.89682,0.90198,0.895682,0.93134,0.952154,0
0.961244,0.630419,0.521182,0.274647,0.131197,0.962767,0.96764,0.962387,0.877049,0.245109,0
0.814262,-0.468025,-0.806949,-0.267251,-0.472534,0.826305,0.839169,0.824526,0.491422,-0.285055,0
0.998826,0.989725,0.982317,0.881905,0.86747,0.998371,0.999007,0.998423,0.968772,0.889693,0
0.200067,0.958928,0.901241,0.844234,0.896922,0.229441,0.266715,0.221673,0.713938,0.929997,0
0.862367,0.948666,0.897566,0.84497,0.882207,0.867548,0.874436,0.866662,0.753633,0.943386,0
0.997755,0.989725,0.977371,0.936315,0.941097,0.997668,0.998014,0.997712,0.937655,0.946476,0
0.823073,0.979459,0.959744,0.830553,0.823294,0.829145,0.838138,0.828052,0.853409,0.96517,0
0.862797,0.989735,0.972482,0.867403,0.867493,0.867479,0.874436,0.866589,0.871167,0.96517,0
0.839352,0.999996,0.985228,0.879736,0.882208,0.844878,0.852881,0.843675,0.877684,0.96517,0
0.9293,0.999997,0.990095,0.899225,0.896934,0.931509,0.935232,0.931172,0.907905,0.972401,0
0.960363,0.999999,0.990095,0.911565,0.911664,0.961463,0.96367,0.961383,0.914919,0.972401,0
0.762287,1,0.990095,0.874618,0.867491,0.770623,0.782293,0.768693,0.894743,0.972401,0
0.871472,0.999997,0.990095,0.874618,0.867484,0.875723,0.882278,0.874921,0.894743,0.972401,0
0.803915,0.989734,0.96765,0.84791,0.852765,0.810735,0.820512,0.809306,0.841314,0.958013,0
0.964647,0.999999,0.990095,0.911565,0.911664,0.965585,0.967591,0.96555,0.914919,0.972401,0
0.90681,0.999992,0.980418,0.897456,0.911648,0.909935,0.914647,0.909367,0.861109,0.971093,0
0.97536,0.999991,0.990095,0.948725,0.955823,0.976093,0.977417,0.975968,0.929797,0.972401,0
0.998725,0.979459,0.969623,0.881905,0.86747,0.998371,0.999007,0.998423,0.968772,0.889693,0
0.916131,0.969193,0.900904,0.773931,0.83802,0.918875,0.923429,0.918391,0.622867,0.843508,0
0.963576,0.999991,0.980418,0.934859,0.955823,0.964757,0.966647,0.964508,0.891595,0.958013,0
0.964647,0.999991,0.990095,0.948725,0.955823,0.965788,0.967614,0.96555,0.929797,0.972401,0
0.97536,0.999991,0.990095,0.948725,0.955823,0.976093,0.977417,0.975968,0.929797,0.972401,0
0.896101,0.999991,0.985228,0.941756,0.955823,0.89984,0.904893,0.898879,0.914608,0.96517,0
0.942153,0.999991,0.980418,0.922369,0.941098,0.944079,0.947018,0.943743,0.875779,0.971093,0
0.715929,0.969193,0.923219,0.857533,0.896921,0.726472,0.740154,0.723998,0.760584,0.943386,0
0.854014,0.969193,0.932562,0.896165,0.926373,0.859515,0.866627,0.85833,0.821794,0.957087,0
0.573684,0.969198,0.8924,0.710162,0.779129,0.588877,0.609703,0.58556,0.546344,0.897923,0
-0.340511,0.989725,0.95816,0.933872,0.970549,-0.294173,-0.234941,-0.30816,0.845677,0.957087,0
0.251805,0.928134,0.823956,0.749359,0.852755,0.279513,0.3147,0.272568,0.482406,0.873748,0
0.836773,0.958927,0.929395,0.934859,0.955823,0.843173,0.850968,0.841666,0.883545,0.971093,0
0.837844,0.958929,0.915052,0.851774,0.882199,0.843848,0.85189,0.842707,0.777091,0.950198,0
0.842236,0.969193,0.927861,0.851774,0.882197,0.847969,0.855811,0.846873,0.777091,0.950198,0
0.614068,0.948663,0.888376,0.856899,0.911649,0.628711,0.647045,0.625024,0.721396,0.916676,0
0.814619,0.989725,0.95816,0.871135,0.896922,0.82125,0.830347,0.81972,0.81442,0.943926,0
0.994439,0.979459,0.950094,0.840798,0.852745,0.994184,0.995099,0.994125,0.885759,0.833884,0
0.81868,0.969194,0.923219,0.870118,0.911648,0.825443,0.834332,0.823592,0.808664,0.877391,0
0.948268,0.969193,0.942139,0.909901,0.926373,0.950194,0.952887,0.949994,0.868299,0.971093,0
0.678365,0.958932,0.919775,0.846195,0.86748,0.690271,0.705823,0.687561,0.79411,0.957087,0
0.897817,0.958928,0.919775,0.883639,0.911647,0.901691,0.906805,0.901034,0.81442,0.957087,0
0.56727,0.969197,0.896622,0.818569,0.896931,0.583326,0.603903,0.579317,0.62103,0.904175,0
0.577835,0.958928,0.910389,0.857533,0.896923,0.593622,0.613705,0.589723,0.760584,0.943386,0
0.769438,0.969193,0.942139,0.909901,0.926372,0.778126,0.789189,0.776059,0.868299,0.971093,0
0.837844,0.958927,0.919775,0.921282,0.955823,0.844204,0.851949,0.842707,0.837426,0.957087,0
0.43146,0.958931,0.883667,0.754749,0.823303,0.452172,0.479378,0.447014,0.599382,0.87724,0
0.447685,0.80496,0.639803,0.591416,0.720261,0.469102,0.495964,0.464879,0.264157,0.834761,0
0.927053,0.989725,0.96765,0.959903,0.985274,0.929861,0.933332,0.929159,0.899924,0.971093,0
0.811519,0.999991,0.990095,0.923928,0.926373,0.818303,0.827418,0.816671,0.914919,0.985399,0
0.842454,0.989726,0.931096,0.882339,0.955825,0.848325,0.855883,0.846799,0.70889,0.903525,0
0.715813,0.958928,0.910389,0.920667,0.97055,0.726854,0.740219,0.723998,0.799912,0.943386,0
0.900512,0.907598,0.851129,0.864296,0.896922,0.904714,0.909807,0.903736,0.831417,0.871316,0
0.96463,0.774141,0.71232,0.862352,0.852745,0.967384,0.969563,0.967293,0.922218,0.907768,0
0.575947,0.979462,0.931496,0.876116,0.926378,0.591726,0.611785,0.587556,0.760246,0.923371,0
0.994439,0.979459,0.969623,0.943395,0.941097,0.994576,0.995099,0.994518,0.977077,0.94098,0
0.811739,0.815223,0.703046,0.653753,0.705529,0.81934,0.829355,0.817821,0.62103,0.730499,0
0.9096,0.958927,0.934293,0.941756,0.955823,0.913235,0.917623,0.912492,0.906655,0.978209,0
0.842454,0.989725,0.962876,0.953156,0.985274,0.84847,0.855896,0.846873,0.877049,0.964052,0
0.840094,0.969193,0.947014,0.916879,0.926372,0.84612,0.853884,0.844716,0.891595,0.96517,0
0.819751,0.969195,0.918637,0.825659,0.867475,0.826261,0.835216,0.825002,0.723472,0.936652,0
0.587457,0.958929,0.883667,0.805766,0.882199,0.602809,0.622515,0.599004,0.613477,0.890698,0
0.311803,0.948671,0.823713,0.683336,0.823314,0.336921,0.369593,0.330558,0.320184,0.806944,0
0.784312,0.958928,0.910389,0.832429,0.867471,0.792259,0.802868,0.790637,0.746994,0.943386,0
0.615503,0.979464,0.897162,0.826055,0.926383,0.62982,0.648052,0.626065,0.577437,0.872076,0
0.891497,0.969193,0.937321,0.915504,0.941098,0.895648,0.900947,0.894785,0.852605,0.964052,0
0.275702,0.958934,0.859146,0.782493,0.896935,0.302424,0.336307,0.295221,0.482808,0.840528,0
0.225317,0.938409,0.757347,0.504895,0.720247,0.252954,0.290148,0.245973,-0.124969,0.668707,0
0.325668,0.948681,0.85812,0.697324,0.779163,0.350027,0.382312,0.343877,0.515794,0.831406,0
0.897171,0.999998,0.985228,0.892094,0.896937,0.900592,0.905825,0.899921,0.884494,0.96517,0
0.995612,0.989725,0.96765,0.897456,0.911646,0.995474,0.996029,0.995628,0.875779,0.931921,0
0.879823,0.979459,0.959744,0.892094,0.896921,0.884104,0.890141,0.883254,0.884494,0.96517,0
0.837211,0.999998,0.985228,0.879736,0.882212,0.842817,0.850921,0.841592,0.877684,0.96517,0
0.898242,0.999998,0.975666,0.878048,0.896938,0.901623,0.906805,0.900962,0.837751,0.950932,0
0.747306,0.999991,0.961755,0.882724,0.926372,0.756494,0.768605,0.754192,0.775413,0.943386,0
0.965409,0.969193,0.947014,0.941756,0.955823,0.966818,0.968595,0.966662,0.906655,0.978209,0
0.492338,0.958931,0.867072,0.781229,0.882205,0.511181,0.535275,0.506486,0.5207,0.879665,0
0.854978,0.958927,0.901241,0.907761,0.970549,0.86076,0.867645,0.859371,0.754312,0.929997,0
0.958116,0.989725,0.977371,0.973611,0.985274,0.959743,0.961772,0.959299,0.95419,0.972401,0
0.937764,0.989725,0.972482,0.966722,0.985274,0.940165,0.943135,0.939576,0.922837,0.978209,0
0.684667,0.948662,0.897566,0.807414,0.838022,0.696302,0.711716,0.693568,0.753633,0.903725,0
0.995715,0.999991,0.995019,0.980572,0.985274,0.995809,0.996066,0.995833,0.968772,0.992663,0
0.902207,0.969193,0.947014,0.904475,0.911646,0.905813,0.910726,0.905129,0.884494,0.96517,0
0.704159,0.969193,0.937321,0.853191,0.867471,0.714993,0.729349,0.712546,0.817701,0.964052,0
0.768255,0.958929,0.901241,0.756184,0.793848,0.776453,0.788127,0.77494,0.675971,0.916676,0
0.824995,0.958929,0.905785,0.838241,0.882199,0.831483,0.840127,0.83021,0.730201,0.936652,0
0.995612,0.989725,0.972482,0.954228,0.970548,0.995741,0.996079,0.995695,0.93134,0.952154,0
0.21178,0.958943,0.855278,0.69859,0.808604,0.24015,0.277415,0.232989,0.415161,0.848432,0
0.842771,0.917864,0.849825,0.756184,0.793844,0.848592,0.856837,0.8472,0.737246,0.79773,0
0.970004,0.999991,0.990095,0.948725,0.955823,0.970941,0.972515,0.970829,0.929797,0.985399,0
0.934796,0.794673,0.721526,0.706172,0.690764,0.937834,0.942154,0.937219,0.877049,0.706294,0
0.949236,0.958927,0.934293,0.904475,0.911647,0.951157,0.953904,0.950757,0.914608,0.926192,0
0.810337,0.989726,0.948903,0.882724,0.926375,0.817273,0.82645,0.815555,0.783283,0.930145,0
0.57437,0.846023,0.724119,0.488867,0.543562,0.589803,0.611732,0.585843,0.5207,0.57102,0
0.500756,0.94867,0.854044,0.755364,0.852764,0.51925,0.543157,0.514285,0.545766,0.798149,0
0.925876,0.979459,0.950094,0.902996,0.926372,0.928553,0.932352,0.927836,0.877049,0.911704,0
0.692041,0.938398,0.870991,0.787088,0.838025,0.703513,0.718577,0.700856,0.68342,0.883399,0
0.40384,0.969206,0.872217,0.743439,0.852772,0.425585,0.453945,0.419696,0.491422,0.799565,0
0.925148,0.794673,0.716367,0.921282,0.955824,0.929721,0.933332,0.929018,0.854213,0.930787,0
0.598149,0.958929,0.924556,0.953156,0.985279,0.613675,0.63243,0.609412,0.885759,0.950932,0
0.996582,0.979459,0.959744,0.769662,0.749666,0.995812,0.997059,0.995774,0.93134,0.75993,0
0.978574,0.999991,0.980418,0.94737,0.970548,0.979253,0.980383,0.979094,0.899924,0.958013,0
0.982859,0.999991,0.980418,0.94737,0.970548,0.983375,0.984303,0.983261,0.899924,0.958013,0
0.97398,0.969193,0.942139,0.922369,0.941097,0.974995,0.976462,0.974789,0.899924,0.931921,0
0.919555,0.989725,0.962876,0.878048,0.896921,0.922234,0.926399,0.921867,0.830766,0.964052,0
0.930266,0.989725,0.962876,0.915504,0.941097,0.932743,0.936235,0.932284,0.852605,0.964052,0
0.99551,0.979459,0.95489,0.909901,0.926372,0.99554,0.996066,0.99556,0.899924,0.91891,0
0.446814,0.989727,0.935458,0.787088,0.838025,0.466667,0.49309,0.461759,0.66366,0.923421,0
0.436002,0.979483,0.859796,0.797553,0.955873,0.457076,0.483413,0.451266,0.375663,0.815597,0
0.913023,0.979459,0.950094,0.953156,0.985274,0.916467,0.920604,0.915546,0.885759,0.950932,0
0.897064,0.989725,0.962876,0.953156,0.985274,0.901012,0.905901,0.899921,0.885759,0.950932,0
0.339822,0.969195,0.868367,0.842369,0.970553,0.364602,0.395237,0.357586,0.528321,0.834709,0
0.974289,0.999991,1,0.987602,0.985274,0.9752,0.976475,0.974927,1,0.987085,0
0.201132,0.95895,0.820106,0.737811,0.911695,0.230572,0.267784,0.222284,0.289821,0.753349,0
0.353832,0.979472,0.901241,0.857923,0.955851,0.377874,0.407941,0.371198,0.618639,0.8782,0
0.532129,0.97947,0.905381,0.863908,0.955846,0.549689,0.571627,0.544892,0.641122,0.884407,0
0.706416,0.979461,0.936057,0.933354,0.985278,0.717664,0.731427,0.714549,0.817701,0.930145,0
0.597451,0.989731,0.898376,0.821696,0.941112,0.612398,0.631389,0.608455,0.509689,0.867916,0
0.596382,0.989725,0.948903,0.895351,0.941099,0.611369,0.630423,0.60733,0.791451,0.930145,0
0.992501,0.999991,1,0.987602,0.985274,0.992718,0.993139,0.992638,1,0.987085,0
0.918379,0.979459,0.926993,0.895016,0.955823,0.921478,0.925478,0.920754,0.754312,0.916676,0
0.505288,0.969201,0.860856,0.791925,0.926388,0.523787,0.547107,0.518793,0.452562,0.823335,0
0.993367,0.979459,0.945357,0.896165,0.926372,0.993479,0.994106,0.993476,0.854213,0.904574,0
0.842236,0.969193,0.927861,0.927232,0.970549,0.848397,0.855911,0.846726,0.840343,0.923817,0
-0.2349,0.979477,0.897162,0.80016,0.89696,-0.191962,-0.136008,-0.204697,0.586664,0.831406,0
0.904244,0.958927,0.915052,0.876841,0.911647,0.907874,0.912762,0.906861,0.840343,0.871316,0
-0.466178,0.846011,0.649719,0.579928,0.779135,-0.415499,-0.349703,-0.430236,0.071828,0.631418,1
-0.165829,0.958931,0.847731,0.455088,0.54352,-0.127507,-0.071656,-0.138883,0.318378,0.550928,1
-0.908361,-0.170278,-0.754437,-1,-0.76675,-0.838387,-0.740726,-0.858171,-0.608674,-1,1
0.399553,0.88708,0.771879,0.56995,0.646622,0.421339,0.450976,0.41553,0.497602,0.643851,1
0.839771,0.938396,0.875518,0.818967,0.867471,0.845839,0.853909,0.844354,0.745629,0.850378,1
0.653785,0.866536,0.737726,0.557015,0.646592,0.666536,0.684281,0.663144,0.459927,0.590668,1
0.837629,0.938396,0.89905,0.878048,0.896921,0.843918,0.851936,0.842414,0.852605,0.911704,1
0.461903,0.917867,0.836301,0.786634,0.852751,0.482191,0.507816,0.477269,0.629645,0.897071,1
0.574628,0.958934,0.867072,0.755364,0.85276,0.590294,0.61074,0.586516,0.51304,0.866037,1
0.704541,0.907608,0.81037,0.72921,0.808591,0.715731,0.730292,0.713587,0.533381,0.891753,1
0.051228,0.897354,0.819551,0.649806,0.67609,0.085057,0.130369,0.076475,0.646921,0.817106,1
0.229578,0.9384,0.833021,0.665814,0.764402,0.257346,0.294059,0.250648,0.427111,0.854214,1
0.607773,0.958928,0.883667,0.767473,0.838022,0.62214,0.641139,0.618613,0.613477,0.8638,1
0.472174,0.969193,0.932562,0.858654,0.882196,0.491624,0.516651,0.486721,0.800574,0.957087,1
0.448823,0.897344,0.769085,0.621886,0.734969,0.469181,0.496,0.464516,0.361731,0.795787,1
0.291699,0.722817,0.555894,0.518856,0.602424,0.31916,0.353837,0.313057,0.393094,0.711935,1
0.21939,0.969197,0.8924,0.672189,0.734951,0.246874,0.284247,0.240154,0.54152,0.87091,1
-0.354868,0.958942,0.871128,0.761453,0.852776,-0.308783,-0.247903,-0.321712,0.529101,0.872076,1
0.308315,0.92814,0.731021,0.414255,0.646614,0.332789,0.366607,0.326577,-0.257592,0.575717,1
-1,0.958942,0.745628,0.311462,0.587724,-1,-1,-1,-1,0.606887,1
0.485256,0.989725,0.962876,0.840798,0.852745,0.503808,0.528389,0.499204,0.811626,0.964052,1
0.880261,0.917864,0.836301,0.812103,0.882197,0.885066,0.89117,0.883941,0.68625,0.830167,1
-0.232429,0.948667,0.823713,0.643843,0.779131,-0.190053,-0.133321,-0.201134,0.284729,0.820845,1
0.349422,0.969197,0.923219,0.782493,0.808576,0.372841,0.403866,0.367137,0.723645,0.943386,1
0.988215,0.999991,0.990095,0.936315,0.941097,0.988393,0.989179,0.988471,0.929797,0.972401,1
0.988215,0.999991,0.990095,0.948725,0.955823,0.98846,0.989179,0.98854,0.929797,0.985399,1
-0.511374,0.928149,0.79037,0.553937,0.690811,-0.463343,-0.395076,-0.475884,0.220755,0.782512,1
0.514443,0.435372,0.207467,0.494423,0.558245,0.53628,0.56083,0.531249,0.541714,0.485309,1
0.531121,0.897352,0.757916,0.722968,0.867512,0.549188,0.571543,0.544892,0.337226,0.820845,1
0.221358,0.158195,-0.168429,0.410351,0.51407,0.256898,0.295124,0.249296,0.337226,0.478028,1
0.940257,0.917864,0.873579,0.730404,0.720216,0.942079,0.946062,0.941573,0.868618,0.744272,1
0.882862,0.856282,0.777704,0.800561,0.838048,0.887955,0.894051,0.887206,0.737246,0.883651,1
0.737302,0.763891,0.668221,0.794942,0.823325,0.748772,0.761687,0.746672,0.740673,0.903725,1
0.202794,0.928131,0.836301,0.806215,0.896924,0.232524,0.269725,0.224257,0.609224,0.824164,1
0.853052,0.979459,0.950094,0.940585,0.970549,0.858699,0.865698,0.857215,0.877049,0.950932,1
0.948165,0.958927,0.934293,0.941756,0.955823,0.95033,0.952924,0.949923,0.914608,0.96517,1
0.845666,0.989725,0.962876,0.915504,0.941098,0.851343,0.858797,0.849998,0.852605,0.964052,1
0.702401,0.9076,0.870821,0.867403,0.867475,0.713962,0.728457,0.710961,0.914608,0.887429,1
-0.472495,0.903093,0.762975,0.579797,0.73293,-0.451094,-0.356147,-0.452226,0.152927,0.718614,1
-0.324373,0.855777,0.64994,0.627691,0.729028,-0.17147,-0.288938,-0.364258,0.190456,0.788446,1
-0.418091,0.872342,0.846753,0.586885,0.822758,-0.345581,-0.337503,-0.359427,0.521932,0.681171,1
-0.291226,0.931891,0.831054,0.460174,0.570554,-0.341391,-0.161546,-0.253772,0.292431,0.577947,1
-0.258364,0.877931,0.657161,0.481241,0.584199,-0.285601,-0.226102,-0.310145,0.123803,0.607191,1
-0.069773,0.915852,0.842817,0.591311,0.666674,0.029569,-0.053444,-0.044681,0.423769,0.725122,1
-0.753931,0.823829,0.378367,0.052569,-0.099177,-0.136676,-0.638194,-0.347063,0.155199,-0.808195,1
-0.627386,0.121797,-0.65642,-0.081826,-0.352789,-0.641192,-0.651205,-0.750798,-0.075863,-0.370169,1
0.051494,-0.054057,-0.403634,-0.588046,0.355815,-0.023222,-0.30232,-0.441976,-0.352058,0.0787,1
0.441121,0.89156,0.770933,0.585485,0.654065,0.448028,0.462742,0.444759,0.366082,0.739642,1
0.303127,0.921055,0.827352,0.593579,0.675889,0.305419,0.397982,0.315391,0.475368,0.648999,1
0.370986,0.792348,0.74357,0.567802,0.61019,0.362338,0.362008,0.341214,0.430329,0.64442,1
0.844337,0.954127,0.952445,0.879824,0.935863,0.846922,0.857598,0.845244,0.750141,0.893418,1
0.876063,0.932394,0.84424,0.815349,0.873621,0.879594,0.888848,0.863053,0.741901,0.839318,1
0.872682,0.9119,0.825367,0.810156,0.863612,0.847178,0.87175,0.873987,0.739601,0.876263,1
0.618278,0.917804,0.878675,0.721241,0.70728,0.633282,0.655947,0.634203,0.486163,0.836556,1
0.666489,0.904334,0.790302,0.690809,0.68584,0.67518,0.704746,0.704996,0.50414,0.782744,1
0.858423,0.872956,0.858391,0.833155,0.866225,0.861866,0.866072,0.84859,0.846655,0.908918,1
0.837889,0.972775,0.903796,0.900864,0.904814,0.844138,0.856795,0.844521,0.852605,0.947888,1
0.83928,0.958656,0.920619,0.909279,0.914073,0.848988,0.855278,0.84296,0.852605,0.946335,1
0.503583,0.956716,0.857423,0.779612,0.852755,0.558686,0.510883,0.549251,0.592807,0.871754,1
0.529962,0.926108,0.878518,0.783642,0.84176,0.558433,0.606957,0.601567,0.623725,0.874527,1
0.462773,0.920552,0.881539,0.845668,0.881286,0.485492,0.510227,0.477375,0.765367,0.903095,1
0.586567,0.958933,0.87083,0.760951,0.839043,0.597877,0.6301,0.601722,0.604163,0.864917,1
0.577739,0.958928,0.88066,0.757965,0.840472,0.598438,0.630213,0.609513,0.593569,0.865005,1
0.472796,0.956461,0.849624,0.766965,0.852752,0.529392,0.51466,0.510091,0.529525,0.891084,1
0.67562,0.940737,0.826983,0.752369,0.832634,0.627698,0.708408,0.669451,0.532572,0.885342,1
0.678343,0.932324,0.863008,0.763762,0.821103,0.622708,0.649697,0.627774,0.593105,0.876381,1
0.723663,0.916769,0.832784,0.795435,0.834337,0.737739,0.873794,0.787174,0.553234,0.850514,1
0.110081,0.832389,0.682651,0.623347,0.650606,0.111969,0.307688,0.265458,0.499163,0.762225,1
0.079949,0.907462,0.831026,0.650593,0.754672,0.089823,0.230539,0.126999,0.628978,0.845734,1
0.223134,0.933136,0.834024,0.732019,0.810277,0.256498,0.291411,0.241579,0.431872,0.85416,1
0.384762,0.88997,0.775884,0.649192,0.744903,0.408598,0.450358,0.372084,0.484844,0.731786,1
0.228372,0.93458,0.8349,0.783727,0.894163,0.24657,0.275143,0.235636,0.606199,0.826349,1
0.499691,0.924012,0.858419,0.772603,0.849016,0.525043,0.632347,0.54524,0.626594,0.881421,1
0.538797,0.919298,0.785536,0.751321,0.861086,0.599753,0.596836,0.578377,0.527722,0.827165,1
0.533435,0.917243,0.786988,0.763064,0.850412,0.558201,0.587159,0.581716,0.523374,0.863497,1
0.518772,0.967861,0.912651,0.833909,0.878291,0.514811,0.54488,0.52002,0.614309,0.908649,1
0.471209,0.940186,0.841396,0.838839,0.872228,0.4871,0.50905,0.481809,0.677398,0.95448,1
0.454103,0.898775,0.780822,0.740219,0.79249,0.477364,0.497411,0.466144,0.494902,0.840147,1
0.423398,0.89583,0.770325,0.620931,0.650226,0.466087,0.490707,0.420448,0.44554,0.721059,1
0.252795,0.927782,0.79544,0.655225,0.761802,0.370473,0.320045,0.441813,0.387318,0.839634,1
0.237659,0.890792,0.879738,0.525632,0.625995,0.309827,0.30352,0.299911,0.442591,0.84273,1
0.228822,0.777803,0.716661,0.749505,0.884046,0.267093,0.33109,0.264812,0.484937,0.730007,1
0.245516,0.829721,0.686337,0.519763,0.722774,0.313483,0.29161,0.271644,0.514494,0.841974,1
0.226742,0.945777,0.885233,0.670144,0.754281,0.252366,0.28683,0.247747,0.5261,0.854855,1
0.359289,0.907158,0.814091,0.655415,0.64817,0.274334,0.296741,0.35926,0.531596,0.709344,1
-0.323883,0.954115,0.857949,0.69026,0.784279,-0.204839,-0.222097,-0.314871,0.340563,0.844106,1
-0.114291,0.903841,0.841576,0.705092,0.81788,-0.187491,-0.089944,0.038855,0.560747,0.853481,1
-0.251165,0.95737,0.865334,0.757896,0.821176,-0.301641,-0.170321,-0.315499,0.349496,0.85718,1
0.407806,0.901161,0.766755,0.488595,0.657456,0.357729,0.415613,0.463936,0.125946,0.728663,1
0.344077,0.926294,0.764279,0.506872,0.646618,0.3475,0.390058,0.413319,0.366562,0.591282,1
-0.816358,0.921746,0.739976,0.483239,0.639773,-0.512712,-0.994187,-0.815423,-0.855063,0.613481,1
-0.954555,0.910545,0.692334,0.476913,0.671543,-0.476876,-0.887871,-0.695216,-0.301053,0.608089,1
0.468017,0.979365,0.936298,0.833653,0.810358,0.43798,0.514898,0.436129,0.725092,0.955834,1
0.481505,0.982863,0.94089,0.856334,0.867786,0.499998,0.528215,0.48984,0.806086,0.963676,1
0.37053,0.972,0.935294,0.790075,0.824659,0.479516,0.470642,0.48919,0.785504,0.951486,1
0.939539,0.917864,0.852656,0.810808,0.746857,0.896695,0.910338,0.888521,0.744997,0.797788,1
0.890018,0.917864,0.86859,0.808313,0.850685,0.937513,0.941225,0.941271,0.730036,0.757394,1
0.846746,0.932087,0.853463,0.812598,0.878668,0.86285,0.86266,0.855836,0.710292,0.840257,1
-0.267334,0.85102,0.678631,0.605082,0.779133,-0.259105,-0.303923,-0.259182,0.208516,0.677465,1
-0.318212,0.933153,0.793892,0.572706,0.726318,-0.219447,-0.279056,-0.205326,0.265494,0.79461,1
0.285933,0.928876,0.860708,0.789945,0.854326,0.236895,0.320151,0.36194,0.722032,0.866801,1
0.286737,0.969197,0.901106,0.737509,0.769185,0.257756,0.366849,0.2515,0.579532,0.935657,1
0.453778,0.969196,0.92921,0.844949,0.865393,0.459692,0.41049,0.444228,0.74952,0.954205,1
0.955554,0.999221,0.951416,0.939796,0.954057,0.986904,0.975772,0.961733,0.927275,0.96943,1
0.844889,0.948322,0.926912,0.891527,0.910703,0.854552,0.988577,0.865051,0.919823,0.919565,1
0.870211,0.996695,0.983497,0.932644,0.941098,0.879219,0.920413,0.971413,0.925859,0.971256,1
0.954628,0.987146,0.952748,0.945636,0.969645,0.941978,0.976935,0.979819,0.92907,0.978445,1
0.988215,0.999991,0.990095,0.947597,0.954268,0.988407,0.989179,0.988501,0.929797,0.980996,1
-0.11388,0.904052,0.80692,0.604803,0.678635,-0.392548,-0.046203,-0.28613,0.520571,0.796417,1
-0.491016,0.854072,0.725674,0.571911,0.720877,-0.436452,-0.379433,-0.465322,0.160247,0.66609,1
-0.480935,0.876724,0.660749,0.55604,0.778814,-0.462978,-0.364641,-0.469029,0.097149,0.708482,1
0.459705,0.2216,-0.065127,0.472547,0.543826,0.529929,0.390145,0.355867,0.416269,0.478484,1
0.380521,0.415878,0.057137,0.419772,0.537024,0.348705,0.505432,0.483416,0.338314,0.483542,1
0.328507,0.179121,0.020661,0.469603,0.520152,0.364444,0.301656,0.47736,0.364998,0.480253,1
0.495318,0.906472,0.799879,0.777797,0.857212,0.490057,0.555046,0.540817,0.348951,0.833057,1
0.668711,0.897409,0.759795,0.726903,0.865783,0.602815,0.603865,0.706313,0.497955,0.87283,1
0.241429,0.245066,0.095405,0.417293,0.537347,0.287273,0.407385,0.493511,0.466589,0.48294,1
0.302586,0.868036,0.022677,0.41361,0.588422,0.315246,0.307022,0.270825,-0.209674,0.48292,1
0.229799,0.864609,0.683738,0.411298,0.568147,0.321135,0.324932,0.278968,0.259819,0.517267,1
0.903855,0.917864,0.873511,0.731146,0.869376,0.889449,0.933415,0.906845,0.831848,0.769082,1
0.861108,0.930431,0.873842,0.806123,0.817969,0.927661,0.900243,0.848809,0.832111,0.843069,1
0.75265,0.788078,0.752337,0.800464,0.824575,0.878813,0.84436,0.862676,0.737854,0.891051,1
0.764467,0.817807,0.675114,0.797831,0.834362,0.847242,0.892943,0.857612,0.740539,0.889468,1
0.840116,0.936347,0.836965,0.831255,0.85873,0.858702,0.85245,0.850357,0.748384,0.888007,1
0.734369,0.764175,0.727424,0.758614,0.821437,0.721064,0.757085,0.720593,0.563649,0.902006,1
0.79329,0.815911,0.74288,0.796,0.832354,0.783344,0.835913,0.850374,0.7406,0.899025,1
0.759833,0.913247,0.672983,0.806206,0.847711,0.760675,0.846209,0.830031,0.741005,0.865526,1
0.234825,0.931468,0.912935,0.790837,0.813525,0.321724,0.331236,0.343004,0.713369,0.924416,1
0.216843,0.928461,0.83355,0.783458,0.775771,0.245013,0.285297,0.232572,0.476869,0.839681,1
0.39761,0.919392,0.836301,0.797212,0.892179,0.393442,0.362382,0.302237,0.625355,0.825404,1
0.850921,0.985156,0.950139,0.919595,0.951461,0.853728,0.860782,0.853241,0.876742,0.956158,1
0.915075,0.978276,0.947575,0.94149,0.957392,0.894929,0.869312,0.902642,0.903245,0.964549,1
0.876947,0.961836,0.949897,0.929678,0.945048,0.860288,0.894351,0.854328,0.854997,0.964148,1
0.955466,0.999098,0.972007,0.94604,0.955823,0.988189,0.955918,0.967151,0.915981,0.979181,1
0.951531,0.994926,0.942129,0.940314,0.953276,0.958299,0.988279,0.988062,0.926332,0.965598,1
0.987707,0.995065,0.966185,0.915509,0.941097,0.947748,0.863142,0.903337,0.90488,0.971122,1
0.849902,0.984879,0.962694,0.922597,0.961975,0.858634,0.860903,0.851124,0.862026,0.953055,1
0.799745,0.924087,0.873705,0.835835,0.867471,0.767721,0.740291,0.714109,0.76521,0.860618,1
0.741948,0.981974,0.932677,0.898133,0.895518,0.846957,0.73967,0.772255,0.910615,0.949945,1
0.726475,0.924758,0.949755,0.896079,0.91925,0.80929,0.754697,0.786813,0.906679,0.899438,1
