#Bugs,'d(LOC,FANIN)','d(Qi,FANIN)','d(WMC,FANIN)','d( WMC,CBO)','d(Qi,CBO)','d(LOC, CBO)','d(LOC, Ce)','d(LOC, Ca)','d(WMC, Ce)','d(WMC, Ca)'
-0.287611,-1.221257,0.067815,-0.178892,-0.075456,0.115677,-1.221772,-1.20542,-1.224445,-1.719175,499.288494
-0.287611,0.521118,-0.259947,-0.226315,-2.028592,-2.010294,0.509323,0.517781,0.509605,0.399908,453.56036
-0.287611,0.356253,0.190711,0.211591,0.12894,0.115658,0.356043,0.352468,0.356815,0.125965,509.244539
-0.287611,0.430341,0.231684,0.323594,0.105302,0.03973,0.429423,0.425339,0.431104,0.533452,511.559381
-0.287611,0.240802,0.231684,0.265881,0.216187,0.191587,0.240796,0.238248,0.240875,0.224261,509.463443
-0.287611,0.462938,-0.096102,-0.100798,0.041716,0.03973,0.463925,0.459483,0.463725,0.138135,503.170945
-0.287611,0.531512,0.272657,0.343163,0.360627,0.305479,0.532366,0.525127,0.531988,0.544109,510.131356
-0.287611,-1.626082,0.149785,-0.065028,-0.370838,-0.188016,-1.629927,-1.606692,-1.629118,-1.796622,503.745968
-0.287611,0.326714,0.190711,0.26896,0.369739,0.30548,0.327858,0.323372,0.327491,0.597878,511.331595
-0.287611,0.639608,0.231684,0.335418,0.466368,0.381408,0.641341,0.632091,0.640834,0.797066,511.789019
-0.287611,0.639608,0.231684,0.335418,0.466368,0.381408,0.641341,0.632091,0.640834,0.797066,511.789019
-0.287611,0.304897,-0.178049,-0.220465,-0.062882,-0.036198,0.305664,0.303947,0.304983,-0.066381,499.592834
1.833876,0.208084,0.10881,0.103167,0.189826,0.191623,0.20877,0.206651,0.209091,-0.006872,509.789172
-0.287611,-0.813701,-0.014107,-0.163041,-0.507691,-0.377837,-0.817461,-0.802153,-0.816582,-1.156588,498.334225
-0.287611,-0.512102,0.231685,0.199742,0.124869,0.153623,-0.513007,-0.505505,-0.513551,-0.237529,508.178118
-0.287611,0.166964,0.231684,0.243455,0.198537,0.191587,0.166891,0.165349,0.166879,0.09215,509.027504
-0.287611,0.425418,0.231684,0.300227,0.360627,0.305479,0.42641,0.420613,0.425893,0.544109,510.131356
-0.287611,0.292491,0.231685,0.311863,0.369739,0.30548,0.293368,0.289363,0.292676,0.620689,510.357718
-0.287611,-0.056981,0.231732,0.221409,-0.132662,-0.112088,-0.05952,-0.055975,-0.057244,-0.238978,509.576295
-0.287611,0.285107,0.231684,0.311863,0.252393,0.191587,0.285142,0.281998,0.285556,0.533119,511.331595
3.955363,-2.017683,-0.014114,-0.357041,-1.376749,-1.061197,-2.028219,-1.993341,-2.019992,-3.153429,501.489781
-0.287611,0.164261,0.190711,0.178306,0.298946,0.30548,0.165272,0.162975,0.164413,0.009707,508.599056
-0.287611,0.432803,0.231684,0.288684,0.273286,0.229551,0.433252,0.42785,0.433571,0.399908,510.881591
-0.287611,0.456716,0.108778,0.171459,0.243229,0.191598,0.45762,0.452139,0.457691,0.455835,509.157147
-0.287611,0.371023,0.190711,0.200401,0.198537,0.191587,0.371377,0.367086,0.371617,0.09215,509.027504
-0.287611,0.341722,0.231732,0.265881,0.216187,0.191625,0.34181,0.337902,0.342292,0.224261,510.439027
-0.287611,0.415334,0.190711,0.26896,0.369739,0.305479,0.416555,0.410872,0.416301,0.597878,511.331595
-0.287611,0.454959,0.231684,0.323594,0.300726,0.229551,0.45543,0.449725,0.455775,0.63125,511.559381
-0.287611,0.506893,0.272657,0.331645,0.35159,0.305479,0.507724,0.500822,0.507313,0.467585,509.906854
-0.287611,-1.538797,-0.014107,-0.059073,-0.777495,-0.719514,-1.545963,-1.519302,-1.542573,-0.519156,501.33422
-0.287611,-0.559091,0.190752,0.083611,-0.129388,-0.036165,-0.561262,-0.551787,-0.560369,-0.904268,506.764245
1.833876,0.521664,0.272705,0.354774,0.252393,0.191625,0.521692,0.515351,0.522118,0.554089,510.357718
-0.287611,0.334099,0.190759,0.257297,0.164984,0.115697,0.333867,0.330577,0.334612,0.415439,510.131356
-0.287611,0.486963,0.231684,0.323594,0.261633,0.191587,0.487191,0.481305,0.48785,0.610447,511.559381
-0.287611,-1.429905,-0.259947,-0.462443,-0.222984,-0.074124,-1.429877,-1.409711,-1.430858,-1.356005,501.510718
1.833876,0.166964,0.231732,0.277235,0.068511,0.039769,0.165773,0.165281,0.166879,0.240772,509.684216
-0.287611,0.042999,-0.341893,-0.381457,-0.328697,-0.301909,0.042554,0.046216,0.042638,-0.105559,496.879261
1.833876,-0.43119,0.190712,0.093748,-0.003263,0.077695,-0.432373,-0.425349,-0.431929,-0.765174,507.940941
-0.287611,-1.521032,0.067803,-0.237917,-0.557858,-0.301938,-1.525227,-1.502192,-1.524021,-2.589838,500.119986
-0.287611,-0.005757,-0.259995,-0.261299,-0.810403,-0.795482,-0.010283,-0.002262,-0.01193,0.287737,479.037577
-0.287611,0.371261,0.231684,0.311863,0.291504,0.229551,0.371652,0.367086,0.371895,0.554089,511.331595
-0.287611,0.626603,0.108764,0.194981,0.183459,0.115658,0.62713,0.619938,0.626604,0.720557,504.747462
-0.287611,0.394933,0.067791,0.082541,0.246522,0.229551,0.396292,0.391466,0.395458,0.262741,506.317094
-0.287611,0.43409,0.026866,0.062403,0.107659,0.077733,0.434624,0.430281,0.434935,0.322892,506.759312
-0.287611,0.390245,0.108764,0.114311,0.120119,0.115658,0.39054,0.386625,0.389425,0.211858,502.195181
-0.287611,0.681004,0.149737,0.26169,0.007058,-0.074163,0.68003,0.673392,0.679839,0.850755,501.328236
-0.287611,0.186412,0.190759,0.145878,0.037868,0.077733,0.185761,0.184726,0.186893,-0.379227,508.948917
-0.287611,0.014135,0.190752,0.222876,0.255368,0.229583,0.01446,0.014654,0.014263,0.245926,510.439027
-0.287611,0.309007,0.108764,0.114311,0.316192,0.305479,0.310613,0.306417,0.309386,0.211858,507.074945
-0.287611,0.570669,0.231697,0.311863,0.33062,0.267525,0.571523,0.56398,0.571741,0.575676,511.331595
-0.287611,0.642302,0.272657,0.366479,0.496256,0.419372,0.644077,0.634541,0.643302,0.744388,511.559381
-0.287611,0.68639,0.231684,0.347336,-0.031964,-0.112127,0.684697,0.678272,0.684248,0.87363,499.385623
6.07685,-3.839284,-0.42384,-0.868628,-1.913748,-1.516761,-3.852203,-3.796672,-3.85335,-3.684976,465.421315
-0.287611,-0.524916,0.149739,0.146233,0.072154,0.077695,-0.52591,-0.517694,-0.525872,-0.049338,508.812343
-0.287611,0.356491,0.231684,0.288684,0.312436,0.267515,0.357146,0.35252,0.357093,0.421847,510.881591
-0.287611,0.353792,0.190711,0.189306,0.38602,0.381408,0.355515,0.350167,0.354348,0.13605,508.812343
-0.287611,0.368562,0.190711,0.211591,0.285724,0.267516,0.369465,0.364692,0.36915,0.214616,509.244539
-0.287611,0.354029,0.231684,0.323594,0.339824,0.267515,0.354682,0.35009,0.354626,0.652666,511.559381
-0.287611,0.514044,0.231684,0.323594,0.300726,0.229551,0.514571,0.508059,0.51499,0.63125,511.559381
-0.287611,0.679235,0.272657,0.390169,0.397523,0.305479,0.680232,0.67098,0.679777,0.87363,510.075485
-0.287611,-0.136217,0.149737,0.191282,0.381803,0.343444,-0.13489,-0.133532,-0.136724,0.415102,508.709151
-0.287611,0.430006,-0.259993,-0.226315,0.155859,0.115661,0.432432,0.427886,0.432193,0.444407,506.008893
-0.287611,0.221111,0.231732,0.265881,0.137837,0.115697,0.22053,0.21877,0.221142,0.182855,509.463443
1.833876,0.228736,0.272657,0.354774,0.213286,0.153623,0.228199,0.22615,0.2277,0.597878,507.436696
-0.287611,0.590599,0.272657,0.390169,0.475668,0.381408,0.592054,0.58348,0.591481,0.87363,512.020507
-0.287611,0.467268,0.231732,0.300227,0.32149,0.267554,0.468024,0.461896,0.468112,0.498736,511.105664
-0.287611,-0.026876,-0.505789,-0.564799,-0.023639,0.001802,-0.024188,-0.021873,-0.023588,-0.224496,506.432621
-0.287611,0.353117,-2.718397,-2.823981,-1.9809,-1.934409,0.354357,0.36473,0.353467,0.262741,450.876923
1.833876,-0.085035,0.067791,0.060107,0.268292,0.267515,-0.08376,-0.08247,-0.085523,0.13605,505.882397
-0.287611,-1.854161,0.190732,0.103982,0.044161,0.115675,-1.855674,-1.832628,-1.857088,-0.66636,508.138761
-0.287611,-1.37116,0.067839,-0.284605,-0.833434,-0.529693,-1.377164,-1.353978,-1.37524,-3.136153,495.261547
1.833876,0.240562,0.190719,0.245729,0.116725,0.077701,0.239963,0.238199,0.241156,0.318462,510.881591
-0.287611,0.413346,0.272705,0.354774,0.095991,0.039769,0.412173,0.408325,0.413834,0.455499,511.331595
-0.287611,-0.670803,0.026865,-0.005046,-0.533501,-0.49173,-0.67558,-0.661255,-0.672462,-0.392491,504.477948
-0.287611,0.356016,0.149737,0.202781,0.273286,0.229551,0.356869,0.352502,0.356815,0.399908,509.906854
1.833876,-1.06286,0.231728,0.087432,-0.279068,-0.150056,-1.066599,-1.050102,-1.064965,-1.27185,506.980276
-0.287611,-0.011208,0.067792,0.093901,0.255368,0.229552,-0.010168,-0.009554,-0.011831,0.363684,505.562063
3.955363,0.233177,0.190711,0.222876,0.255368,0.229551,0.233684,0.23105,0.232633,0.33889,506.537264
-0.287611,-1.883621,0.190759,0.05378,-0.192466,-0.074124,-1.886853,-1.861869,-1.886932,-1.136801,506.186724
-0.287611,-1.472743,-0.055126,-0.134471,0.060505,0.115661,-1.47248,-1.45331,-1.475809,-0.343953,501.687154
-0.287611,-1.095086,0.190734,0.145878,-0.001415,0.039749,-1.097007,-1.081621,-1.096969,-0.3995,508.948917
-0.287611,0.201026,-0.25999,-0.249734,0.059504,0.039735,0.202729,0.201825,0.202472,0.268225,504.58696
-0.287611,0.371023,0.190711,0.200401,0.355418,0.343444,0.372483,0.367141,0.371895,0.162082,510.003922
-0.287611,-1.249916,0.190712,-0.003255,-0.119244,0.039731,-1.251915,-1.234747,-1.253338,-1.556026,502.131457
-0.287611,0.430105,0.190711,0.234255,0.264289,0.229551,0.430788,0.425456,0.430551,0.367753,508.709151
-0.287611,0.659537,0.272657,0.378278,0.388187,0.305479,0.660515,0.651498,0.660576,0.751558,511.789019
-0.287611,-0.534583,-1.898875,-2.035237,-0.149974,-0.112088,-0.524931,-0.515357,-0.523408,-0.395442,508.178118
-0.287611,0.031166,-0.259948,-0.261299,-0.14528,-0.150053,0.031346,0.03403,0.032277,0.085512,504.365939
-0.287611,-1.297441,0.067839,-0.178892,-0.273367,-0.074124,-1.299588,-1.28091,-1.300102,-1.913691,501.259414
-0.287611,0.457185,0.190712,0.245729,0.273286,0.229552,0.457894,0.452156,0.458243,0.399908,510.881591
-0.287611,-0.266117,0.231684,0.277235,0.303456,0.267515,-0.265962,-0.262392,-0.267091,0.367753,509.684216
1.833876,-2.320753,0.149786,0.030241,-0.649117,-0.529693,-2.328003,-2.294687,-2.324205,-1.174398,506.569837
1.833876,-0.308696,0.108771,-0.06205,-0.136544,0.001771,-0.309861,-0.303711,-0.311054,-1.151334,498.747431
-0.287611,0.366337,0.231684,0.288684,0.312436,0.267515,0.367001,0.362243,0.366961,0.421847,510.881591
-0.287611,-0.965281,-0.259948,-0.433053,-0.397329,-0.263946,-0.966661,-0.950486,-0.964019,-1.322481,506.980276
1.833876,-0.578767,0.190754,0.093748,-0.357421,-0.263948,-0.582729,-0.571312,-0.580081,-0.929777,506.960551
-0.287611,0.334442,-0.178,-0.17538,-0.027781,-0.03616,0.335235,0.333007,0.336245,0.105412,506.317094
-0.287611,-1.225064,0.231732,0.031109,-0.324083,-0.150052,-1.228919,-1.210521,-1.227426,-1.738787,505.890304
-0.287611,-2.393707,0.231685,0.288684,0.35159,0.30548,-2.393666,-2.367231,-2.397482,0.444407,510.881591
-0.287611,-3.099833,0.190758,0.024824,-0.215472,-0.074125,-3.102967,-3.067447,-3.10365,-1.389258,506.609317
1.833876,-1.257567,0.149739,0.168568,0.050572,0.039731,-1.259291,-1.242021,-1.259746,0.085512,509.244539
1.833876,-0.588604,0.190711,0.114311,0.052294,0.115659,-0.589602,-0.580889,-0.59024,-0.58942,506.379304
3.955363,-6.488887,0.067837,-0.292034,-1.077796,-0.75748,-6.492789,-6.458377,-6.482082,-3.365941,502.045815
-0.287611,0.683928,0.231684,0.335418,0.349103,0.267515,0.684892,0.675822,0.684444,0.774013,508.870317
-0.287611,0.154658,0.231684,0.254621,0.285724,0.267515,0.155137,0.153214,0.154831,0.191496,510.220541
-0.287611,-0.457332,-0.874594,-0.985756,-0.755823,-0.681589,-0.457862,-0.444663,-0.459552,-0.294225,482.345312
-0.287611,-0.913881,-2.800335,-3.176069,-2.925345,-2.655723,-0.918125,-0.884653,-0.920183,-1.506794,429.326216
-0.287611,-0.160324,0.231687,0.137038,0.193605,0.267517,-0.160093,-0.157898,-0.160795,-0.648484,507.940941
6.07685,-3.146353,0.190713,-0.082185,-0.775823,-0.529732,-3.154195,-3.113758,-3.153426,-2.468055,496.649776
-0.287611,0.340773,0.067791,0.082541,-0.223593,-0.226019,0.338806,0.337955,0.338437,0.214616,496.565202
-0.287611,0.200221,0.026843,0.062403,-0.048907,-0.074142,0.199435,0.199342,0.200005,0.280553,504.809865
1.833876,-1.137396,-0.259974,-0.423058,-0.23188,-0.11211,-1.137613,-1.120575,-1.136355,-1.175614,507.168611
-0.287611,-0.722449,0.026866,-0.089587,-0.247489,-0.150052,-0.724601,-0.712235,-0.724201,-0.941971,502.841923
-0.287611,0.215948,0.190758,0.178306,-0.093444,-0.074125,0.214219,0.213925,0.214806,-0.105559,503.714205
-0.287611,-0.151476,0.067791,0.049034,0.102705,0.115658,-0.1514,-0.148156,-0.152677,-0.014642,503.714205
-0.287611,0.058244,-0.259993,-0.238073,0.107659,0.077697,0.060125,0.060872,0.059407,0.367753,504.809865
3.955363,-3.800934,0.026862,-0.305496,-0.814965,-0.529697,-3.80716,-3.762741,-3.804886,-2.954558,499.660885
-0.287611,-1.237629,0.190759,0.073571,-0.137353,-0.03616,-1.240261,-1.222612,-1.240057,-0.961678,506.569837
-0.287611,0.285201,-0.178,-0.152258,0.225126,0.191625,0.287606,0.284429,0.288023,0.301405,510.659378
-0.287611,0.501032,0.108765,0.194981,0.105302,0.03973,0.500893,0.495924,0.501012,0.652666,505.720278
3.955363,-1.419798,-0.218999,-0.369663,-0.184641,-0.074144,-1.420045,-1.400077,-1.419361,-1.078935,507.358847
3.955363,-1.306992,0.108812,-0.052452,-0.168434,-0.03616,-1.309102,-1.290595,-1.310922,-1.179263,499.916993
-0.287611,-0.689568,-0.218973,-0.518835,-0.617393,-0.377837,-0.691929,-0.678162,-0.691528,-2.267572,493.690186
-0.287611,0.161799,0.190711,0.200401,0.237752,0.229551,0.162245,0.160488,0.16223,0.09215,510.003922
-0.287611,-0.824673,0.190739,0.156592,0.007058,0.039752,-0.826433,-0.814258,-0.826425,-0.32198,508.178118
8.198336,-5.226548,-7.880948,-9.182907,-14.712079,-13.437426,-5.277237,-5.114246,-5.283716,-8.514714,146
3.955363,-1.4787,0.149744,-0.009039,-0.168434,-0.036193,-1.481165,-1.460825,-1.481198,-1.29157,505.81123
1.833876,-1.824302,-0.096054,-0.63557,-1.133727,-0.68155,-1.830795,-1.801183,-1.829935,-5.280049,485.90637
-0.287611,-0.123901,-0.259992,-0.249734,0.020343,0.001769,-0.122708,-0.119027,-0.123087,0.245926,504.58696
-0.287611,-0.43611,0.190754,0.083611,-0.247489,-0.150056,-0.439057,-0.430287,-0.437158,-0.941971,506.764245
-0.287611,0.663079,0.026817,0.073978,0.116725,0.077694,0.663835,0.656397,0.663359,0.491376,503.086474
-0.287611,0.57238,-0.341935,-0.312048,0.077595,0.039736,0.574833,0.568859,0.574776,0.444407,504.060512
1.833876,-1.473502,0.190758,0.006007,-0.704103,-0.529694,-1.480443,-1.456123,-1.476278,-1.730064,505.262308
-0.287611,-0.851636,-0.178,-0.31621,-0.216121,-0.112088,-0.85226,-0.838472,-0.853842,-0.825496,497.742906
-0.287611,-0.827663,0.108767,0.048881,0.068792,0.115661,-0.828279,-0.816598,-0.829511,-0.367821,505.807276
-0.287611,-0.242033,-0.259989,-0.317667,-0.071465,-0.036193,-0.241203,-0.235713,-0.241439,-0.237529,503.289181
-0.287611,-0.080079,-0.341893,-0.414845,-0.59023,-0.529693,-0.082297,-0.075362,-0.08154,-0.3995,493.304166
-0.287611,-2.784498,0.108807,-0.099461,-0.679604,-0.491734,-2.791229,-2.754042,-2.788322,-1.852702,503.921621
1.833876,-1.8644,-0.915518,-1.416387,-1.412742,-1.023227,-1.868135,-1.835328,-1.86266,-4.15188,492.790016
-0.287611,-2.150096,-0.669679,-1.159189,-1.298441,-0.909335,-2.154649,-2.119682,-2.150602,-4.178616,491.674689
-0.287611,-1.819788,0.190759,-0.039321,-0.108137,0.077733,-1.821639,-1.79862,-1.822675,-1.837646,505.371151
-0.287611,-0.09734,0.067794,-0.025788,-0.388522,-0.301946,-0.100338,-0.094901,-0.098141,-0.835982,503.239506
-0.287611,-0.626533,0.02684,-0.248438,-0.412618,-0.188037,-0.628909,-0.617413,-0.627807,-2.2151,500.759423
-0.287611,-2.099591,-0.13707,-0.554206,-0.674616,-0.339907,-2.102879,-2.073329,-2.103205,-3.502158,494.292424
-0.287611,-1.462634,-0.014107,-0.201891,-0.380865,-0.22598,-1.465585,-1.443811,-1.465967,-1.446121,499.544793
6.07685,-3.645169,-3.701695,-4.390242,-5.537901,-4.971494,-3.664204,-3.577841,-3.668231,-3.72552,369.242468
1.833876,-4.969539,-0.956508,-1.48649,-2.34987,-1.896416,-4.981456,-4.916997,-4.985136,-4.027928,450.619573
-0.287611,-1.578185,-0.382868,-0.726964,-0.802244,-0.529695,-1.581245,-1.555679,-1.57981,-2.688336,495.025252
-0.287611,-2.112806,0.067839,-0.115002,-0.420328,-0.263944,-2.116917,-2.087963,-2.116171,-1.505525,503.476911
-0.287611,-1.845425,-3.37391,-3.812335,-4.167999,-3.832571,-1.85566,-1.801122,-1.856753,-1.930252,406.208075
-0.287611,-4.461167,-0.096054,-0.353236,-1.024864,-0.795442,-4.468791,-4.419073,-4.470935,-2.235198,485.498713
-0.287611,-0.824939,0.149768,-0.055942,0.071193,0.229575,-0.824893,-0.814126,-0.826737,-1.451158,503.921621
1.833876,-1.534978,-1.284277,-1.576305,-0.877018,-0.68155,-1.533351,-1.507053,-1.533873,-1.738787,487.198112
3.955363,-5.020541,-0.05508,-0.517573,-1.353394,-0.947299,-5.029908,-4.978156,-5.021722,-4.510948,497.277588
3.955363,-0.665226,-0.259952,-0.361004,-0.105028,-0.036164,-0.664635,-0.653872,-0.663848,-0.671311,507.358847
-0.287611,-0.16328,-0.259954,-0.350317,0.257152,0.305512,-0.159802,-0.157878,-0.160795,-0.395442,508.540067
-0.287611,-0.45876,0.108812,-0.099461,-0.363596,-0.188016,-0.461508,-0.452162,-0.460237,-1.719175,501.953185
-0.287611,0.011953,-0.178,-0.305964,-0.050638,0.039769,0.013042,0.014601,0.013688,-0.820065,505.783551
-0.287611,-2.472823,0.14977,-0.018616,-0.018131,0.115684,-2.473965,-2.445007,-2.477889,-1.151334,501.695127
-0.287611,0.030578,-0.792599,-0.842605,0.111374,0.115697,0.035775,0.036511,0.035883,-0.006872,507.835603
-0.287611,-0.203149,0.067838,0.0057,-0.363351,-0.301909,-0.206259,-0.199406,-0.204166,-0.584893,503.850176
1.833876,-0.009289,-1.775955,-1.870263,0.111374,0.115697,0.001292,0.002465,0.001646,-0.028434,508.812343
-0.287611,0.332753,-1.857902,-2.02826,0.060505,0.115697,0.343723,0.340299,0.344759,-0.512423,508.540067
1.833876,-1.693265,0.026823,0.017054,0.111374,0.115662,-1.693591,-1.672057,-1.697215,0.110642,502.953278
3.955363,-5.927651,0.190759,-0.381405,-1.379638,-0.871371,-5.937277,-5.892071,-5.930953,-6.821487,490.799348
-0.287611,0.35062,0.067839,-0.004893,0.021185,0.077733,0.35084,0.347607,0.351603,-0.490391,506.581681
-0.287611,0.356137,-0.259994,-0.284138,-5.406051,-5.275258,0.32511,0.355008,0.324181,0.110642,365.625491
-0.287611,-0.249398,0.149737,0.135209,0.25969,0.267515,-0.248728,-0.245337,-0.250424,0.034694,506.644846
-0.287611,-0.500062,0.190732,0.13526,-0.206258,-0.150074,-0.503069,-0.493495,-0.500928,-0.568694,508.74355
1.833876,0.181489,0.190712,0.093748,-0.003263,0.077695,0.180834,0.179865,0.181961,-0.765174,507.940941
1.833876,-0.256528,0.190759,0.156592,-0.267708,-0.22598,-0.259876,-0.252879,-0.257231,-0.427963,508.178118
-0.287611,-0.227005,0.190759,0.156592,0.124869,0.153661,-0.227445,-0.223578,-0.227355,-0.259655,509.156165
-0.287611,-0.465627,0.190719,0.145878,0.273642,0.305486,-0.465047,-0.459246,-0.466731,-0.218349,507.970472
-0.287611,0.082557,0.108765,0.125551,0.364138,0.343444,0.084276,0.082807,0.08274,0.287737,508.26863
-0.287611,0.458319,-12.142214,-11.950751,-2.185491,-2.124217,0.488863,0.498391,0.488152,0.162082,445.784701
-0.287611,0.161799,0.190759,0.222876,0.255368,0.229589,0.162245,0.160488,0.16223,0.245926,510.439027
-0.287611,0.466798,0.149786,0.191282,0.225126,0.191625,0.467477,0.461878,0.467561,0.322892,508.709151
-0.287611,0.213246,0.149738,0.214375,0.204104,0.153623,0.213418,0.211529,0.213461,0.476974,509.157147
-0.287611,0.27256,0.190759,0.222876,0.294552,0.267554,0.27338,0.269881,0.273222,0.268225,510.439027
-0.287611,0.336323,0.149738,0.191282,0.381803,0.343444,0.337991,0.333153,0.336801,0.439697,508.709151
-0.287611,0.004538,0.231685,0.277235,0.342628,0.30548,0.005181,0.004969,0.004399,0.367753,510.659378
-0.287611,0.095592,0.231685,0.300227,0.360627,0.30548,0.096306,0.094919,0.095356,0.544109,510.131356
-0.287611,0.282646,0.231686,0.265881,0.255368,0.229552,0.282956,0.279585,0.283089,0.245926,510.439027
-0.287611,0.553435,0.231732,0.277235,0.342628,0.305518,0.554545,0.546984,0.554469,0.367753,510.659378
-0.287611,0.302337,0.231684,0.311863,0.252393,0.191587,0.302388,0.29903,0.302543,0.554089,510.357718
-0.287611,0.511582,0.231685,0.288684,0.194997,0.153623,0.511563,0.505611,0.512248,0.378597,509.906854
-0.287611,0.516506,0.231732,0.300227,0.204104,0.153661,0.516492,0.510456,0.517457,0.435322,511.105664
-0.287611,0.501734,0.231697,0.311863,0.369739,0.305489,0.502796,0.495942,0.502653,0.597878,511.331595
3.955363,-0.029666,0.272705,0.331645,0.234139,0.191625,-0.030156,-0.029115,-0.030122,0.378597,510.881591
1.833876,0.479813,0.272657,0.354774,0.252393,0.191587,0.479798,0.474014,0.480448,0.533119,511.331595
-0.287611,0.642302,0.272657,0.354774,0.408862,0.343444,0.643534,0.634503,0.643302,0.620689,511.331595
-0.287611,0.602909,0.272672,0.366479,0.339824,0.267527,0.603561,0.595577,0.603819,0.652666,511.559381
-0.287611,0.62753,0.272657,0.378278,0.388187,0.305479,0.628476,0.619901,0.628495,0.751558,511.789019
3.955363,-0.059689,0.190759,0.156592,-0.581501,-0.529693,-0.06505,-0.058516,-0.060577,-0.538636,506.222283
1.833876,-0.167705,0.231686,0.167959,-0.332535,-0.263983,-0.171493,-0.1654,-0.169357,-0.693819,504.623622
-0.287611,-2.434849,-0.01411,-0.229992,-0.877018,-0.681552,-2.442305,-2.406495,-2.438243,-1.888699,501.953185
-0.287611,-0.131192,-2.4725,-2.941448,-1.667367,-1.364904,-0.127676,-0.114427,-0.122409,-2.771592,483.335287
-0.287611,-2.017355,-1.735009,-2.072972,-2.508993,-2.238101,-2.025764,-1.981108,-2.025152,-2.010465,452.443367
1.833876,-2.397777,-0.30092,-0.647638,-0.927647,-0.643586,-2.402686,-2.367614,-2.398964,-2.930022,499.811965
-0.287611,-3.517751,-0.30092,-0.60612,-0.815425,-0.567657,-3.521643,-3.478268,-3.522736,-2.379007,491.717399
3.955363,-1.850313,-0.300926,-0.614627,-0.980605,-0.719519,-1.855698,-1.825569,-1.851794,-2.589345,498.461633
-0.287611,-2.673372,-0.096059,-0.335313,-0.615197,-0.415806,-2.677719,-2.642135,-2.677418,-1.894047,498.648173
-0.287611,-0.276694,-9.274049,-9.792919,-6.92251,-6.565997,-0.277128,-0.230887,-0.278486,-1.432284,329.802971
-0.287611,-0.758781,-0.669679,-0.953699,-0.345526,-0.150052,-0.756594,-0.743788,-0.755921,-1.885581,501.429955
-0.287611,-1.272603,-0.259947,-0.47204,-0.427836,-0.263944,-1.274131,-1.254299,-1.272378,-1.619311,504.278693
-0.287611,-0.486194,-2.513473,-2.852473,-3.222353,-2.959397,-0.493555,-0.464167,-0.494827,-1.356005,422.906609
6.07685,-2.292559,-0.014149,-0.325369,-0.756116,-0.491764,-2.2982,-2.265454,-2.296565,-2.669315,498.144557
-0.287611,-0.306401,-3.005151,-3.311363,-1.452095,-1.288976,-0.299682,-0.284324,-0.300632,-1.002425,466.974303
-0.287611,-0.616322,-0.710652,-0.939654,-1.051332,-0.871371,-0.619375,-0.602746,-0.620417,-1.331572,477.938281
-0.287611,-2.18335,-0.178,-0.346356,-0.712554,-0.567657,-2.188425,-2.156035,-2.187459,-1.289513,497.16094
-0.287611,-2.252991,0.026866,-0.195634,-0.370838,-0.188016,-2.256115,-2.22649,-2.256181,-1.796622,502.761375
-0.287611,-2.311877,0.026866,-0.204683,-0.338457,-0.150052,-2.314646,-2.284823,-2.314751,-1.874012,503.572239
-0.287611,-1.496465,0.067834,-0.391274,-0.520385,-0.150056,-1.499349,-1.477839,-1.499087,-4.167513,498.157606
-0.287611,0.057939,-2.595419,-2.882339,0.044081,0.153661,0.073005,0.072987,0.072875,-0.977477,505.204909
-0.287611,-0.213469,-2.185687,-2.418248,-0.011258,0.077733,-0.200939,-0.196805,-0.201409,-0.749393,503.822389
-0.287611,-0.07635,-2.349583,-2.554328,-0.065702,0.001803,-0.063598,-0.060794,-0.062176,-0.651904,508.33847
1.833876,-0.2654,-0.464813,-0.576821,-0.576663,-0.491729,-0.266787,-0.257623,-0.267089,-0.58942,490.717842
-0.287611,-2.33641,0.026866,-0.158449,-0.183506,-0.03616,-2.3381,-2.309075,-2.338936,-1.424747,505.44337
-0.287611,-0.580569,-0.096071,-0.259639,-0.476154,-0.339887,-0.583316,-0.571184,-0.58339,-1.149718,495.19794
-0.287611,0.181931,-0.58776,-0.809568,-0.6176,-0.453787,0.181919,0.184561,0.185484,-1.628334,501.510718
-0.287611,-0.027429,-0.178,-0.346356,-0.200213,-0.074124,-0.027216,-0.024217,-0.027767,-1.027449,498.14255
1.833876,-1.059032,0.067839,-0.170061,-0.147708,0.039769,-1.060118,-1.045163,-1.060041,-1.862017,505.371151
-0.287611,-1.46944,0.067833,-0.086143,-0.397329,-0.263949,-1.473283,-1.451177,-1.471692,-1.306392,505.015841
-0.287611,0.010202,-1.816929,-2.042789,-1.121005,-0.985263,0.013023,0.021927,0.013019,-0.849983,477.171877
-0.287611,-0.585999,-0.178047,-0.285176,-0.545758,-0.453803,-0.589116,-0.576093,-0.588021,-0.749008,497.363046
-0.287611,-1.334022,0.108812,-0.126485,-0.226842,-0.03616,-1.336144,-1.317387,-1.336364,-1.862017,503.400437
-0.287611,-0.051072,-0.014154,-0.201891,-0.144026,0.001767,-0.051282,-0.048522,-0.05186,-1.253818,499.544793
-0.287611,-1.403663,-0.014151,-0.153083,-0.263435,-0.150088,-1.405943,-1.385324,-1.408212,-0.876104,496.566209
-0.287611,-0.728407,-0.137062,-0.2627,-0.208125,-0.112116,-0.729222,-0.716925,-0.730652,-0.724434,497.94076
3.955363,-0.784191,-0.014155,-0.091284,-0.136059,-0.074162,-0.78552,-0.772867,-0.786712,-0.467671,500.708498
-0.287611,-0.078334,-0.464817,-0.544093,-0.001415,0.039766,-0.075628,-0.072865,-0.07566,-0.314302,505.035642
-0.287611,0.232798,-0.300947,-0.40418,-0.026373,0.039747,0.234758,0.233353,0.23566,-0.58942,506.379304
-0.287611,-9.544577,0.108794,-0.186073,-0.035826,0.191611,-9.413119,-10.274508,-9.422084,-2.192734,501.264401
-0.287611,-1.279961,0.10878,-0.042757,-0.239642,-0.112114,-1.282697,-1.263964,-1.282549,-1.234194,504.033729
-0.287611,0.223585,-1.530116,-1.684956,0.060505,0.115697,0.232849,0.230956,0.232913,-0.467671,505.602611
-0.287611,-1.051115,0.149786,-0.150453,-0.399214,-0.150052,-1.0543,-1.03792,-1.053612,-2.544578,501.107773
1.833876,-1.782261,-0.055081,-0.145038,-0.026373,0.039769,-1.782687,-1.759579,-1.78609,-0.445753,500.503746
1.833876,-1.864279,0.149785,-0.046757,-0.119244,0.039768,-1.866182,-1.84237,-1.867617,-1.532643,504.099197
-0.287611,0.217214,-0.014155,-0.192326,-0.688793,-0.529733,0.21342,0.216159,0.218394,-1.549216,504.643438
-0.287611,0.155044,-1.44817,-1.540291,0.024234,0.039768,0.16331,0.162851,0.16413,-0.147061,507.621907
-0.287611,-0.083019,-0.423839,-0.501017,-0.668675,-0.605622,-0.085312,-0.077808,-0.084288,-0.419081,492.327127
-0.287611,-1.365966,0.108765,0.007184,0.075475,0.153623,-1.366478,-1.348887,-1.369339,-0.673216,503.03976
6.07685,-4.504938,0.149739,0.020275,-0.342216,-0.226018,-4.50791,-4.465094,-4.508418,-1.149718,505.395884
-0.287611,0.199745,-0.05508,-0.216273,-0.751943,-0.605622,0.19563,0.199153,0.199447,-1.378851,499.124233
-0.287611,-0.087742,0.026818,-0.026762,-0.315554,-0.263984,-0.090204,-0.085128,-0.089423,-0.456148,500.145979
-0.287611,-0.189127,-0.055128,-0.145038,-0.183668,-0.112126,-0.190061,-0.184689,-0.189952,-0.567188,501.482801
3.955363,-0.272542,-0.014107,-0.069907,-0.079971,-0.03616,-0.273216,-0.267345,-0.273197,-0.358266,504.057536
1.833876,-0.44646,0.108812,0.038312,-0.293247,-0.22598,-0.449489,-0.440035,-0.448806,-0.663314,501.687154
1.833876,-1.007139,0.108812,-0.023072,0.170082,0.267554,-1.006584,-0.993964,-1.009291,-0.823168,504.414512
-0.287611,-0.549512,0.149774,-0.028094,-0.499246,-0.339883,-0.553772,-0.542166,-0.550513,-1.588457,505.44337
-0.287611,0.094932,-0.300929,-0.338438,-0.171877,-0.150059,0.095401,0.097241,0.09556,-0.126644,500.784385
-0.287611,0.220722,-0.259947,-0.306588,-0.533501,-0.491729,0.218618,0.221155,0.220269,-0.263651,496.662864
-0.287611,-4.478563,0.108773,-0.06205,0.060825,0.191594,-4.475805,-4.437981,-4.482156,-1.151334,503.6606
-0.287611,-0.343894,-0.014153,-0.059073,0.007058,0.039732,-0.344039,-0.337832,-0.345569,-0.281109,501.33422
-0.287611,-0.537472,0.108764,0.059546,-0.119244,-0.074163,-0.539405,-0.529927,-0.537889,-0.456148,508.948917
-0.287611,0.176643,-0.219003,-0.30716,0.139154,0.191602,0.179208,0.177484,0.179494,-0.467671,508.540067
-0.287611,0.190136,-0.014131,-0.069907,0.15574,0.191607,0.191525,0.189654,0.191544,-0.291309,507.970472
-0.287611,0.025952,0.108769,-0.052452,0.107779,0.229555,0.026774,0.026806,0.026592,-1.129142,506.793844
-0.287611,0.261163,-17.218971,-14.652679,-15.877214,-18.521075,0.243795,0.308827,0.242757,-0.19272,105
-0.287611,-0.168204,0.149784,0.010406,-0.23188,-0.11209,-0.170358,-0.165324,-0.168775,-1.136801,505.204909
-0.287611,-0.318285,0.149786,0.020275,0.091233,0.191625,-0.318248,-0.313453,-0.319151,-0.876104,505.395884
-0.287611,0.11359,-0.055083,-0.091233,-0.062882,-0.036162,0.11348,0.114272,0.113952,-0.182633,504.477948
-0.287611,-0.15861,0.108812,0.038312,0.021185,0.077733,-0.159076,-0.155467,-0.159785,-0.420191,503.644716
-0.287611,-0.419908,0.026834,-0.005046,0.094112,0.115672,-0.419769,-0.413162,-0.419907,-0.182633,508.387647
-0.287611,-0.844875,0.108765,0.081165,0.172631,0.191587,-0.844882,-0.833631,-0.845816,-0.160698,509.365291
3.955363,-0.864278,0.149782,0.092067,-0.324083,-0.263947,-0.868238,-0.85325,-0.865831,-0.600368,507.764709
-0.287611,0.196337,-0.218973,-0.26353,0.054858,0.077733,0.198079,0.196964,0.197538,-0.114845,503.500745
-0.287611,-0.421606,0.149782,0.113447,-0.228467,-0.188019,-0.424576,-0.415703,-0.422969,-0.395442,506.222283
-0.287611,0.419698,-0.341893,-0.403814,-0.032205,0.001804,0.421759,0.418078,0.422874,-0.281109,506.222283
-0.287611,0.075416,0.149742,0.020275,0.170082,0.267519,0.076318,0.075436,0.075912,-0.876104,507.358847
-0.287611,-1.785414,0.190719,-0.056763,-0.240658,-0.036192,-1.788277,-1.764647,-1.78826,-2.061863,505.034652
-0.287611,-0.635852,0.108773,0.059546,0.195037,0.229558,-0.635452,-0.626953,-0.637359,-0.218349,506.013834
-0.287611,0.062868,0.108811,0.048881,0.147409,0.191624,0.063435,0.063302,0.062725,-0.31942,505.807276
-0.287611,-0.042955,0.108765,0.048881,0.029488,0.077694,-0.043326,-0.041249,-0.043603,-0.367821,504.828684
-0.287611,0.223092,0.149765,0.000635,-1.066935,-0.909352,0.215693,0.221,0.221373,-1.422237,498.14255
1.833876,0.235728,-0.219022,-0.296399,-0.166976,-0.112127,0.236121,0.235891,0.235348,-0.294225,497.003018
-0.287611,-1.714203,0.190759,-0.012419,-0.48212,-0.301909,-1.719378,-1.694263,-1.716962,-1.808949,505.890304
-0.287611,0.281454,0.026866,-0.037475,-0.12769,-0.074124,0.280749,0.279535,0.281693,-0.435371,503.850176
-0.287611,0.43625,-1.857902,-1.980299,0.094112,0.115697,0.447218,0.442383,0.448374,-0.203901,509.365291
-0.287611,0.349447,-1.489144,-1.558818,0.198537,0.191625,0.359057,0.354933,0.359282,0.09215,509.027504
-0.287611,-0.801405,-0.014151,-0.025993,-0.006276,0.001769,-0.802135,-0.789799,-0.804263,0.085862,501.000998
-0.287611,-0.431446,0.149741,0.135209,-0.014996,0.001768,-0.432962,-0.425382,-0.432229,-0.185874,508.599056
-0.287611,-0.463423,0.149785,0.113447,0.046325,0.077732,-0.464374,-0.45693,-0.464266,-0.281109,508.178118
-0.287611,0.097082,0.067792,0.060107,-0.045485,-0.036198,0.096235,0.097225,0.097253,-0.06958,506.858955
1.833876,0.146549,0.108812,0.070308,0.085595,0.115697,0.146623,0.145886,0.146864,-0.237529,507.200158
-0.287611,0.190375,0.026845,0.017054,0.111374,0.11568,0.190967,0.189637,0.191261,-0.006872,507.835603
-0.287611,0.453086,-1.939848,-2.053493,0.102705,0.115697,0.464468,0.45943,0.465093,-0.083812,507.621907
-0.287611,-0.837233,0.149738,0.040303,0.264487,0.343444,-0.83626,-0.826213,-0.839052,-0.617764,505.783551
-0.287611,0.490466,-1.857902,-1.955685,0.111374,0.115697,0.501434,0.495856,0.502653,-0.049338,509.789172
-0.287611,0.160359,-0.055099,-0.080181,-0.014996,0.00179,0.160568,0.16047,0.160817,-0.083812,504.690995
-0.287611,-0.979557,0.190759,0.073571,-0.176739,-0.074124,-0.982344,-0.967433,-0.981255,-1.001235,507.550983
-0.287611,-0.299124,-0.341943,-0.392685,-0.651068,-0.605662,-0.302117,-0.291538,-0.303602,-0.066381,484.951544
-0.287611,-0.60582,0.190758,0.034379,-0.010615,0.115696,-0.606829,-0.597885,-0.607183,-1.179263,505.81123
-0.287611,-0.236846,0.190733,-0.012419,-0.007883,0.15364,-0.237294,-0.2333,-0.237216,-1.559433,505.890304
-0.287611,-0.181252,0.026817,0.039537,-0.223593,-0.22602,-0.183525,-0.177462,-0.182266,0.047688,504.365939
-0.287611,-0.920557,0.190711,0.124738,0.296492,0.343444,-0.919882,-0.908873,-0.922473,-0.343953,507.560834
1.833876,-0.443489,0.190717,0.044031,-0.081907,0.039735,-0.444976,-0.437502,-0.444551,-1.149718,505.998024
-0.287611,-0.27621,0.190759,0.034379,0.028847,0.153661,-0.276688,-0.272189,-0.276656,-1.179263,506.793844
-0.287611,-0.01564,0.149786,0.102709,0.116446,0.153661,-0.015664,-0.014513,-0.015903,-0.291309,506.99211
-0.287611,0.026196,0.149738,0.12428,-0.062882,-0.036198,0.024795,0.026722,0.025447,-0.244414,505.45524
-0.287611,-0.704188,0.190759,0.145878,-0.158513,-0.112088,-0.707073,-0.695221,-0.70542,-0.473625,508.948917
-0.287611,-1.041011,0.190713,0.093748,0.154225,0.229552,-1.041327,-1.028035,-1.043127,-0.648484,506.960551
-0.287611,0.419552,0.067825,0.016389,0.116446,0.15365,0.420384,0.415697,0.420682,-0.291309,506.99211
-0.287611,-0.19527,0.149778,0.157353,0.237752,0.229583,-0.194855,-0.191944,-0.195602,0.09215,509.027504
-0.287611,-0.209782,0.190714,0.073571,0.138436,0.229554,-0.209628,-0.206528,-0.2101,-0.825496,507.550983
-0.287611,-0.103981,0.190714,0.114311,0.130975,0.191589,-0.104036,-0.102032,-0.10409,-0.544264,508.33847
-0.287611,-0.239306,0.190719,0.093748,0.075475,0.153629,-0.239756,-0.235731,-0.239681,-0.720601,507.940941
-0.287611,-0.131047,0.190714,0.073571,0.020222,0.115661,-0.1317,-0.128803,-0.13121,-0.896826,507.550983
-0.287611,0.416389,-0.055081,-0.05779,-0.075859,-0.074124,0.416288,0.413233,0.416841,0.048741,503.170945
-0.287611,-0.071992,0.190715,0.05378,0.044081,0.153626,-0.072309,-0.070452,-0.072038,-1.026654,507.168611
-0.287611,-0.067071,0.190715,0.073571,0.059624,0.153626,-0.067384,-0.065591,-0.067107,-0.873761,507.550983
-0.287611,-0.054767,0.190714,0.083611,0.067511,0.153625,-0.05507,-0.053438,-0.054779,-0.797214,507.745015
-0.287611,0.292014,0.149738,0.102709,0.273642,0.30548,0.293368,0.289403,0.292117,-0.166446,506.013834
-0.287611,-1.289233,0.190756,0.178306,-0.171877,-0.150054,-1.292851,-1.273702,-1.29174,-0.238978,508.599056
-0.287611,0.038014,0.067791,0.105356,-0.009771,-0.036199,0.037112,0.038907,0.037778,0.260341,506.759312
-0.287611,-0.126126,0.190713,0.114311,-0.183668,-0.112125,-0.128487,-0.124004,-0.126862,-0.671311,506.379304
-0.287611,0.041206,0.190714,0.093748,0.075475,0.153625,0.040984,0.041355,0.041388,-0.720601,507.940941
-0.287611,0.171484,-0.259947,-0.238073,-0.127165,-0.150052,0.171781,0.172573,0.17287,0.240772,504.809865
-0.287611,0.242306,0.067804,0.060107,0.150598,0.153633,0.242981,0.240752,0.242221,0.085862,504.905932
-0.287611,0.336086,0.108765,0.017463,0.004809,0.077694,0.336056,0.333058,0.336245,-0.596969,504.219198
-0.287611,0.456716,0.108811,0.103167,0.111374,0.115696,0.457075,0.452122,0.457691,-0.028434,507.835603
1.833876,-0.510158,0.149786,0.191282,0.029368,0.001805,-0.511736,-0.50316,-0.510785,0.203581,510.659378
-0.287611,0.325667,-0.423889,-0.444625,0.080916,0.077695,0.328664,0.325822,0.328015,0.162082,503.170945
-0.287611,0.23786,0.149765,0.12428,0.133369,0.153644,0.238054,0.235835,0.238127,-0.1381,507.410091
-0.287611,0.068277,0.190714,0.103982,0.083516,0.153625,0.068079,0.068091,0.068514,-0.643926,508.138761
-0.287611,0.075416,0.149785,0.157353,-0.154223,-0.150053,0.073227,0.07535,0.074206,0.007945,504.146804
-0.287611,-0.012934,0.190714,0.093748,0.075475,0.153625,-0.013201,-0.012118,-0.012861,-0.720601,507.940941
-0.287611,-0.04615,-0.014154,-0.014774,0.27697,0.267516,-0.044359,-0.043581,-0.046069,0.211858,506.098805
-0.287611,0.386147,-0.178011,-0.163867,-0.175401,-0.188025,0.385903,0.384136,0.385596,0.291156,497.764
-0.287611,-0.185178,0.190759,0.167401,0.133369,0.153661,-0.185586,-0.182258,-0.185448,-0.182633,509.365291
-0.287611,-0.160823,0.149766,0.168568,0.12894,0.115681,-0.16125,-0.157969,-0.161087,0.105412,509.244539
-0.287611,0.095348,0.190714,0.124738,0.099828,0.153625,0.095174,0.094827,0.095641,-0.490391,508.540067
-0.287611,-0.261449,0.190758,0.156592,0.124869,0.153661,-0.261915,-0.257606,-0.261866,-0.259655,509.156165
-0.287611,0.12242,0.190711,0.156592,0.242713,0.267515,0.123116,0.121636,0.122485,-0.167165,508.178118
-0.287611,0.33867,-0.300928,-0.28097,0.107659,0.077726,0.340984,0.337937,0.340903,0.345009,505.784539
-0.287611,0.380633,0.149738,0.050463,0.154225,0.229551,0.381508,0.376863,0.380931,-0.596969,505
-0.287611,0.30361,0.026817,0.039537,0.246522,0.229551,0.305129,0.301556,0.303896,0.287737,505.341469
-0.287611,0.112576,0.190714,0.13526,0.108098,0.153625,0.112417,0.111841,0.112904,-0.413535,508.74355
-0.287611,-0.246687,0.190711,0.189306,0.189826,0.191587,-0.246851,-0.243004,-0.247076,-0.006872,509.789172
-0.287611,0.326239,0.108801,0.136886,0.17701,0.153652,0.32675,0.323301,0.327491,0.203236,510.439027
-0.287611,0.112576,0.190711,0.178306,0.338205,0.343444,0.113831,0.111953,0.11262,0.034694,508.599056
-0.287611,-0.753367,0.190759,0.211591,0.089754,0.077733,-0.754776,-0.743755,-0.754685,0.085512,510.220541
-0.287611,0.381455,-0.137076,-0.10934,-0.088038,-0.112127,0.381514,0.379129,0.381476,0.185967,500.912168
-0.287611,-0.126126,0.190758,0.167401,0.094112,0.115696,-0.126775,-0.123941,-0.126571,-0.203901,508.387647
-0.287611,0.235639,0.190713,0.167401,0.133369,0.153624,0.23559,0.23337,0.236223,-0.182633,509.365291
-0.287611,0.426471,-0.014156,0.019457,-0.009771,-0.036198,0.426417,0.422923,0.427808,0.240772,507.734182
-0.287611,0.304322,0.149738,0.157353,0.198537,0.191587,0.304852,0.301478,0.304731,0.114823,508.051179
-0.287611,0.387547,0.067818,0.105356,0.029368,0.001787,0.387257,0.384034,0.388609,0.240772,508.709151
-0.287611,0.270664,-0.137047,-0.097661,0.194997,0.153645,0.272546,0.269863,0.272662,0.399908,508.932216
-0.287611,-0.219624,0.190759,0.167401,0.015608,0.039769,-0.220927,-0.216336,-0.21996,-0.244414,509.365291
-0.287611,0.191335,0.190759,0.167401,0.054858,0.077733,0.190688,0.18962,0.191261,-0.182633,507.410091
-0.287611,0.454254,0.108774,0.136886,0.216187,0.191595,0.455156,0.449708,0.455775,0.224261,510.439027
-0.287611,0.239369,-0.014156,-0.014774,0.237752,0.229551,0.241075,0.238362,0.239754,0.211858,505.122757
-0.287611,0.048589,0.190753,0.189306,0.072154,0.077728,0.047809,0.048613,0.048786,-0.06958,509.789172
-0.287611,0.447473,-0.219023,-0.24113,-0.241471,-0.22602,0.447254,0.4449,0.446756,0.061715,495.146443
-0.287611,-0.239306,0.190759,0.222876,-0.057967,-0.074124,-0.241491,-0.235825,-0.239681,0.090753,510.439027
-0.287611,0.328938,0.149737,0.135209,0.338205,0.343444,0.3306,0.325841,0.3294,0.034694,507.621907
-0.287611,0.323069,-0.014126,0.019457,-0.127165,-0.150067,0.322097,0.320854,0.32308,0.260341,503.835291
-0.287611,0.503261,0.067834,0.082541,0.16813,0.153657,0.50417,0.498319,0.503752,0.147166,505.341469
-0.287611,0.154416,0.190759,0.189306,0.189826,0.191625,0.154574,0.153178,0.154831,-0.006872,509.789172
-0.287611,0.430874,-0.54678,-0.561794,-2.019838,-1.972348,0.420732,0.430336,0.420174,0.238366,450.876923
-0.287611,0.139649,0.190711,0.178306,0.102705,0.115658,0.139233,0.138595,0.139465,-0.083812,507.621907
-0.287611,0.250407,0.190713,0.189306,0.150598,0.153624,0.250372,0.247953,0.251023,-0.028434,509.789172
-0.287611,-0.005552,0.190759,0.178306,0.18119,0.191625,-0.005528,-0.004809,-0.005464,-0.083812,509.576295
-0.287611,0.421547,-0.014109,0.019457,0.303456,0.267552,0.423671,0.418146,0.423149,0.345009,508.709151
-0.287611,0.421547,-0.014109,0.019457,0.303456,0.267552,0.423671,0.418146,0.423149,0.345009,508.709151
-0.287611,0.421547,-0.014109,0.019457,0.303456,0.267552,0.423671,0.418146,0.423149,0.345009,508.709151
-0.287611,-0.106442,0.190711,0.211591,0.16813,0.153623,-0.106786,-0.10448,-0.106847,0.125965,509.244539
-0.287611,0.336323,0.149762,0.179877,0.098669,0.077714,0.336056,0.333024,0.336801,0.203236,508.487955
-0.287611,0.137187,0.190714,0.189306,0.268292,0.267518,0.137895,0.1362,0.137567,0.038208,509.789172
-0.287611,0.04564,0.108765,0.15984,0.194997,0.153623,0.045911,0.046233,0.045747,0.378597,508.932216
-0.287611,-0.003091,0.190711,0.222876,0.372933,0.343444,-0.00192,-0.002303,-0.002998,0.314712,510.439027
-0.287611,0.085504,0.190713,0.200401,0.316192,0.305481,0.086454,0.085197,0.085491,0.162082,509.027504
-0.287611,0.331637,0.190711,0.211591,0.285724,0.267515,0.332508,0.328233,0.332145,0.214616,509.244539
-0.287611,0.294,0.067791,0.116906,0.273286,0.229551,0.295274,0.291738,0.295143,0.399908,509.906854
-0.287611,0.471722,0.149738,0.168568,0.285724,0.267515,0.472952,0.466813,0.472221,0.262741,507.292815
-0.287611,-0.00063,0.190717,0.245729,-0.117992,-0.150086,-0.003144,-0.000071,-0.00082,0.231144,509.906854
-0.287611,-0.044924,0.190711,0.167401,0.251164,0.267515,-0.044359,-0.043661,-0.044916,-0.114845,509.365291
-0.287611,0.371023,0.190712,0.200401,0.198537,0.191588,0.371377,0.367086,0.371617,0.09215,509.027504
-0.287611,-0.071992,0.190711,0.189306,0.307531,0.30548,-0.071159,-0.070378,-0.072038,0.061715,509.789172
-0.287611,0.048589,0.190712,0.234255,0.107659,0.077695,0.047809,0.048613,0.048786,0.240772,510.659378
-0.287611,-0.989119,0.231732,0.178458,-0.088401,-0.03616,-0.991874,-0.97714,-0.991104,-0.515789,508.74355
-0.287611,0.053511,0.190755,0.234255,0.303456,0.26755,0.054151,0.053561,0.053718,0.345009,510.659378
-0.287611,0.416856,0.026859,0.050922,0.059504,0.039763,0.417101,0.413284,0.417115,0.268225,504.58696
1.833876,0.412637,0.149737,0.191282,0.342628,0.305479,0.414091,0.40848,0.413004,0.415102,507.734182
-0.287611,0.446868,0.108773,0.15984,0.273286,0.229558,0.448037,0.442451,0.448098,0.421847,509.906854
-0.287611,0.513575,0.149738,0.168568,0.246522,0.229551,0.514571,0.508059,0.51499,0.169011,510.220541
-0.287611,-0.401417,0.231684,0.189052,-0.040695,0.001766,-0.40342,-0.396215,-0.402356,-0.419081,508.948917
-0.287611,0.418387,-0.137073,-0.120923,0.098669,0.077697,0.419838,0.415772,0.419035,0.33889,502.637046
-0.287611,0.483798,0.108765,0.15984,0.155859,0.115659,0.484183,0.478875,0.484832,0.378597,508.932216
-0.287611,0.393179,0.190712,0.211591,0.207324,0.191588,0.393553,0.388944,0.394098,0.147166,510.220541
-0.287611,-0.300559,0.231684,0.189052,0.116446,0.153623,-0.301308,-0.296458,-0.301897,-0.291309,506.99211
-0.287611,0.287091,0.149766,0.202781,0.155859,0.115682,0.287052,0.284446,0.287183,0.399908,507.957675
-0.287611,0.480637,-0.014128,0.031058,0.234139,0.191609,0.482263,0.476497,0.481543,0.444407,506.008893
-0.287611,-0.293178,0.231685,0.077801,0.147249,0.267516,-0.293042,-0.289148,-0.29391,-1.102995,506.793844
-0.287611,0.218409,0.190711,0.234255,0.185966,0.153623,0.218345,0.216356,0.218957,0.280553,510.659378
-0.287611,0.547526,-0.382916,-0.354904,-0.313473,-0.339912,0.547526,0.544553,0.547422,0.444407,494.324792
-0.287611,0.353554,0.149738,0.179877,0.137837,0.115659,0.353579,0.350108,0.353239,0.291156,505.562063
-0.287611,0.30456,0.190711,0.211591,0.246522,0.229551,0.305129,0.30146,0.30529,0.169011,510.220541
-0.287611,0.252869,0.190711,0.211591,0.324929,0.30548,0.253952,0.250474,0.253208,0.238366,509.244539
-0.287611,0.379927,0.026817,0.073978,0.312436,0.267515,0.381784,0.376883,0.380931,0.491376,507.957675
-0.287611,0.313693,0.067791,0.14029,0.174183,0.115658,0.314155,0.311201,0.314042,0.575676,507.436696
-0.287611,0.297175,0.190711,0.211591,0.285724,0.267515,0.298016,0.294205,0.297609,0.214616,509.244539
-0.287611,0.189115,0.231684,0.221409,0.102705,0.115658,0.188503,0.187189,0.189077,-0.105559,508.599056
-0.287611,0.267637,0.190759,0.257297,0.086755,0.039769,0.266789,0.264935,0.268008,0.396191,510.131356
-0.287611,0.467033,0.190759,0.211591,0.246522,0.229589,0.46775,0.461896,0.467836,0.191496,509.244539
1.833876,-0.703924,0.231684,0.254621,0.246522,0.229551,-0.704346,-0.695029,-0.706036,0.214616,508.26863
-0.287611,-0.241515,0.231714,0.199742,0.164147,0.191611,-0.241927,-0.238143,-0.242146,-0.237529,509.156165
1.833876,-0.160324,0.231684,0.254621,0.011393,0.001766,-0.162112,-0.158017,-0.161087,0.047688,509.244539
-0.287611,0.169183,0.190712,0.245729,0.273286,0.229552,0.169635,0.167797,0.169345,0.421847,509.906854
-0.287611,0.525886,0.149737,0.191282,0.342628,0.305479,0.527438,0.520286,0.526779,0.415102,508.709151
-0.287611,0.120202,0.231732,0.221409,0.141946,0.153661,0.119807,0.119133,0.120303,-0.105559,509.576295
-0.287611,-0.305479,0.231684,0.254621,0.207324,0.191587,-0.305939,-0.3013,-0.306826,0.191496,508.26863
-0.287611,0.080826,0.231687,0.232384,0.032937,0.039732,0.07955,0.080195,0.080845,-0.089155,509.789172
-0.287611,0.561661,-0.055102,-0.000133,0.204104,0.153644,0.563317,0.556706,0.562706,0.521115,505.261319
-0.287611,0.329176,0.19072,0.257297,0.086755,0.039737,0.328389,0.325685,0.329958,0.377581,511.105664
-0.287611,0.420258,0.190712,0.257297,0.204104,0.153624,0.420384,0.415663,0.421235,0.435322,511.105664
-0.287611,0.469495,0.190719,0.222876,0.294552,0.267522,0.470488,0.464363,0.469753,0.314712,507.512561
-0.287611,-0.13818,0.231694,0.265881,0.059504,0.039738,-0.139662,-0.136111,-0.138898,0.163122,509.463443
-0.287611,0.341484,0.190711,0.257297,0.243229,0.191587,0.34181,0.337902,0.342292,0.455835,511.105664
-0.287611,0.35133,0.190759,0.257297,0.125867,0.077733,0.35084,0.347591,0.351881,0.415439,510.131356
-0.287611,0.55874,-0.137063,-0.074016,0.33062,0.267525,0.561665,0.554257,0.561871,0.575676,511.331595
-0.287611,0.55874,-0.137063,-0.074016,0.33062,0.267525,0.561665,0.554257,0.561871,0.575676,511.331595
-0.287611,0.280184,0.231732,0.243455,0.120119,0.115697,0.27966,0.277137,0.280062,0.070121,508.051179
-0.287611,0.144813,0.231684,0.243455,0.159326,0.153623,0.14444,0.143456,0.144681,0.070121,509.027504
-0.287611,0.584283,0.026817,0.062403,0.225126,0.191587,0.585768,0.578639,0.584917,0.439697,504.809865
-0.287611,0.498803,0.149738,0.214375,0.164984,0.115659,0.49897,0.493442,0.499911,0.435322,510.131356
-0.287611,-0.118496,0.231684,0.243455,0.237752,0.229551,-0.118523,-0.116578,-0.119174,0.114823,509.027504
-0.287611,0.501499,0.190711,0.200401,0.316192,0.305479,0.502796,0.495961,0.502378,0.162082,509.027504
-0.287611,0.569509,0.026817,0.085649,0.243229,0.191587,0.570981,0.564016,0.570651,0.544109,507.20903
-0.287611,0.547812,0.108812,0.183173,0.291504,0.229589,0.549072,0.542087,0.549534,0.554089,511.331595
-0.287611,0.574203,-0.014129,0.054546,0.33062,0.267537,0.576452,0.568841,0.576403,0.575676,510.357718
-0.287611,0.49741,-0.096073,-0.031169,0.213286,0.153646,0.499241,0.49353,0.498544,0.620689,505.489861
-0.287611,0.021518,0.190712,0.222876,0.412129,0.381409,0.022993,0.022043,0.021373,0.363684,509.463443
-0.287611,-2.03366,0.149737,0.179877,0.372933,0.343444,-2.03276,-2.009871,-2.037193,0.363684,508.487955
-0.287611,0.277723,0.231704,0.265881,0.020343,0.001782,0.276369,0.274628,0.278156,0.125617,510.439027
1.833876,0.503727,0.149748,0.226063,0.056901,0.001774,0.503088,0.498271,0.504572,0.473957,509.383942
-0.287611,0.070982,0.231684,0.243455,0.237752,0.229551,0.071108,0.070575,0.070694,0.114823,509.027504
-0.287611,0.304799,0.231684,0.221409,0.298946,0.30548,0.305686,0.301516,0.30501,0.009707,508.599056
-0.287611,0.577985,-0.219003,-0.159687,0.174183,0.115674,0.5803,0.573739,0.579981,0.620689,505.489861
-0.287611,0.582282,0.108764,0.148315,0.225126,0.191587,0.583304,0.576208,0.582449,0.439697,504.809865
-0.287611,0.144571,0.190711,0.26896,-0.060344,-0.112127,0.14249,0.143348,0.144681,0.403962,510.357718
1.833876,0.233418,0.231699,0.254621,0.246522,0.229563,0.233684,0.230974,0.233757,0.169011,510.220541
-0.287611,0.208564,0.190711,0.245729,0.116725,0.077694,0.207934,0.206617,0.208809,0.337869,509.906854
-0.287611,0.191335,0.190711,0.245729,0.42991,0.381408,0.192932,0.189751,0.191544,0.515776,509.906854
1.833876,-0.243975,0.231684,0.300227,0.204104,0.153623,-0.24468,-0.240592,-0.244906,0.435322,510.131356
-0.287611,0.557893,0.149739,0.214375,0.164984,0.115659,0.558118,0.551792,0.558857,0.455835,509.157147
-0.287611,0.5185,0.149737,0.214375,0.125867,0.077694,0.518415,0.512994,0.517744,0.567711,503.314017
-0.287611,0.663999,0.190711,0.200401,0.237752,0.229551,0.664906,0.656397,0.664431,0.186658,506.098805
-0.287611,0.265416,0.231684,0.265881,0.255368,0.229551,0.265711,0.262589,0.265542,0.268225,509.463443
-0.287611,0.314645,0.231732,0.265881,0.255368,0.229589,0.314984,0.311183,0.314877,0.245926,509.463443
-0.287611,0.361414,0.231713,0.265881,0.17701,0.153645,0.361246,0.357329,0.362027,0.203236,510.439027
-0.287611,0.232698,0.108764,0.171459,0.125867,0.077694,0.232571,0.23103,0.231796,0.544109,504.287616
-0.287611,0.361414,0.231699,0.265881,0.216187,0.191599,0.361521,0.357364,0.361749,0.245926,509.463443
-0.287611,0.405724,0.231684,0.277235,0.264289,0.229551,0.406148,0.401132,0.406156,0.345009,509.684216
-0.287611,0.107897,0.231684,0.288684,0.312436,0.267515,0.108337,0.107033,0.107972,0.421847,510.881591
-0.287611,0.545815,0.190711,0.245729,0.35159,0.305479,0.547152,0.53973,0.546519,0.491376,508.932216
-0.287611,0.184192,0.231719,0.288684,0.116725,0.077723,0.183297,0.182295,0.184427,0.318462,510.881591
-0.287611,0.567741,0.149737,0.226063,0.44799,0.381408,0.569876,0.561605,0.569273,0.644105,511.331595
-0.287611,0.171886,0.231714,0.277235,0.342628,0.305503,0.172662,0.170266,0.171812,0.391119,509.684216
-0.287611,0.152197,0.231684,0.277235,0.342628,0.305479,0.152956,0.150822,0.152081,0.391119,509.684216
-0.287611,0.432803,0.231702,0.277235,0.225126,0.191601,0.432978,0.42785,0.433294,0.322892,509.684216
-0.287611,0.430105,0.190711,0.234255,0.420982,0.381408,0.43189,0.425514,0.430827,0.439697,509.684216
-0.287611,0.208805,0.231684,0.288684,0.194997,0.153623,0.208491,0.206634,0.209091,0.357915,510.881591
1.833876,0.230957,0.231698,0.277235,0.303456,0.267526,0.2315,0.228562,0.23129,0.345009,510.659378
-0.287611,-0.229214,0.231684,0.277235,0.381803,0.343444,-0.228447,-0.225893,-0.230115,0.415102,509.684216
-0.287611,0.561891,-0.014156,0.054546,0.174183,0.115658,0.563047,0.556725,0.562706,0.620689,505.489861
-0.287611,0.506423,0.190711,0.245729,0.42991,0.381408,0.508273,0.500861,0.507313,0.515776,509.906854
-0.287611,0.516271,0.190711,0.245729,0.312436,0.267515,0.517308,0.510583,0.516362,0.515776,506.983234
-0.287611,0.319568,0.231684,0.277235,0.303456,0.267515,0.320189,0.31608,0.319811,0.367753,509.684216
-0.287611,0.157119,0.231732,0.300227,0.164984,0.115697,0.156477,0.155592,0.157013,0.435322,510.131356
-0.287611,0.654381,0.231684,0.199742,0.203428,0.229551,0.655047,0.646694,0.65429,-0.090936,504.266794
-0.287611,0.356491,0.231684,0.288684,0.35159,0.305479,0.357423,0.352558,0.356815,0.467585,509.906854
-0.287611,0.39564,0.190739,0.26896,0.213286,0.153645,0.395743,0.391374,0.396287,0.533119,510.357718
-0.287611,0.4498,0.190722,0.26896,0.056901,0.001775,0.448868,0.444783,0.450565,0.455499,510.357718
-0.287611,0.439717,0.149737,0.214375,0.360627,0.305479,0.441194,0.435216,0.44042,0.567711,509.157147
-0.287611,0.541125,0.231684,0.254621,0.442568,0.419372,0.543044,0.534889,0.542131,0.287737,510.220541
-0.287611,0.558512,-0.17802,-0.104863,0.144378,0.077717,0.560314,0.554294,0.559698,0.697324,503.774751
-0.287611,0.621448,0.067791,0.14029,0.291504,0.229551,0.623007,0.615077,0.622206,0.644105,506.463227
-0.287611,0.558969,-0.096073,-0.01923,0.222544,0.153646,0.560853,0.554294,0.560238,0.697324,505.720278
-0.287611,0.558969,-0.096073,-0.01923,0.222544,0.153646,0.560853,0.554294,0.560238,0.697324,505.720278
-0.287611,0.632163,-0.219023,-0.159687,-0.099417,-0.150091,0.632663,0.627192,0.632674,0.597878,499.651879
-0.287611,0.378646,0.231684,0.277235,0.303456,0.267515,0.37932,0.374414,0.379018,0.367753,509.684216
-0.287611,0.486493,0.149738,0.237845,0.222544,0.153623,0.486919,0.481305,0.487574,0.610447,510.585938
-0.287611,0.425418,0.231684,0.277235,0.303456,0.267515,0.426135,0.420595,0.425893,0.367753,509.684216
-0.287611,0.380633,0.149738,0.226063,0.174183,0.115658,0.380684,0.376863,0.380104,0.620689,505.489861
-0.287611,0.075904,0.231687,0.300227,0.164984,0.115661,0.075186,0.075366,0.074772,0.415439,507.20903
-0.287611,0.070494,0.149737,0.237845,0.457142,0.381408,0.072247,0.070634,0.07098,0.720557,511.559381
-0.287611,0.248186,0.231698,0.311863,0.135085,0.077706,0.247354,0.245491,0.248556,0.473957,511.331595
-0.287611,0.494114,0.190711,0.26896,0.174183,0.115658,0.494041,0.488581,0.494976,0.512771,510.357718
-0.287611,0.494114,0.190711,0.26896,0.174183,0.115658,0.494041,0.488581,0.494976,0.512771,510.357718
-0.287611,0.477115,0.231684,0.277235,0.264289,0.229551,0.477607,0.4716,0.47798,0.322892,510.659378
-0.287611,0.67562,0.067791,0.128551,0.204104,0.153623,0.676694,0.668549,0.676234,0.567711,505.261319
-0.287611,0.591632,-0.423889,-0.361578,-0.246187,-0.301948,0.592165,0.588268,0.592649,0.63125,497.94076
-0.287611,0.48919,0.190711,0.257297,0.438913,0.381408,0.491024,0.483847,0.490042,0.591918,510.131356
-0.287611,0.521195,0.190711,0.26896,0.408862,0.343444,0.522783,0.515424,0.522118,0.644105,510.357718
-0.287611,0.422956,0.231684,0.300227,0.438913,0.381408,0.424499,0.418222,0.423426,0.591918,510.131356
-0.287611,0.606905,0.108792,0.183173,0.291504,0.229573,0.608219,0.600475,0.607939,0.620689,508.410267
-0.287611,0.550973,0.231684,0.277235,0.303456,0.267515,0.551808,0.544535,0.551727,0.345009,509.684216
-0.287611,0.589669,0.108764,0.194981,0.300726,0.229551,0.590968,0.583424,0.591209,0.652666,510.585938
-0.287611,0.358953,0.231684,0.300227,0.243229,0.191587,0.359057,0.354916,0.359282,0.455835,510.131356
-0.287611,0.673848,0.190711,0.245729,0.155859,0.115658,0.673962,0.666119,0.673498,0.491376,504.060512
-0.287611,0.643151,-0.014156,0.054546,0.017815,-0.036199,0.643317,0.636897,0.643613,0.575676,503.543444
-0.287611,-0.547052,0.149737,0.226063,0.408862,0.343444,-0.545957,-0.53941,-0.548352,0.668123,509.383942
-0.287611,0.579589,0.067791,0.152124,0.378926,0.305479,0.581652,0.573758,0.581066,0.720557,509.612598
-0.287611,0.186412,0.190711,0.280716,0.378926,0.30548,0.187441,0.184869,0.186328,0.720557,509.612598
-0.287611,0.427643,0.190711,0.280716,0.105302,0.03973,0.426959,0.422923,0.42836,0.551761,510.585938
-0.287611,0.511582,0.231732,0.277235,0.264289,0.229589,0.512107,0.505646,0.512248,0.345009,509.684216
-0.287611,0.592595,0.190711,0.257297,0.399768,0.343444,0.594246,0.58593,0.593404,0.591918,509.157147
3.955363,0.368799,0.231732,0.311863,0.135085,0.077733,0.368089,0.364605,0.36915,0.493049,510.357718
-0.287611,0.30456,0.190712,0.280716,0.261633,0.191587,0.304852,0.30146,0.30501,0.63125,510.585938
-0.287611,0.036039,0.149737,0.249721,0.270948,0.191587,0.036342,0.036547,0.035597,0.729705,508.870317
-0.287611,0.29003,0.231684,0.311863,0.33062,0.267515,0.290625,0.286914,0.290209,0.597878,510.357718
-0.287611,0.432469,-0.259996,-0.178324,-0.158594,-0.22602,0.432465,0.430281,0.432486,0.708457,499.148275
-0.287611,0.240802,0.231732,0.323594,0.027162,-0.03616,0.239134,0.238169,0.240875,0.515776,510.585938
-0.287611,0.501734,0.231684,0.300227,0.32149,0.267515,0.502522,0.495924,0.502378,0.498736,510.131356
1.833876,0.548511,0.231684,0.311863,0.33062,0.267515,0.549344,0.542104,0.549534,0.575676,511.331595
-0.287611,0.536201,0.231711,0.300227,-0.225989,-0.263962,0.533263,0.529989,0.532877,0.544109,495.52901
-0.287611,0.501499,0.190723,0.280716,0.418032,0.343454,0.50307,0.49598,0.502378,0.720557,510.585938
-0.287611,0.582979,0.231684,0.277235,-0.479116,-0.491769,0.578529,0.576208,0.577678,0.439697,487.283285
-0.287611,0.617216,0.190711,0.26896,0.291504,0.229551,0.618078,0.610197,0.61781,0.620689,508.410267
-0.287611,0.567741,0.14975,0.237845,0.378926,0.305489,0.56933,0.561605,0.568727,0.720557,509.612598
-0.287611,0.415571,0.231731,0.323594,0.06623,0.001804,0.414365,0.410755,0.416024,0.533452,510.585938
-0.287611,0.506658,0.231713,0.300227,0.243229,0.19161,0.506906,0.500785,0.507039,0.498736,509.157147
-0.287611,0.422956,0.231684,0.311863,0.33062,0.267515,0.423671,0.418146,0.423703,0.575676,511.331595
-0.287611,0.452497,0.231684,0.311863,0.252393,0.191587,0.452692,0.447277,0.453032,0.533119,510.357718
-0.287611,0.403262,0.231732,0.323594,0.183459,0.115697,0.402861,0.398649,0.403689,0.590262,510.585938
-0.287611,0.671616,0.231684,0.277235,0.381803,0.343444,0.673108,0.663708,0.672373,0.439697,508.709151
-0.287611,0.621909,0.149737,0.237845,0.378926,0.305479,0.623547,0.615097,0.622746,0.744388,508.639361
-0.287611,0.331875,0.231732,0.323594,0.105302,0.039769,0.330853,0.32813,0.332145,0.551761,510.585938
-0.287611,0.390954,0.231684,0.323594,0.457142,0.381408,0.39247,0.386605,0.391631,0.720557,511.559381
-0.287611,0.474654,0.231688,0.311863,0.33062,0.267518,0.475416,0.469206,0.475238,0.597878,510.357718
-0.287611,0.489425,0.231684,0.311863,0.33062,0.267515,0.490201,0.483771,0.490317,0.575676,511.331595
-0.287611,0.511582,0.231732,0.323594,0.027162,-0.03616,0.510213,0.505548,0.511974,0.533452,509.612598
-0.287611,0.393416,0.231684,0.323594,0.418032,0.343444,0.394656,0.389016,0.394098,0.697324,511.559381
-0.287611,0.629527,0.190711,0.26896,0.33062,0.267515,0.63067,0.622369,0.630149,0.644105,508.410267
-0.287611,0.484501,0.231686,0.323594,0.378926,0.305481,0.485547,0.478928,0.485382,0.674692,511.559381
-0.287611,0.440188,0.231684,0.323594,0.339824,0.267515,0.440919,0.435178,0.440696,0.674692,510.585938
-0.287611,0.638455,0.026817,0.109274,0.261633,0.191587,0.63999,0.632111,0.639213,0.744388,505.720278
-0.287611,0.675421,-0.874596,-0.831479,-2.191575,-2.200159,0.666088,0.67343,0.66538,0.744388,444.668416
-0.287611,0.648534,0.067791,0.152124,0.222544,0.153623,0.649581,0.641813,0.649085,0.720557,505.720278
-0.287611,0.545815,0.190711,0.280716,0.457142,0.381408,0.547698,0.53975,0.546792,0.744388,510.585938
-0.287611,-0.162785,0.231732,0.335418,0.192809,0.115697,-0.163713,-0.160383,-0.163553,0.667794,510.816014
-0.287611,0.679861,-0.055129,0.023597,-0.986982,-1.023268,0.673597,0.67343,0.672883,0.744388,474.646184
-0.287611,0.565745,0.231732,0.323594,0.261633,0.191625,0.566052,0.559084,0.566806,0.610447,511.559381
-0.287611,0.585441,0.231694,0.311863,0.291504,0.229559,0.586039,0.578581,0.586001,0.597878,509.383942
-0.287611,0.597752,0.231684,0.311863,0.33062,0.267515,0.598632,0.590734,0.598611,0.597878,510.357718
-0.287611,0.634452,0.190711,0.280716,0.457142,0.381408,0.636412,0.62725,0.635627,0.744388,510.585938
-0.287611,0.649225,0.190711,0.280716,0.378926,0.305479,0.650657,0.641794,0.650433,0.697324,510.585938
-0.287611,0.676541,0.231684,0.300227,-0.733593,-0.757519,0.670432,0.668569,0.66971,0.591918,480.951141
-0.287611,0.676541,0.231684,0.300227,0.047647,0.001766,0.675629,0.668494,0.675967,0.498736,504.287616
-0.287611,0.624835,0.231732,0.311863,0.369739,0.305518,0.626012,0.61747,0.626028,0.597878,511.331595
-0.287611,0.602676,0.231684,0.311863,0.291504,0.229551,0.60329,0.595614,0.603003,0.620689,508.410267
-0.287611,0.580517,0.231732,0.323594,0.300726,0.229589,0.58111,0.573702,0.581338,0.652666,510.585938
-0.287611,0.577822,0.190711,0.280716,0.457142,0.381408,0.579733,0.571347,0.578871,0.744388,510.585938
-0.287611,0.558359,0.231684,0.323594,0.339824,0.267515,0.559201,0.551827,0.559404,0.652666,511.559381
-0.287611,0.627297,0.231684,0.323594,0.418032,0.343444,0.628747,0.619938,0.628224,0.720557,510.585938
-0.287611,0.627297,0.231684,0.323594,0.418032,0.343444,0.628747,0.619938,0.628224,0.720557,510.585938
-0.287611,0.627297,0.231684,0.323594,0.418032,0.343444,0.628747,0.619938,0.628224,0.720557,510.585938
-0.287611,0.627297,0.231684,0.323594,0.418032,0.343444,0.628747,0.619938,0.628224,0.720557,510.585938
3.955363,0.277723,0.231732,0.335418,0.192809,0.115697,0.277197,0.27469,0.277875,0.667794,510.816014
-0.287611,0.491887,0.231684,0.335418,0.270948,0.191587,0.49212,0.486184,0.492509,0.708457,510.816014
-0.287611,0.553435,0.231684,0.323594,0.339824,0.267515,0.554272,0.546966,0.554469,0.652666,511.559381
-0.287611,0.553435,0.231684,0.323594,0.339824,0.267515,0.554272,0.546966,0.554469,0.652666,511.559381
-0.287611,0.610062,0.231684,0.323594,0.378926,0.305479,0.611225,0.602887,0.611222,0.674692,511.559381
-0.287611,0.523891,0.231684,0.323594,0.457142,0.381408,0.525521,0.517855,0.52486,0.720557,511.559381
-0.287611,0.646994,0.231684,0.311863,0.369739,0.305479,0.648192,0.639364,0.647966,0.620689,510.357718
-0.287611,0.641377,0.108812,0.206883,0.388187,0.305518,0.643263,0.634503,0.64303,0.774013,510.816014
-0.287611,0.679003,0.231684,0.311863,0.252393,0.191587,0.679426,0.67098,0.67897,0.644105,506.463227
-0.287611,0.679003,0.231684,0.311863,0.291504,0.229551,0.679694,0.670943,0.679508,0.597878,508.410267
-0.287611,0.679003,0.231684,0.311863,0.252393,0.191587,0.679426,0.670925,0.679508,0.575676,508.410267
-0.287611,0.679003,0.231684,0.311863,0.291504,0.229551,0.679694,0.670943,0.679777,0.597878,509.383942
-0.287611,0.663768,0.149737,0.249721,0.310023,0.229551,0.664906,0.656397,0.664431,0.797066,507.897627
-0.287611,0.654381,0.231728,0.323594,0.378926,0.305514,0.655586,0.646637,0.65564,0.674692,511.559381
-0.287611,0.605138,0.231684,0.323594,0.418032,0.343444,0.606568,0.598063,0.606014,0.720557,510.585938
-0.287611,0.64207,0.231684,0.323594,0.418032,0.343444,0.643534,0.634541,0.642759,0.744388,509.612598
-0.287611,0.666461,0.190711,0.292566,0.427275,0.343444,0.668179,0.658847,0.667438,0.820712,509.843113
-0.287611,0.634684,0.231684,0.335418,0.427275,0.343444,0.636141,0.627211,0.635898,0.774013,511.789019
-0.287611,0.506658,0.231684,0.335418,0.427275,0.343444,0.507998,0.500822,0.507588,0.774013,511.789019
-0.287611,0.570669,0.231684,0.335418,0.427275,0.343444,0.572067,0.564036,0.571468,0.797066,510.816014
-0.287611,0.627297,0.231684,0.335418,0.349103,0.267515,0.628206,0.619883,0.628495,0.729705,511.789019
-0.287611,0.656612,0.190711,0.292566,0.349103,0.267515,0.657781,0.649105,0.657296,0.797066,508.870317
-0.287611,0.683467,0.149737,0.249721,-0.275647,-0.339912,0.68066,0.675822,0.680467,0.774013,494.291412
-0.287611,0.681465,0.231684,0.323594,0.222544,0.153623,0.681623,0.673338,0.682245,0.63125,509.612598
-0.287611,0.679003,0.231684,0.323594,0.418032,0.343444,0.680502,0.671,0.679777,0.744388,509.612598
-0.287611,0.681465,0.231684,0.323594,0.378926,0.305479,0.682697,0.673411,0.682245,0.720557,509.612598
-0.287611,0.654381,0.231684,0.335418,0.388187,0.305479,0.655586,0.646655,0.655369,0.774013,510.816014
-0.287611,0.656843,0.231684,0.335418,0.388187,0.305479,0.658051,0.649105,0.657566,0.797066,509.843113
-0.287611,0.671616,0.231684,0.335418,0.427275,0.343444,0.673108,0.663708,0.672373,0.820712,509.843113
-0.287611,0.671616,0.231684,0.335418,0.466368,0.381408,0.673379,0.663708,0.672644,0.820712,510.816014
-0.287611,-0.440516,0.272658,0.242899,0.007058,0.03973,-0.442515,-0.435088,-0.441787,-0.32198,509.156165
-0.287611,0.683928,0.231684,0.335418,0.270948,0.191587,0.684356,0.675861,0.683639,0.820712,505.952567
-0.287611,0.683928,0.231684,0.335418,0.349103,0.267515,0.684892,0.675861,0.684175,0.820712,507.897627
-0.287611,0.683928,0.231684,0.335418,0.349103,0.267515,0.684892,0.675822,0.684444,0.774013,508.870317
-0.287611,-0.260944,0.272658,0.264518,0.063468,0.077694,-0.262497,-0.25764,-0.261866,-0.147061,509.576295
-0.287611,0.263195,0.272661,0.264518,0.18119,0.191589,0.262969,0.260123,0.263356,-0.083812,509.576295
-0.287611,-0.012441,0.272657,0.253661,0.054858,0.077694,-0.01377,-0.012135,-0.01315,-0.203901,508.387647
-0.287611,-0.029666,0.272658,0.253661,0.133369,0.153623,-0.030442,-0.029132,-0.030122,-0.182633,509.365291
-0.287611,0.369037,0.272671,0.264518,0.102705,0.115669,0.368363,0.364605,0.369428,-0.126644,509.576295
-0.287611,0.405724,0.231684,0.347336,0.475668,0.381408,0.407252,0.401208,0.406156,0.897095,511.047943
-0.287611,0.38873,0.27267,0.275469,0.111374,0.115669,0.388076,0.384049,0.389164,-0.049338,509.789172
-0.287611,0.629992,0.272657,0.140544,-0.625848,-0.491769,0.625377,0.622098,0.629879,-1.273492,503.241493
-0.287611,0.049078,0.2727,0.286516,0.198537,0.191621,0.048657,0.048664,0.048786,0.070121,510.003922
1.833876,-0.061655,0.272658,0.308892,0.17701,0.153623,-0.062458,-0.060729,-0.062176,0.203236,510.439027
-0.287611,0.46258,0.272669,0.320222,0.225126,0.191596,0.462549,0.457,0.463177,0.301405,510.659378
-0.287611,-0.04443,0.272657,0.343163,0.125867,0.077694,-0.045789,-0.043732,-0.045205,0.415439,510.131356
-0.287611,0.386268,0.27267,0.297657,0.16813,0.153633,0.385886,0.381635,0.386697,0.125965,510.220541
-0.287611,0.386268,0.272693,0.331645,0.194997,0.153651,0.385886,0.381635,0.386419,0.357915,509.906854
-0.287611,0.440425,0.272658,0.308892,-0.057967,-0.074163,0.438469,0.43516,0.438504,0.268225,501.662237
-0.287611,0.250888,0.272705,0.343163,0.204104,0.153661,0.250372,0.247953,0.251023,0.435322,511.105664
-0.287611,0.457657,0.27266,0.331645,0.273286,0.229553,0.457894,0.452156,0.458243,0.399908,510.881591
-0.287611,0.211508,0.272658,0.308892,0.294552,0.267516,0.211793,0.209136,0.211276,0.291156,509.463443
-0.287611,0.67631,0.190711,0.304509,0.280337,0.191587,0.676961,0.668569,0.676234,0.897095,506.186724
-0.287611,0.428116,0.272666,0.331645,0.35159,0.305486,0.428874,0.423025,0.428637,0.444407,510.881591
-0.287611,0.38873,0.272674,0.308892,0.216187,0.1916,0.388625,0.384082,0.389164,0.224261,510.439027
-0.287611,0.514279,0.272659,0.343163,0.282357,0.229552,0.514571,0.508059,0.51499,0.476974,511.105664
-0.287611,0.556131,0.272658,0.297657,0.324929,0.305479,0.557009,0.549433,0.556662,0.238366,509.244539
-0.287611,0.32473,0.272686,0.343163,0.32149,0.267538,0.325117,0.320923,0.325024,0.498736,511.105664
-0.287611,0.48966,0.272662,0.343163,0.282357,0.229555,0.489928,0.483753,0.490317,0.476974,511.105664
-0.287611,0.405961,0.272658,0.354774,0.369739,0.30548,0.406699,0.40115,0.406433,0.597878,511.331595
-0.287611,0.674079,0.231684,0.347336,0.475668,0.381408,0.675843,0.666138,0.675111,0.897095,511.047943
-0.287611,0.51674,0.272657,0.331645,0.312436,0.267515,0.517308,0.510525,0.517183,0.444407,509.906854
-0.287611,0.474889,0.272666,0.343163,0.360627,0.305486,0.475691,0.469206,0.475513,0.521115,511.105664
-0.287611,0.487198,0.272658,0.343163,0.282357,0.229551,0.487464,0.481323,0.487574,0.476974,510.131356
-0.287611,0.430578,0.272657,0.343163,0.164984,0.115658,0.429968,0.425456,0.429726,0.521115,506.235123
-0.287611,0.51674,0.272666,0.331645,0.312436,0.267522,0.517308,0.510507,0.517457,0.421847,510.881591
1.833876,0.073687,0.272657,0.366479,0.183459,0.115658,0.072723,0.072969,0.072875,0.610447,509.612598
-0.287611,0.428116,0.272658,0.354774,0.174183,0.115658,0.427503,0.423007,0.427533,0.575676,507.436696
-0.287611,0.506893,0.272657,0.354774,0.213286,0.153623,0.506634,0.500733,0.507588,0.512771,511.331595
-0.287611,0.095836,0.272657,0.366479,0.378926,0.305479,0.096306,0.094919,0.095356,0.697324,510.585938
-0.287611,0.442886,0.272681,0.354774,0.252393,0.191605,0.442835,0.437555,0.44344,0.533119,511.331595
-0.287611,0.551207,0.272686,0.331645,0.35159,0.305502,0.55208,0.544553,0.552001,0.444407,510.881591
-0.287611,0.563517,0.272657,0.331645,0.390748,0.343444,0.564674,0.556744,0.564065,0.491376,509.906854
-0.287611,0.558593,0.272657,0.331645,0.390748,0.343444,0.559746,0.551883,0.55913,0.491376,509.906854
-0.287611,0.376422,0.272657,0.354774,0.408862,0.343444,0.37741,0.372022,0.376551,0.644105,510.357718
-0.287611,0.233659,0.272657,0.366479,0.261633,0.191587,0.233405,0.230956,0.233757,0.610447,511.559381
-0.287611,0.676541,0.231684,0.347336,0.475668,0.381408,0.678308,0.668569,0.677579,0.897095,511.047943
-0.287611,0.191818,0.272657,0.366479,0.378926,0.305479,0.192368,0.189691,0.191826,0.674692,511.559381
-0.287611,0.561055,0.272679,0.331645,0.35159,0.305497,0.561937,0.554275,0.561871,0.444407,510.881591
-0.287611,0.605371,0.272657,0.320222,0.342628,0.305479,0.606296,0.598063,0.605743,0.415102,508.709151
-0.287611,0.430578,0.272657,0.354774,0.33062,0.267515,0.431063,0.425456,0.430827,0.597878,510.357718
-0.287611,0.583213,0.272658,0.331645,0.42991,0.381409,0.584661,0.576188,0.584079,0.491376,510.881591
-0.287611,0.521664,0.272665,0.354774,0.369739,0.305486,0.522509,0.515386,0.522392,0.597878,511.331595
-0.287611,0.551207,0.272657,0.354774,-0.021267,-0.074163,0.549382,0.544396,0.552001,0.403962,511.331595
-0.287611,0.671848,0.272657,0.320222,-0.166287,-0.188055,0.669379,0.663688,0.668909,0.415102,496.042337
-0.287611,0.629992,0.272657,0.343163,0.399768,0.343444,0.631212,0.62235,0.630963,0.544109,511.105664
-0.287611,0.479813,0.272657,0.354774,0.33062,0.267515,0.480345,0.474067,0.480172,0.597878,510.357718
-0.287611,0.578289,0.272657,0.354774,0.408862,0.343444,0.57946,0.571327,0.578871,0.644105,510.357718
-0.287611,0.685929,0.149737,0.26169,-0.889242,-0.94734,0.679033,0.678272,0.678576,0.87363,478.048115
-0.287611,0.685929,0.149737,0.26169,-0.343973,-0.415841,0.682607,0.678272,0.682155,0.87363,491.619772
-0.287611,0.553669,0.272663,0.354774,0.369739,0.305484,0.554545,0.546984,0.554469,0.597878,511.331595
-0.287611,0.487198,0.272659,0.366479,0.378926,0.305481,0.488011,0.481359,0.48785,0.674692,511.559381
-0.287611,0.482275,0.272672,0.354774,0.369739,0.305491,0.483083,0.476497,0.482915,0.597878,511.331595
-0.287611,0.469966,0.272657,0.366479,0.339824,0.267515,0.470488,0.464326,0.470579,0.652666,511.559381
-0.287611,0.600447,0.272658,0.354774,0.291504,0.229551,0.600826,0.593146,0.601079,0.575676,510.357718
-0.287611,0.629992,0.272657,0.343163,0.360627,0.305479,0.630941,0.622389,0.630149,0.591918,508.183038
-0.287611,0.563517,0.272658,0.366479,0.300726,0.229552,0.563858,0.55667,0.564338,0.63125,511.559381
-0.287611,0.578289,0.272657,0.354774,0.33062,0.267515,0.578916,0.571271,0.579144,0.575676,511.331595
-0.287611,0.686159,0.190711,0.304509,-0.499863,-0.567698,0.681575,0.678272,0.681122,0.87363,487.739685
-0.287611,0.686159,0.190711,0.304509,0.358457,0.267515,0.687357,0.678291,0.686643,0.897095,508.130889
-0.287611,0.241043,0.272658,0.378278,0.270948,0.191587,0.240796,0.238248,0.241156,0.687819,511.789019
-0.287611,0.322268,0.272705,0.378278,0.192809,0.115697,0.321547,0.31844,0.322278,0.667794,510.816014
-0.287611,0.63984,0.272657,0.354774,0.408862,0.343444,0.64107,0.632091,0.640562,0.644105,510.357718
-0.287611,0.605371,0.272657,0.354774,0.33062,0.267515,0.606025,0.598008,0.606287,0.575676,511.331595
-0.287611,0.287808,0.272705,0.378278,0.114689,0.039769,0.2865,0.28438,0.287742,0.6296,510.816014
-0.287611,0.588137,0.272676,0.366479,0.300726,0.229566,0.588503,0.580994,0.588741,0.652666,510.585938
-0.287611,0.37396,0.272659,0.378278,0.153747,0.077696,0.373018,0.369482,0.373806,0.667794,509.843113
-0.287611,0.622605,0.272657,0.366479,0.339824,0.267515,0.623277,0.61504,0.623288,0.674692,510.585938
-0.287611,0.622605,0.272657,0.366479,0.339824,0.267515,0.623277,0.61504,0.623288,0.674692,510.585938
-0.287611,0.607833,0.272657,0.366479,0.378926,0.305479,0.608761,0.600456,0.608754,0.674692,511.559381
-0.287611,0.649689,0.272657,0.354774,0.174183,0.115658,0.649313,0.641813,0.648817,0.644105,504.5166
-0.287611,0.484736,0.272658,0.378278,0.427275,0.343444,0.485821,0.478947,0.485382,0.774013,511.789019
-0.287611,0.423193,0.272657,0.378278,0.231876,0.153623,0.422848,0.41811,0.423426,0.687819,510.816014
-0.287611,0.509355,0.272657,0.378278,0.427275,0.343444,0.510462,0.503252,0.510055,0.774013,511.789019
-0.287611,0.546283,0.272657,0.378278,0.388187,0.305479,0.547152,0.539692,0.547066,0.751558,511.789019
-0.287611,0.617681,0.272705,0.366479,0.300726,0.229589,0.618078,0.61016,0.618353,0.652666,510.585938
-0.287611,0.647227,0.272658,0.366479,0.339824,0.267516,0.647923,0.639345,0.647966,0.674692,510.585938
-0.287611,0.68639,0.231684,0.347336,0.124151,0.03973,0.685754,0.678253,0.685573,0.850755,504.242997
-0.287611,0.68639,0.231684,0.347336,0.319395,0.229551,0.687089,0.678253,0.686643,0.850755,508.130889
-0.287611,0.68639,0.231684,0.347336,0.358457,0.267515,0.687357,0.678291,0.686643,0.897095,508.130889
-0.287611,0.68639,0.231684,0.347336,0.358457,0.267515,0.687357,0.678272,0.686912,0.87363,509.103133
-0.287611,0.68639,0.231684,0.347336,0.358457,0.267515,0.687357,0.678272,0.686912,0.87363,509.103133
-0.287611,0.68639,0.231684,0.347336,0.358457,0.267515,0.687357,0.678272,0.686912,0.87363,509.103133
-0.287611,0.68639,0.231684,0.347336,0.358457,0.267515,0.687357,0.678253,0.686912,0.850755,509.103133
-0.287611,0.68639,0.231684,0.347336,0.397523,0.305479,0.687626,0.678291,0.686912,0.897095,509.103133
-0.287611,0.68639,0.231684,0.347336,0.358457,0.267515,0.687357,0.678272,0.686912,0.87363,509.103133
-0.287611,0.68639,0.231684,0.347336,0.436594,0.343444,0.687896,0.678291,0.687181,0.897095,510.075485
-0.287611,0.68639,0.231684,0.347336,0.397523,0.305479,0.687626,0.678272,0.687181,0.87363,510.075485
-0.287611,0.68639,0.231684,0.347336,0.436594,0.343444,0.687896,0.678291,0.687181,0.897095,510.075485
-0.287611,0.68639,0.231684,0.347336,0.397523,0.305479,0.687626,0.678253,0.687181,0.850755,510.075485
-0.287611,0.68639,0.231684,0.347336,0.358457,0.267515,0.687357,0.678253,0.687181,0.850755,510.075485
-0.287611,0.68639,0.231684,0.347336,0.397523,0.305479,0.687626,0.678272,0.687181,0.87363,510.075485
-0.287611,0.605371,0.272657,0.366479,0.339824,0.267515,0.606025,0.598026,0.606014,0.674692,510.585938
-0.287611,0.615219,0.272657,0.366479,0.339824,0.267515,0.615883,0.607748,0.615885,0.674692,510.585938
-0.287611,0.526588,0.272705,0.378278,0.270948,0.191625,0.526621,0.520212,0.527053,0.708457,510.816014
-0.287611,0.570903,0.272657,0.378278,0.388187,0.305479,0.571795,0.564016,0.571468,0.774013,510.816014
-0.287611,0.573365,0.272657,0.378278,0.466368,0.381408,0.574804,0.566486,0.573935,0.820712,510.816014
-0.287611,0.661999,0.272657,0.366479,0.339824,0.267515,0.66271,0.653929,0.662772,0.674692,510.585938
-0.287611,0.629992,0.272657,0.366479,0.457142,0.381408,0.631483,0.622389,0.630691,0.744388,510.585938
-0.287611,0.659537,0.272657,0.366479,0.457142,0.381408,0.661056,0.651536,0.660576,0.720557,511.559381
-0.287611,0.607833,0.272657,0.378278,0.388187,0.305479,0.608761,0.600456,0.608482,0.751558,510.816014
-0.287611,0.654613,0.272657,0.366479,0.457142,0.381408,0.656127,0.646694,0.655369,0.744388,510.585938
-0.287611,0.632454,0.272657,0.378278,0.388187,0.305479,0.633405,0.624762,0.633159,0.751558,510.816014
-0.287611,0.632454,0.272657,0.378278,0.388187,0.305479,0.633405,0.624762,0.633159,0.751558,510.816014
-0.287611,0.669386,0.272657,0.366479,0.300726,0.229551,0.669835,0.661239,0.669367,0.697324,507.666229
-0.287611,0.661999,0.27268,0.378278,0.427275,0.343462,0.66325,0.653947,0.663043,0.774013,511.789019
-0.287611,0.647227,0.272657,0.378278,0.466368,0.381408,0.648734,0.639383,0.648237,0.797066,511.789019
-0.287611,0.664462,0.272657,0.378278,0.466368,0.381408,0.665985,0.656397,0.665511,0.797066,511.789019
-0.287611,0.659537,0.272699,0.378278,0.388187,0.305512,0.660515,0.651517,0.660305,0.774013,510.816014
-0.287611,0.659537,0.272695,0.378278,0.427275,0.343474,0.660785,0.651517,0.660576,0.774013,511.789019
-0.287611,0.63984,0.272695,0.378278,0.427275,0.343473,0.64107,0.632072,0.640834,0.774013,511.789019
-0.287611,0.63984,0.272677,0.378278,0.427275,0.343459,0.64107,0.632072,0.640834,0.774013,511.789019
-0.287611,0.669386,0.272665,0.378278,0.270948,0.191593,0.669567,0.661239,0.669367,0.774013,507.897627
-0.287611,0.659537,0.272657,0.378278,0.427275,0.343444,0.660785,0.651555,0.660034,0.820712,509.843113
-0.287611,0.659537,0.272657,0.378278,0.505464,0.419372,0.661327,0.651555,0.660576,0.820712,511.789019
-0.287611,0.684159,0.272657,0.378278,0.270948,0.191587,0.684356,0.675861,0.683639,0.820712,505.952567
-0.287611,0.684159,0.272657,0.378278,0.270948,0.191587,0.684356,0.675822,0.684175,0.774013,507.897627
-0.287611,0.644764,0.272657,0.390169,0.475668,0.381408,0.64627,0.636952,0.645769,0.87363,512.020507
-0.287611,0.661999,0.272657,0.390169,0.475668,0.381408,0.663521,0.653966,0.663043,0.87363,512.020507
-0.287611,0.671848,0.272657,0.390169,0.475668,0.381408,0.673379,0.663688,0.672914,0.87363,512.020507
-0.287611,0.671848,0.272657,0.390169,0.475668,0.381408,0.673379,0.663688,0.672914,0.87363,512.020507
-0.287611,0.679235,0.272657,0.390169,0.475668,0.381408,0.680772,0.67098,0.680318,0.87363,512.020507
-0.287611,0.679235,0.272657,0.390169,0.475668,0.381408,0.680772,0.67098,0.680318,0.87363,512.020507
-0.287611,0.676772,0.272657,0.390169,0.475668,0.381408,0.678308,0.668549,0.67785,0.87363,512.020507
-0.287611,0.679235,0.272657,0.390169,0.397523,0.305479,0.680232,0.67098,0.679777,0.87363,510.075485
-0.287611,0.625068,0.272657,0.390169,0.514747,0.419372,0.626826,0.617527,0.626028,0.897095,512.020507
-0.287611,0.649689,0.272657,0.390169,0.514747,0.419372,0.65147,0.641833,0.650705,0.897095,512.020507
-0.287611,0.679235,0.272657,0.390169,0.475668,0.381408,0.680772,0.67098,0.680318,0.87363,512.020507
-0.287611,0.652151,0.272657,0.390169,0.514747,0.419372,0.653934,0.644264,0.653172,0.897095,512.020507
-0.287611,0.686621,0.272657,0.390169,-0.382953,-0.453805,0.682348,0.678291,0.681637,0.897095,489.679487
-0.287611,0.686621,0.272657,0.390169,0.163191,0.077694,0.68602,0.678272,0.685573,0.87363,504.242997
-0.287611,0.686621,0.272657,0.390169,0.241284,0.153623,0.686553,0.678234,0.686643,0.828474,508.130889
-0.287611,0.686621,0.272657,0.390169,0.397523,0.305479,0.687626,0.678272,0.686912,0.87363,509.103133
-0.287611,0.686621,0.272657,0.390169,0.397523,0.305479,0.687626,0.678272,0.687181,0.87363,510.075485
-0.287611,-4.374528,0.272657,0.390169,0.436594,0.343444,-4.371767,-4.3358,-4.379455,0.897095,510.075485
-0.287611,0.684159,0.272657,0.390169,0.475668,0.381408,0.685701,0.675861,0.684983,0.897095,511.047943
-0.287611,0.686621,0.272657,0.390169,0.475668,0.381408,0.688166,0.678272,0.687721,0.87363,512.020507
-0.287611,0.689083,0.272657,0.402154,0.367885,0.267515,0.689822,0.680683,0.689649,0.927548,510.30971
-0.287611,0.689083,0.272657,0.402154,0.406934,0.305479,0.690091,0.680683,0.689919,0.927548,511.281723
-0.287611,0.634916,0.272657,0.402154,0.445986,0.343444,0.636141,0.62725,0.635356,0.973534,510.30971
-0.287611,0.625068,0.272657,0.402154,0.485043,0.381408,0.626554,0.617527,0.625756,0.973534,511.281723
-0.287611,0.570903,0.272657,0.402154,0.485043,0.381408,0.57234,0.564055,0.571468,0.973534,511.281723
-0.287611,0.689083,0.272657,0.402154,0.367885,0.267515,0.689822,0.680683,0.689649,0.927548,510.30971
-0.287611,0.62753,0.272657,0.402154,0.485043,0.381408,0.629019,0.619958,0.628224,0.973534,511.281723
-0.287611,0.671848,0.272657,0.402154,0.485043,0.381408,0.673379,0.663708,0.672644,0.973534,511.281723
