Class Name,HasTC,#Bugs,#BugsBinary,#Blocker,#Critical,Critique,#Major,#Normal,#Minor,#Trivial,WMC,CBO,RFC,Ca,Ce,LOC,Qi,Si,FANIN,"d(LOC,FANIN)","d(Qi,FANIN)","d(WMC,FANIN)","d( WMC,CBO)","d(Qi,CBO)","d(LOC, CBO)","d(LOC, Ce)","d(LOC, Ca)","d(WMC, Ce)","d(WMC, Ca)",Risk1,TLOC,"d(RFC,d(LOC, Ca))","d(RFC, Ca)","d(LOC,d(RFC, Ca))","d(LOC, RFC, Ca)","d(d(LOC,Ce),d(RFC, Ca))","d(LOC, WMC)","d(d(LOC,WMC),d(RFC, Ca))","D(d(LOC,RFC), d(LOC,Ca), d(RFC, Ca))","d(LOC, RFC)","d(WMC, RFC)",#Hbugs,#Mbugs,#Lbugs,#Nbugs,#Severity,#Score,#Risk
org.apache.tools.ant.AntClassLoader,0,4,1,0,0,4,1,3,0,0,17,9,64,7,2,713,0.77033327,0.331622672,11,1485.438992,127.0002077,138.0036231,108.4066419,94.00028057,1482.982131,1480.121954,1482.856702,57.24508713,106.6770828,13,,722.747994,152.8005236,1481.13235,1487.86693,715.3261561,1480.984807,715.5111869,2618913.098,2190522,3038,4,3,3,6,2,26,25
org.apache.tools.ant.BuildEvent,0,0,0,0,0,0,0,0,0,0,11,7,15,5,3,97,0.881918529,4.993814739,6,2100.152375,132.0000528,144.9965517,113.2077736,96.00007262,2098.197322,2096.077289,2098.106766,62.64183905,111.5168149,0,,196.6585804,195.1332878,2096.057849,2105.063657,98.26505103,2096.858603,98.52886252,416048.0116,4393387,3771,0,0,0,0,0,0,0
org.apache.tools.ant.BuildException,0,0,0,0,0,0,0,0,0,0,14,99,28,98,1,153,0.819040354,10.61602267,138,2040,0.180959646,57,57.14017851,4.004091207,2040.003922,2040.098037,2040.000245,60.40695324,57.00877125,0,,221.4979796,158.0031645,2040.680667,2046.109723,161.8250652,2040.796168,162.1563655,647677.0207,4161758,3407,0,0,0,0,0,0,0
org.apache.tools.ant.BuildListener,0,0,0,0,0,0,0,0,0,0,7,6,7,5,1,7,1,0,0,2190.35157,138,152.118375,116.211015,97,2188.151046,2186.091489,2188.02011,67.05221846,113.7189518,0,,179.1452835,202.1806123,2186.016624,2195.329816,11.03668193,2186.93667,11.16690349,30660.00203,4778775,4275,0,0,0,0,0,0,0
org.apache.tools.ant.BuildLogger,0,0,0,0,0,0,0,0,0,0,4,3,4,2,1,4,1,0,1,2193.282927,137,152.5057376,120.3702621,100,2191.282958,2189.091364,2191.148101,69.92138443,117.889779,0,,182.0458466,206.2353025,2189.004565,2198.693703,6.005020917,2190.025114,6.082227567,17532.00105,4791903,4671,0,0,0,0,0,0,0
org.apache.tools.ant.Constants,0,0,0,0,0,0,0,0,0,0,0,0,0,0,0,0,1,0,0,2197.337707,138,155.1934277,125.09996,103,2195.4175,2193.100545,2195.233473,74.04052944,121.8277472,0,,186,210.7059563,2193,2203.099181,0,2194.149038,0,0,4809435,5227,0,0,0,0,0,0,0
org.apache.tools.ant.DefaultLogger,0,2,1,0,0,2,0,2,0,0,14,8,32,4,4,257,0.776190958,0.336734694,4,1940.631856,134.0001869,145.6193668,110.788086,95.00026363,1938.329435,1936.074637,1938.329435,59.48108943,110.788086,6,,299.5257659,180.9447429,1936.228739,1944.437451,258.743207,1936.838919,259.0255331,1061185.032,3748250,3403,2,2,2,4,2,14,12
org.apache.tools.ant.DesirableFilter,0,0,0,0,0,0,0,0,0,0,2,0,6,0,0,45,0.916666667,0.081632653,0,2152.428396,138.0000252,154.2886904,123.9758041,103.0000337,2150.468089,2148.102651,2150.280214,72.12489168,120.6731122,0,,185.5284222,205.4288198,2148.006482,2157.800964,45.30627559,2149.107954,45.34917149,195351.0052,4614084,4941,0,0,0,0,0,0,0
org.apache.tools.ant.DirectoryScanner,0,2,1,1,0,3,0,1,0,0,23,22,51,20,2,1407,0.218062635,2.479598646,24,794.2241497,114.0026817,123.6931688,94.15412896,81.00377415,790.1626415,786.2296102,789.9601256,51.623638,92.43916919,9,,1411.742958,156.4161117,787.8726973,801.412503,1407.918042,787.4642849,1407.731999,4191504.236,617931,2439,4,1,1,2,2,22,20
org.apache.tools.ant.FileScanner,0,0,0,0,0,0,0,0,0,0,13,4,13,4,0,13,1,0,2,2184.238082,136,147.8512766,114.7388339,99,2182.246778,2180.101144,2182.068972,61.68468205,111.3058848,0,,173.5001558,197.3676772,2180.040805,2188.91617,18.6250933,2180.771423,18.89101008,56862.00309,4752573,3537,0,0,0,0,0,0,0
org.apache.tools.ant.IntrospectionHelper,1,2,1,0,0,2,1,1,0,0,14,24,63,20,20,822,0.753316678,2.227392636,4,1377.53294,134.0002271,145.6193668,97.41663102,79.00038514,1373.27419,1371.000365,1373.27419,57.00877125,97.41663102,7,330,831.1113422,146.1848145,1372.517387,1378.771555,824.6282096,1372.18439,824.4930928,2929671.116,1879764,3372,2,1,1,2,2,12,13
org.apache.tools.ant.Location,0,0,0,0,0,0,0,0,0,0,5,51,10,51,0,69,0.948672824,0.190306122,5,2128.160003,133.0000099,148.4755872,84.02380615,52.00002533,2124.636439,2124.103811,2124.542304,69.26037828,81.60882305,0,,189.6661314,182.428068,2124.188231,2131.81988,74.56666982,2125.025176,74.68431687,297883.0097,4511552,4532,0,0,0,0,0,0,0
org.apache.tools.ant.Main,0,1,1,0,0,1,0,1,0,0,14,7,82,0,7,1253,0.923298003,0.362749236,1,949.9310501,137.0000215,148.3846353,111.6467644,96.00003064,944.8894115,940.1042495,945.1989209,58.69412236,114.2365966,3,,1254.353372,143.586211,942.393262,950.9032548,1254.792722,941.7266058,1254.219681,3925731.2,883704,3353,1,1,1,2,2,7,6
org.apache.tools.ant.NoBannerLogger,0,0,0,0,0,0,0,0,0,0,4,3,16,0,3,59,0.873710659,0.010204082,1,2138.393088,137.0000582,152.5057376,120.3702621,100.0000797,2136.341733,2134.075912,2136.295158,69.37578828,119.540788,0,,179.9269991,196.7256974,2134.045793,2143.04853,60.65768604,2135.051522,60.72860985,255309.0072,4554126,4659,0,0,0,0,0,0,0
org.apache.tools.ant.PathTokenizer,0,0,0,0,0,0,0,0,0,0,3,2,15,2,0,100,0.888219763,0.75748055,2,2097.413884,136.0000459,152.0526225,121.7579566,101.0000619,2095.435516,2093.105349,2095.246525,71.16881339,118.460964,0,,198.0868238,196.5960325,2093.04756,2102.212882,100.9857873,2094.104343,101.0348003,428615.0119,4380820,4795,0,0,0,0,0,0,0
org.apache.tools.ant.Project,1,3,1,0,0,3,1,2,0,0,71,103,186,99,7,2193,0.248779012,4.02243774,90,48,48.00587811,48,0,0.751220988,0,14,0,14,0,10,20,2195.233473,0,210.7059563,0,2189.263845,0,2204.242954,4809435.506,0,0,3,2,2,4,2,19,19
org.apache.tools.ant.ProjectHelper,0,5,1,0,1,6,1,2,1,0,17,19,73,13,7,502,0.490038769,0.224489796,8,1695.989682,130.0010002,140.7693148,99.85990186,84.00154796,1693.085054,1691.057953,1693.185459,55.78530272,101.5480182,17,,514.6078193,142.0035211,1692.395056,1696.951973,506.7216088,1691.861992,506.9638064,1949841.066,2859594,3029,7,2,3,5,2,40,37
org.apache.tools.ant.RuntimeConfigurable,0,2,1,0,0,2,1,1,0,0,9,8,25,5,3,114,0.910062775,0.194173929,5,2083.249865,133.0000304,146.7412689,113.4416149,95.00004257,2081.169383,2079.077921,2081.123975,64.56004957,112.6055061,7,,197.3372176,186.4322933,2079.1417,2087.342329,116.5777404,2079.924277,116.7754537,487033.014,4322402,4005,2,1,1,2,2,12,13
org.apache.tools.ant.Target,0,0,0,0,0,0,0,0,0,0,19,18,47,16,5,273,0.819221889,0.537850638,10,1924.261936,128.0001277,138.1593283,99.64436763,85.00019224,1921.880589,1920.066666,1921.793173,54.40588203,97.94386147,0,,306.741907,161.8950277,1920.620344,1926.813432,277.3625895,1920.704038,277.7673035,1122896.034,3686539,2843,0,0,0,0,0,0,0
org.apache.tools.ant.Task,0,0,0,0,0,0,0,0,0,0,19,78,23,75,5,125,0.802623224,5.258979476,103,2068.296159,35.00055653,62.68173578,57.69748695,25.00077914,2068.151107,2068.061895,2068.13926,54.40588203,57.27128425,0,,206.6928611,164.7573974,2068.510399,2074.552723,133.2138661,2068.653668,133.6426496,532648.0171,4276787,2867,0,0,0,0,0,0,0
org.apache.tools.ant.TaskAdapter,0,0,0,0,0,0,0,0,0,0,4,6,15,4,2,82,0.943021749,0.083532917,5,2115.185571,133.0000122,148.9227988,117.889779,97.00001673,2113.22739,2111.085503,2113.136531,69.64194139,116.2497312,0,,189.6863406,195.6169727,2111.053926,2120.044103,83.39151371,2112.062973,83.4613655,352943.0099,4456492,4660,0,0,0,0,0,0,0
org.apache.tools.ant.taskdefs.Ant,1,2,1,0,0,2,0,2,0,0,10,9,70,1,8,440,0.706882086,0.297321014,4,1758.114046,134.0003206,147.2311108,112.0580207,94.00045701,1755.518442,1753.048202,1755.737167,62.36986452,115.4339638,6,26,454.5470302,151.8551942,1753.987575,1759.565003,443.97013,1754.061002,444.005508,1736310.057,3073125,3837,2,2,2,4,2,14,12
org.apache.tools.ant.taskdefs.AntStructure,1,2,1,0,1,3,0,1,0,0,8,6,55,0,6,643,0.979275174,0.081845153,2,1555.955012,136.0000016,149.8832879,115.6633045,97.00000221,1553.032195,1550.072579,1553.158395,64.76109943,117.3456433,8,11,655.3025297,164.2010962,1550.697489,1558.673154,644.7074274,1551.279794,644.5491186,2406804.086,2402631,4100,4,1,1,2,2,22,19
org.apache.tools.ant.taskdefs.Available,1,1,1,0,0,1,0,1,0,0,13,7,35,0,7,273,0.727078196,0.184815605,3,1924.740242,135.0002759,146.931957,112.1605991,96.00038795,1922.398502,1920.051041,1922.55065,59.66573556,114.7388339,3,62,311.7000515,180.5602393,1920.236643,1928.471415,274.7085653,1920.875842,274.9309074,1122884.034,3686551,3515,1,1,1,2,2,7,6
org.apache.tools.ant.taskdefs.CallTarget,0,0,0,0,0,0,0,0,0,0,5,7,20,0,7,76,0.6479492,0.010204082,0,2121.493106,138.0004491,152.9705854,116.498927,96.00064552,2119.175547,2117.046291,2119.313568,67.46851117,118.9831921,0,,182.537207,193.2795902,2117.071723,2125.804789,78.02517353,2118.028564,78.08972203,327580.0093,4481855,4522,0,0,0,0,0,0,0
org.apache.tools.ant.taskdefs.Chmod,0,1,1,0,0,1,0,1,0,0,14,10,43,0,10,168,0.502548377,0,5,2029.362954,133.0009303,144.699689,109.0779538,93.00133041,2027.134431,2025.029876,2027.418556,58.05170109,114.2365966,3,,220.4786756,173.9252713,2025.334002,2032.455412,172.0481573,2025.802063,172.3180855,708667.0208,4100768,3392,1,1,1,2,2,7,6
org.apache.tools.ant.taskdefs.compilers.CompilerAdapter,0,0,0,0,0,0,0,0,0,0,2,4,2,3,2,2,1,0,1,2195.279026,137,153.3949152,120.6731122,99,2193.235509,2191.082381,2193.102141,71.56814934,118.224363,0,,184.0123435,207.5379483,2191.00229,2200.807352,3.756229484,2192.086221,3.780408378,8770.000831,4800665,4945,0,0,0,0,0,0,0
org.apache.tools.ant.taskdefs.compilers.CompilerAdapterFactory,0,1,1,0,0,1,0,1,0,0,3,8,16,1,7,125,0.957538619,0.010204082,2,2072.467129,136.0000066,152.0526225,116.8289348,95.00000949,2070.18091,2068.047388,2070.320748,69.42621983,119.2811804,3,,210.9577891,196.2243614,2068.050705,2077.288617,125.8888739,2069.117686,125.8672135,532641.0148,4276794,4794,1,1,1,2,2,7,6
org.apache.tools.ant.taskdefs.compilers.DefaultCompilerAdapter,0,3,1,0,0,3,0,3,0,0,10,17,81,4,13,743,0.350155474,0.255102041,5,1456.086879,133.0015876,146.3215637,105.4371851,86.00245519,1452.548106,1450.022069,1453.108736,61.52235366,112.8981842,9,,749.5159266,141.5980226,1451.64593,1456.897388,746.285152,1451.282536,746.0740886,2706830.103,2102605,3826,3,3,3,6,2,21,18
org.apache.tools.ant.taskdefs.compilers.Javac12,0,0,0,0,0,0,0,0,0,0,3,8,18,1,7,132,0.583212214,0,0,2065.614921,138.0006294,153.8440769,116.8289348,95.00091427,2063.188309,2061.047549,2063.328621,69.42621983,119.2811804,0,,213.595154,194.4942159,2061.063759,2070.156757,133.0444069,2062.12148,133.0191581,561546.0157,4247889,4792,0,0,0,0,0,0,0
org.apache.tools.ant.taskdefs.compilers.Javac13,0,0,0,0,0,0,0,0,0,0,2,8,17,1,7,97,0.588745661,0,0,2100.538026,138.0006128,154.2886904,117.4137982,95.00089015,2098.151806,2096.046755,2098.28978,70.40596566,119.8540779,0,,194.8309,195.3586445,2096.056187,2105.084559,98.25974796,2097.135427,98.22006218,416050.0116,4393385,4930,0,0,0,0,0,0,0
org.apache.tools.ant.taskdefs.compilers.Jikes,0,0,0,0,0,0,0,0,0,0,2,9,23,1,8,204,0.422305765,0,0,1993.781583,138.0012092,154.2886904,116.6061748,94.00177515,1991.219978,1989.042483,1991.412815,70.21395873,119.8540779,0,,260.9824908,190.1920082,1989.105785,1998.072571,205.0866027,1990.196473,204.9816354,853151.0246,3956284,4924,0,0,0,0,0,0,0
org.apache.tools.ant.taskdefs.compilers.Jvc,0,1,1,0,0,1,0,1,0,0,2,9,19,1,8,120,0.504306281,0,0,2077.588265,138.0008903,154.2886904,116.6061748,94.00130697,2075.130116,2073.040762,2075.315157,70.21395873,119.8540779,3,,205.5952395,193.6310925,2073.07032,2082.023535,121.2678956,2074.148018,121.2097181,511939.0143,4297496,4928,1,1,1,2,2,7,6
org.apache.tools.ant.taskdefs.CompileTask,0,0,0,0,0,0,0,0,0,0,4,5,21,0,5,87,0.824015927,0.020408163,0,2110.516524,138.0001122,153.4046935,118.7139419,98.00015801,2108.278919,2106.060778,2108.325639,68.8839604,119.540788,0,,186.4885293,192.4214125,2106.079373,2114.772328,88.93956142,2107.065495,88.9824026,374034.0105,4435401,4654,0,0,0,0,0,0,0
org.apache.tools.ant.taskdefs.Copy,0,2,1,0,0,2,0,2,0,0,17,12,64,1,11,642,0.623233566,0.13321091,4,1556.777762,134.0005297,144.4714505,105.8158778,91.00077996,1553.667275,1551.032237,1554.092983,54.91812087,111.8928058,6,,652.6447177,156.4864211,1551.947408,1558.874273,644.3535288,1551.939754,644.4940048,2403712.086,2405723,3038,2,2,2,4,2,14,12
org.apache.tools.ant.taskdefs.Copydir,1,0,0,0,0,0,0,0,0,0,8,6,35,0,6,265,0.939105174,0.112457398,2,1932.790728,136.0000136,149.8832879,115.6633045,97.00001911,1930.438551,1928.05835,1930.54008,64.76109943,117.3456433,0,30,304.7352822,180.5602393,1928.235661,1936.436418,266.7510627,1929.02903,266.8283766,1092100.032,3717335,4120,0,0,0,0,0,0,0
org.apache.tools.ant.taskdefs.Copyfile,1,0,0,0,0,0,0,0,0,0,6,4,21,0,4,136,0.896497177,0.030612245,2,2061.490965,136.0000394,150.7348666,118.4314148,99.00005411,2059.380975,2057.070247,2059.380975,67.18630813,118.4314148,0,29,213.7309083,192.4214125,2057.081263,2065.980397,137.2536577,2058.026725,137.3448529,578021.0163,4231414,4390,0,0,0,0,0,0,0
org.apache.tools.ant.taskdefs.Cvs,0,1,1,0,0,1,0,1,0,0,12,12,37,0,12,310,0.639831097,0.102040816,2,1887.904923,136.0004769,148.2464165,108.4527547,91.00071275,1885.197602,1883.021508,1885.6007,59.68249325,115.2475596,3,,343.6181805,178.8910283,1883.268751,1891.478522,311.7069115,1883.924096,311.8520548,1263597.038,3545838,3630,1,1,1,2,2,7,6
org.apache.tools.ant.taskdefs.Delete,1,0,0,0,0,0,0,0,0,0,18,8,49,0,8,579,0.46107646,0.071428571,6,1619.388774,132.0011001,142.2427503,108.78419,95.00152861,1616.793431,1614.052354,1617.033395,54.5710546,112.2942563,0,17,594.2089953,169.0266251,1614.538066,1622.826546,580.5462725,1614.869964,580.7765596,2204302.076,2605133,2946,0,0,0,0,0,0,0
org.apache.tools.ant.taskdefs.Deltree,1,0,0,0,0,0,0,0,0,0,4,3,17,0,3,152,0.933695906,0.010204082,3,2045.45985,135.0000163,150.7116452,120.3702621,100.000022,2043.448311,2041.079371,2043.399618,69.37578828,119.540788,0,14,227.1882906,195.8621965,2041.053977,2050.376307,152.7441469,2042.09941,152.7724666,643585.0181,4165850,4658,0,0,0,0,0,0,0
org.apache.tools.ant.taskdefs.Echo,1,0,0,0,0,0,0,0,0,0,7,7,22,0,7,147,0.842681717,0.030612245,2,2050.515057,136.000091,150.3063538,115.3776408,96.0001289,2048.250961,2046.047898,2048.393761,65.51335742,117.8855377,0,23,220.1315538,191.5646105,2046.089536,2054.948418,148.2931965,2047.000733,148.3880547,623155.0176,4186280,4260,0,0,0,0,0,0,0
org.apache.tools.ant.taskdefs.Exec,0,0,0,0,0,0,0,0,0,0,10,5,41,1,5,360,0.722340281,0.06122449,4,1837.891455,134.0002877,147.2311108,115.4339638,98.00039334,1835.61788,1833.06983,1835.61788,63.0634601,115.4339638,0,,387.7478238,175.0114282,1833.347512,1841.335928,361.7958199,1834.014722,361.8989152,1449401.045,3360034,3866,0,0,0,0,0,0,0
org.apache.tools.ant.taskdefs.ExecTask,0,2,1,0,0,2,0,2,0,0,19,18,56,5,13,406,0.455946544,0.112669896,8,1791.722356,130.0011384,140.014285,99.64436763,85.00174112,1789.020402,1787.017907,1789.470592,52.61178575,107.424392,6,,426.079236,160.424437,1787.707255,1794.186445,409.1837484,1787.756415,409.4913856,1615936.052,3193499,2834,2,2,2,4,2,14,12
org.apache.tools.ant.taskdefs.Execute,0,3,1,0,0,3,1,1,1,0,21,25,77,10,16,566,0.628597225,1.155974108,18,1631.419321,120.0005747,130,92.64987858,78.00088423,1628.868626,1627.007683,1629.432417,50.24937811,102.0832993,9,,576.2046817,140.7195793,1628.504557,1633.074095,570.4026836,1627.768104,570.6885799,2162197.075,2647238,2609,3,1,2,3,2,18,18
org.apache.tools.ant.taskdefs.ExecuteJava,0,0,0,0,0,0,0,0,0,0,6,7,26,1,6,185,0.88946784,0.256718809,1,2012.66813,137.0000446,151.6377262,115.9353268,96.00006363,2010.293511,2008.056025,2010.390012,66.70832032,117.5967687,0,,244.4731172,187.6272901,2008.132621,2016.746885,186.4781465,2009.051766,186.5304927,777211.0223,4032224,4385,0,0,0,0,0,0,0
org.apache.tools.ant.taskdefs.ExecuteOn,0,4,1,0,0,4,0,4,0,0,11,14,42,2,12,395,0.778837814,0.056095373,4,1802.986411,134.0001825,146.8196172,107.3359213,89.00027479,1800.201378,1798.022525,1800.614617,60.67124525,114.0570033,12,,420.0714714,173.6231551,1798.382366,1806.363474,396.8145361,1799.000834,396.884413,1576487.05,3232948,3744,4,4,4,8,2,28,24
org.apache.tools.ant.taskdefs.ExecuteStreamHandler,0,0,0,0,0,0,0,0,0,0,5,10,5,10,0,5,1,0,1,2192.284881,137,152.0690633,114.0394669,93,2189.975571,2188.100775,2189.809352,69.26037828,110.8016245,0,,181.0812555,201.6977937,2188.018544,2197.276951,10.30265472,2188.995203,10.37829475,21910.00252,4787525,4537,0,0,0,0,0,0,0
org.apache.tools.ant.taskdefs.ExecuteWatchdog,1,1,1,0,0,1,0,1,0,0,8,6,25,5,1,169,0.838935819,0.286332015,3,2028.497227,135.0000961,148.9765082,115.6633045,97.00013372,2026.323025,2024.098812,2026.181631,66.09841148,113.1591799,3,98,233.451334,186.4322933,2024.145551,2032.56808,170.7360433,2024.980247,170.9014059,712698.0205,4096737,4130,1,1,1,2,2,7,6
org.apache.tools.ant.taskdefs.Exit,0,0,0,0,0,0,0,0,0,0,3,2,6,0,2,29,0.979275174,0.010204082,2,2168.269356,136.0000016,152.0526225,121.7579566,101.0000021,2166.355696,2164.083409,2166.263373,70.60453243,120.1041215,0,,182.3163917,205.4288198,2164.006434,2173.728824,29.49309003,2165.068128,29.55583645,126359.0034,4683076,4804,0,0,0,0,0,0,0
org.apache.tools.ant.taskdefs.Expand,0,3,1,1,0,4,0,2,0,0,5,8,45,0,8,261,0.654055607,0.020408163,3,1936.710872,135.0004432,150.2697574,115.6762724,95.00062988,1934.334252,1932.043737,1934.534828,67.26812024,118.9831921,12,,296.3862066,172.2846482,1932.382001,1939.666466,263.8690093,1933.127,263.8346089,1076670.032,3732765,4497,5,2,2,4,2,29,26
org.apache.tools.ant.taskdefs.Filter,1,0,0,0,0,0,0,0,0,0,6,4,24,0,4,153,0.939182405,0.046024617,3,2044.462032,135.0000137,149.8332406,118.4314148,99.00001868,2042.400793,2040.070832,2042.400793,67.18630813,118.4314148,0,63,222.7146783,189.855208,2040.106554,2048.815511,154.4436684,2041.035277,154.5269478,647673.0184,4161762,4387,0,0,0,0,0,0,0
org.apache.tools.ant.taskdefs.FixCRLF,0,3,1,0,0,3,0,3,0,0,8,7,34,0,7,626,0.410417283,0.040816327,2,1572.890651,136.001278,149.8832879,114.8259553,96.00181044,1569.937897,1567.062539,1570.124199,64.5368112,117.3456433,9,,643.323872,181.3973539,1567.274065,1577.464421,626.7236867,1568.265921,626.5689664,2353794.083,2455641,4121,3,3,3,6,2,21,18
org.apache.tools.ant.taskdefs.GenerateKey,0,1,1,0,0,1,0,1,0,0,14,6,33,0,6,404,0.619500941,0.081632653,2,1794.161921,136.0005323,147.4618595,112.5077775,97.00074628,1791.627752,1789.062883,1791.737146,58.94064811,114.2365966,3,,431.5301679,182.2361106,1789.226518,1798.257768,405.03946,1789.907819,405.242514,1608761.051,3200674,3402,1,1,1,2,2,7,6
org.apache.tools.ant.taskdefs.Get,1,3,1,0,0,3,0,3,0,0,8,6,46,0,6,394,0.829848992,0.040816327,3,1804.058203,135.0001072,148.9765082,115.6633045,97.00014923,1801.613166,1799.062534,1801.721954,64.76109943,117.3456433,9,32,417.6736948,171.467198,1799.427876,1807.15301,395.986912,1800.102775,395.9951231,1572894.05,3236541,4109,3,3,3,6,2,21,18
org.apache.tools.ant.taskdefs.GUnzip,1,0,0,0,0,0,0,0,0,0,4,4,32,0,4,215,0.911702441,0,2,1982.669917,136.0000287,151.6080473,119.540788,99.00003938,1980.475953,1978.073052,1980.475953,69.12307864,119.540788,0,25,264.2665176,183.0764867,1978.19296,1986.454379,216.7953186,1979.134407,216.7825619,896797.0261,3912638,4643,0,0,0,0,0,0,0
org.apache.tools.ant.taskdefs.GZip,1,0,0,0,0,0,0,0,0,0,6,4,25,0,4,157,0.897755027,0.030612245,3,2040.470779,135.0000387,149.8332406,118.4314148,99.0000528,2038.405504,2036.070971,2038.405504,67.18630813,118.4314148,0,27,224.7576733,189.0026455,2036.115673,2044.753775,158.5223035,2037.037309,158.603685,663978.0189,4145457,4386,0,0,0,0,0,0,0
org.apache.tools.ant.taskdefs.Jar,1,4,1,0,0,4,1,3,0,0,6,6,33,1,5,164,0.748721318,0.020408163,3,2033.486169,135.0002339,149.8332406,116.7647207,97.00032547,2031.317307,2029.063084,2031.365304,66.94027188,117.5967687,13,30,224.1913839,181.694799,2029.207394,2037.119044,166.5831196,2030.040886,166.6527306,692441.02,4116994,4378,4,3,3,6,2,26,25
org.apache.tools.ant.taskdefs.Java,0,1,1,0,0,1,0,1,0,0,22,17,77,0,17,439,0.188753098,0.14900396,11,1758.591766,127.002591,136.1249426,98.97979592,86.0038262,1756.107058,1754.004561,1756.791678,49.16299421,110.4626634,3,,451.7877902,147.24809,1755.147544,1760.169878,443.6577328,1754.684302,444.0226962,1732810.057,3076625,2510,1,1,1,2,2,7,6
org.apache.tools.ant.taskdefs.Javac,0,1,1,0,1,2,0,0,0,0,42,19,74,7,13,550,0.435520772,0.466897003,5,1648.374351,133.0011979,136.1249426,88.86506625,84.00189663,1645.14589,1643.019476,1645.57376,30.08321791,96.46242792,5,,560.9543651,144.9413675,1644.315657,1649.380793,553.9983421,1643.255914,554.8046635,2109874.073,2699561,953,3,0,0,0,2,15,13
org.apache.tools.ant.taskdefs.JavacOutputStream,0,0,0,0,0,0,0,0,0,0,4,1,11,0,1,68,0.971704003,0.020408163,1,2129.411656,137.0000029,152.5057376,122.0368797,102.0000039,2127.446592,2125.094116,2127.304868,69.92138443,119.540788,0,,187.7213238,201.0621794,2125.021883,2134.490806,68.68680267,2126.055973,68.77258111,293635.008,4515800,4664,0,0,0,0,0,0,0
org.apache.tools.ant.taskdefs.Javadoc,0,5,1,0,0,5,0,5,0,0,65,21,155,6,21,1504,0.219372587,0.102040816,3,702.1011323,135.0022569,135.1332676,82.21921916,82.00371564,693.8623783,689,695.2481571,6,93.1933474,15,,1500.305618,98.03060747,698.1523718,695.9389341,1508.315015,689.0261243,1509.334528,4334683.261,474752,67,5,5,5,10,2,35,30
org.apache.tools.ant.taskdefs.Jikes,0,0,0,0,0,0,0,0,0,0,2,5,29,0,5,176,0.896809896,0.102040816,0,2021.715361,138.0000386,154.2886904,119.8540779,98.00005433,2019.37936,2017.06346,2019.428137,70.83078427,120.6731122,0,,235.7042981,185.6071119,2017.156155,2025.521908,177.8173428,2018.179873,177.7501025,740989.0213,4068446,4918,0,0,0,0,0,0,0
org.apache.tools.ant.taskdefs.JikesOutputParser,0,0,0,0,0,0,0,0,0,0,12,3,21,1,2,147,0.825385407,0.326530612,1,2050.581625,137.0001113,149.1643389,116.1077086,100.0001525,2048.442335,2046.088219,2048.345674,61.98386887,114.3896848,0,,220.9095413,191.9088325,2046.086345,2054.980535,148.2091624,2046.850507,148.4930601,623154.0176,4186281,3646,0,0,0,0,0,0,0
org.apache.tools.ant.taskdefs.KeySubst,0,0,0,0,0,0,0,0,0,0,8,3,40,0,3,271,0.785999463,0.102040816,3,1926.735322,135.0001696,148.9765082,118.1905242,100.000229,1924.599699,1922.084285,1924.547999,65.520989,117.3456433,0,,307.5493875,176.4001134,1922.306139,1930.077978,273.1788861,1923.032241,273.2786277,1115205.033,3694230,4115,0,0,0,0,0,0,0
org.apache.tools.ant.taskdefs.LogOutputStream,0,0,0,0,0,0,0,0,0,0,7,8,15,7,1,92,0.871216601,0.344074574,9,2104.956532,129.0000643,144.0034722,114.5469336,95.00008729,2103.14669,2101.095191,2103.013314,67.05221846,112.0714058,0,,194.2821598,194.1777536,2101.065011,2109.954028,93.47816161,2101.974548,93.64463716,395063.0111,4414372,4267,0,0,0,0,0,0,0
org.apache.tools.ant.taskdefs.LogStreamHandler,0,0,0,0,0,0,0,0,0,0,1,9,3,6,3,14,0.969074391,0,13,2182.582415,125.0000038,143.2654878,117.2006826,94.00000509,2181.026593,2179.074345,2180.983723,72.277244,116.4001718,0,,183.5539576,205.2754247,2179.006767,2188.647756,15.04077666,2180.124079,15.03961902,61211.0019,4748224,5083,0,0,0,0,0,0,0
org.apache.tools.ant.taskdefs.MatchingTask,0,0,0,0,0,0,0,0,0,0,12,18,37,12,6,164,0.336585502,0.020408163,17,2032.604733,121.0018187,134.617978,103.4698024,85.00258889,2030.779653,2029.055445,2030.864348,60.87692502,105.1189802,0,,221.851773,172.5398505,2029.358926,2036.322912,168.4263825,2029.85763,168.6662923,692445.0206,4116990,3630,0,0,0,0,0,0,0
org.apache.tools.ant.taskdefs.Mkdir,1,2,1,0,0,2,0,2,0,0,3,3,14,0,3,84,0.961687865,0.010204082,2,2113.380467,136.0000054,152.0526225,120.9297317,100.0000073,2111.369461,2109.076812,2111.322334,70.34202158,120.1041215,6,23,191.3767988,198.4565444,2109.035573,2118.316785,84.9119293,2110.095969,84.94095831,361382.0099,4448053,4796,2,2,2,4,2,14,12
org.apache.tools.ant.taskdefs.Move,0,2,1,0,0,2,0,2,0,0,4,6,32,0,6,325,0.883432073,0.06122449,1,1873.017085,137.0000496,152.5057376,117.889779,97.00007004,1870.516774,1868.060224,1870.621554,68.65857558,119.540788,6,,359.2894342,183.0764867,1868.204322,1876.949919,326.2125042,1869.201166,326.1203869,1319857.04,3489578,4643,2,2,2,4,2,14,12
org.apache.tools.ant.taskdefs.Patch,0,1,1,0,0,1,0,1,0,0,9,9,29,0,9,168,0.696721981,0.010204082,2,2029.561775,136.0003382,149.4657151,112.6055061,94.00048924,2027.180554,2025.035555,2027.418556,63.15061362,116.8118145,3,,229.8061061,185.6071119,2025.155538,2033.488382,169.9287872,2025.948913,170.0624409,708653.0203,4100782,4001,1,1,1,2,2,7,6
org.apache.tools.ant.taskdefs.Property,1,2,1,0,0,2,0,0,2,0,27,11,83,2,9,658,0.582620931,0.448979592,4,1540.837759,134.00065,141.0390017,101.9803903,92.00094676,1537.754532,1535.046905,1538.061767,45.607017,106.51291,4,11,665.1944456,141.4849815,1536.559971,1541.50673,661.6843179,1535.630489,662.146677,2453107.089,2356328,2039,2,0,2,2,2,12,10
org.apache.tools.ant.taskdefs.PumpStreamHandler,0,2,1,1,0,3,0,1,0,0,11,8,17,6,2,93,0.872439737,0.241051828,7,2104.081985,131.0000621,144.0867794,112.3610253,95.00008564,2102.147711,2100.085951,2102.058277,62.93647591,110.6752005,9,,192.9834633,192.8989373,2100.075496,2108.840914,94.70377327,2100.856968,94.97631394,399266.0113,4410169,3769,4,1,1,2,2,22,20
org.apache.tools.ant.taskdefs.Rename,1,0,0,0,0,0,0,0,0,0,5,4,18,0,4,107,0.889840236,0,2,2090.428664,136.0000446,151.1687798,118.9831921,99.00006129,2088.347912,2086.06927,2088.347912,68.15423685,118.9831921,0,20,199.1193692,195,2086.059126,2095.094509,108.1774969,2087.043842,108.2506348,457871.0127,4351564,4524,0,0,0,0,0,0,0
org.apache.tools.ant.taskdefs.Replace,1,3,1,0,0,3,1,1,1,0,19,8,69,2,8,632,0.550566281,0.204487544,3,1566.826729,135.0007481,144.6685868,108.3005078,95.0010631,1563.888103,1561.054131,1564.01087,53.60037313,110.059075,9,32,641.974279,151.9802619,1562.104256,1568.381012,634.7687583,1561.865871,635.0044959,2372597.085,2436838,2821,3,1,2,3,2,18,18
org.apache.tools.ant.taskdefs.Rmic,0,5,1,0,0,5,1,4,0,0,22,16,72,1,16,675,0.238567094,0.112244898,3,1523.991142,135.0021473,143.6175477,99.84988733,87.00333201,1520.491039,1518.008234,1521.160084,49.25444142,109.5673309,16,,683.6453276,150.3329638,1519.200085,1525.425842,677.7864898,1518.790637,678.0515226,2504997.091,2304438,2515,5,4,4,8,2,33,31
org.apache.tools.ant.taskdefs.SendEmail,0,1,1,0,0,1,0,1,0,0,8,4,41,0,4,236,0.910895845,0.081632653,0,1961.859577,138.0000288,151.7003626,117.3456433,99.0000401,1959.502488,1957.073836,1959.502488,65.2533524,117.3456433,3,,276.7563861,175.5733465,1957.31533,1964.860046,238.6271307,1958.01379,238.7344879,979441.029,3829994,4114,1,1,1,2,2,7,6
org.apache.tools.ant.taskdefs.SignJar,0,1,1,0,0,1,1,0,0,0,14,5,35,0,5,307,0.45236518,0.256589533,3,1890.825481,135.0011108,146.5400969,113.3710721,98.00153011,1888.544413,1886.067867,1888.596569,59.20304046,114.2365966,4,,341.7999281,180.5602393,1886.240908,1894.623445,308.5090426,1886.86115,308.7630323,1252288.038,3557147,3400,1,0,0,0,2,5,7
org.apache.tools.ant.taskdefs.SQLExec,0,5,1,0,0,5,1,4,0,0,23,10,96,1,10,1034,0.582991973,0.300710165,4,1166.720618,134.0006489,142.3376268,104.6565813,93.00093492,1162.725247,1159.052199,1163.135848,49.24428901,109.1237829,16,,1036.014241,133.056379,1161.598234,1166.612618,1036.959709,1159.993534,1037.066566,3466064.155,1343371,2394,5,4,4,8,2,33,31
org.apache.tools.ant.taskdefs.StreamPumper,0,0,0,0,0,0,0,0,0,0,2,1,6,1,0,39,0.948350694,0.102040816,1,2158.352381,137.0000097,153.3949152,123.1462545,102.0000131,2156.413689,2154.102365,2156.228188,72.12489168,119.8540779,0,,184.1776648,204.9487741,2154.007694,2163.728264,39.42084679,2155.10487,39.46634258,169539.0046,4639896,4941,0,0,0,0,0,0,0
org.apache.tools.ant.taskdefs.Tar,1,2,1,0,0,2,0,2,0,0,8,12,65,0,12,583,0.67134428,0.102040816,2,1615.733889,136.0003971,149.8832879,110.6797181,91.00059348,1612.569688,1610.025155,1613.040917,63.63961031,117.3456433,6,23,594.6336452,156.3393744,1610.917666,1617.572873,585.6045043,1611.232137,585.4466997,2217214.077,2592221,4090,2,2,2,4,2,14,12
org.apache.tools.ant.taskdefs.Taskdef,1,0,0,0,0,0,0,0,0,0,8,8,25,1,7,157,0.871882808,0.030612245,3,2040.470779,135.0000608,148.9765082,113.9912277,95.00008639,2038.215151,2036.048133,2038.357182,64.5368112,116.5032188,0,23,224.7913938,188.4807682,2036.121303,2044.705602,158.6172092,2036.974472,158.7381589,663978.0189,4145457,4130,0,0,0,0,0,0,0
org.apache.tools.ant.taskdefs.TaskOutputStream,0,0,0,0,0,0,0,0,0,0,3,1,9,0,1,58,0.981932466,0.010204082,1,2139.391035,137.0000012,152.9477035,122.5887434,102.0000016,2137.435145,2135.093675,2137.294084,70.88018059,120.1041215,0,,186.2417054,202.8053254,2135.014618,2144.610687,58.54243718,2136.082629,58.60143122,251033.0068,4558402,4801,0,0,0,0,0,0,0
org.apache.tools.ant.taskdefs.Touch,0,3,1,0,0,3,0,2,1,0,8,7,32,3,4,300,0.82522551,0.040803311,4,1897.73681,134.000114,148.0709289,114.8259553,96.00015909,1895.432668,1893.076332,1895.432668,65.2533524,114.8259553,8,,337.0408319,181.4717609,1893.225723,1901.678469,301.4451298,1894.048046,301.5215474,1225832.037,3583603,4123,3,2,3,5,2,20,17
org.apache.tools.ant.taskdefs.Transform,0,1,1,0,0,1,0,1,0,0,9,12,36,0,12,375,0.395803447,0.010204082,3,1823.005485,135.001352,148.5563866,110.1135777,91.00200577,1820.276078,1818.022277,1820.693549,62.64982043,116.8118145,3,,403.4602265,179.7247896,1818.263961,1826.862064,376.3556027,1819.056899,376.3694271,1504161.047,3305274,3994,1,1,1,2,2,7,6
org.apache.tools.ant.taskdefs.Tstamp,0,0,0,0,0,0,0,0,0,0,3,5,17,1,5,91,0.980280219,0,2,2106.395025,136.0000014,152.0526225,119.2811804,98.00000198,2104.283251,2102.060894,2104.283251,69.85699679,119.2811804,0,,191.919105,195.3586445,2102.056027,2111.058739,92.32420106,2103.099617,92.33383431,390862.0109,4418573,4793,0,0,0,0,0,0,0
org.apache.tools.ant.taskdefs.Untar,0,3,1,0,0,3,0,3,0,0,4,8,42,0,8,242,0.886505904,0.020408163,2,1955.734389,136.0000474,151.6080473,116.2497312,95.00006779,1953.311547,1951.043311,1953.510174,68.24954212,119.540788,9,,281.3648044,174.7483906,1951.331327,1958.810353,244.7134062,1952.150097,244.6557459,1002890.03,3806545,4633,3,3,3,6,2,21,18
org.apache.tools.ant.taskdefs.UpToDate,0,1,1,0,0,1,0,1,0,0,7,11,32,0,11,189,0.765261427,0.041028827,2,2008.609469,136.0002026,150.3063538,112.0714058,92.00029947,2006.110665,2004.02495,2006.443869,64.77653896,117.8855377,3,,243.6339764,183.0764867,2004.190457,2012.345149,191.083668,2005.021696,191.1348716,793265.0229,4016170,4250,1,1,1,2,2,7,6
org.apache.tools.ant.taskdefs.War,0,0,0,0,0,0,0,0,0,0,9,7,33,0,7,163,0.691610197,0,3,2034.483964,135.0003522,148.5563866,114.280357,96.00049533,2032.268683,2030.048275,2032.412606,63.56099433,116.8118145,0,,223.4270233,182.2361106,2030.199629,2038.163389,165.5191069,2030.946577,165.6670613,688382.0198,4121053,3997,0,0,0,0,0,0,0
org.apache.tools.ant.taskdefs.XSLTLiaison,0,1,1,0,0,1,1,0,0,0,3,1,3,1,0,3,1,0,1,2194.280976,137,152.9477035,122.5887434,102,2192.374056,2190.100683,2192.191597,71.16881339,119.2811804,4,,183.0252797,207.5885353,2190.002219,2199.816583,4.326371097,2191.055453,4.391876292,13152.00072,4796283,4807,1,0,0,0,2,5,7
org.apache.tools.ant.taskdefs.XSLTProcess,0,6,1,0,0,6,1,5,0,0,13,7,55,1,7,590,0.358785208,0.12244898,3,1608.67461,135.0015228,146.931957,112.1605991,96.00214142,1605.872037,1603.061134,1605.992839,59.66573556,113.8771268,19,,603.6269743,163.6001222,1603.691978,1611.326782,591.9167727,1604.048939,591.9772679,2239695.078,2569740,3495,6,5,5,10,2,40,37
org.apache.tools.ant.taskdefs.Zip,1,7,1,0,0,7,1,5,1,0,22,15,104,2,13,1180,0.37310558,0.895765891,5,1021.693692,133.0014774,141.7391971,100.7223908,88.00223291,1016.815126,1013.031589,1017.633529,49.64876635,108.6738239,21,23,1180.45145,127.0157471,1016.451204,1020.931927,1183.032879,1014.184401,1182.92882,3783184.184,1026251,2483,7,5,6,11,2,46,42
org.apache.tools.ant.types.Commandline,1,3,1,0,0,3,0,3,0,0,19,23,46,22,3,448,0.62286593,12.78655705,35,1748.037185,103.0006904,115.3819743,95.41488354,80.00088893,1746.832848,1745.092834,1746.698028,55.02726597,92.91393867,9,59,469.8766279,159.7779709,1745.743011,1752.299632,450.8930788,1745.774613,451.257448,1764270.058,3045165,2844,3,3,3,6,2,21,18
org.apache.tools.ant.types.CommandlineJava,1,1,1,0,0,1,0,1,0,0,21,9,47,1,8,277,0.284056646,0.440839076,7,1920.473119,131.0019564,140.2176879,106.4706532,94.00272642,1918.30446,1916.044102,1918.504626,51.66236541,110.0181803,3,42,309.6770166,170.0735135,1916.430796,1923.533467,280.0201208,1916.65229,280.4557729,1138240.034,3671195,2639,1,1,1,2,2,7,6
org.apache.tools.ant.types.DataType,0,0,0,0,0,0,0,0,0,0,9,8,15,5,3,98,0.892646795,5.792864731,6,2099.154354,132.0000437,145.8355238,113.4416149,95.00006066,2097.152832,2095.077326,2097.10777,64.56004957,112.6055061,0,,197.1538828,195.1332878,2095.057877,2104.067965,99.25250392,2095.917222,99.45852253,420239.0117,4389196,4015,0,0,0,0,0,0,0
org.apache.tools.ant.types.EnumeratedAttribute,1,1,1,0,0,1,0,1,0,0,5,12,11,11,1,59,0.974174782,0.12244898,10,2137.835354,128.0000026,144.0138882,112.4144119,91.00000366,2135.939372,2134.093719,2135.813662,68.9637586,110,3,51,184.8126453,195.8800653,2134.051501,2142.971068,60.84087921,2135.020375,60.9590506,255304.0073,4554131,4531,1,1,1,2,2,7,6
org.apache.tools.ant.types.Environment,0,0,0,0,0,0,0,0,0,0,3,5,9,3,2,47,0.948672824,0.520381086,3,2150.242079,135.0000098,151.1588568,119.2811804,98.00001344,2148.236486,2146.084108,2148.146178,70.60453243,117.6435294,0,,183.156254,201.3578903,2146.02036,2155.425944,47.93674628,2147.077083,47.99119993,203942.0057,4605493,4801,0,0,0,0,0,0,0
org.apache.tools.ant.types.FileSet,1,0,0,0,0,0,0,0,0,0,16,24,56,16,8,353,0.26936373,0.104751212,13,1844.241036,125.0021353,136.5650028,96.26006441,79.00337859,1841.695143,1840.045923,1841.87106,56.5154846,99.5690715,0,150,376.5169254,154.2368309,1840.866308,1846.453086,357.5420645,1840.821827,357.8112348,1423705.045,3385730,3155,0,0,0,0,0,0,0
org.apache.tools.ant.types.Mapper,1,0,0,0,0,0,0,0,0,0,11,11,37,3,8,285,0.686510381,0.06143699,6,1912.560587,132.0003723,144.9965517,109.8362417,92.00053411,1910.216742,1908.044287,1910.413568,61.39218191,113.2077736,0,110,321.4395406,177.2484133,1908.293323,1916.21528,287.0130267,1908.943163,287.1616237,1168822.035,3640613,3749,0,0,0,0,0,0,0
org.apache.tools.ant.types.Path,1,2,1,0,0,2,1,1,0,0,24,27,80,20,8,693,0.605948041,2.804661524,40,1503.197924,98.00079223,108.6876258,89.35882721,76.00102155,1501.924099,1500.056332,1502.078893,48.76474136,91.92388155,7,224,701.2127151,132.2006051,1502.052959,1505.814398,697.4764303,1500.736153,697.8427612,2559329.095,2250106,2315,2,1,1,2,2,12,13
org.apache.tools.ant.types.PatternSet,1,2,1,0,0,2,0,2,0,0,17,10,55,5,6,461,0.507831562,5.607636492,3,1737.253292,135.0008971,145.3994498,107.54069,93.0013023,1734.495027,1732.064953,1734.548933,56.04462508,108.4066419,6,127,478.9480613,161.2358521,1732.706349,1739.488718,463.6821202,1732.841597,463.952418,1809480.059,2999955,3047,2,2,2,4,2,14,12
org.apache.tools.ant.types.Reference,0,0,0,0,0,0,0,0,0,0,5,16,12,14,2,55,0.929348304,0.855083997,6,2142.070961,132.0000189,147.5804865,109.2016483,87.00002869,2139.76938,2138.084423,2139.688996,68.68041933,107.6150547,0,,182.6504555,193.6517493,2138.068017,2146.752198,57.59878158,2139.018466,57.70810919,238217.0071,4571218,4530,0,0,0,0,0,0,0
org.apache.tools.ant.types.ZipFileSet,0,0,0,0,0,0,0,0,0,0,9,10,20,3,7,110,0.41427837,0.112244898,12,2086.80737,126.0013614,140.4279175,111.7720895,93.00184444,2085.075059,2083.047047,2085.21102,63.56099433,114.280357,0,,199.1505461,191.760267,2083.086157,2091.80807,111.6723401,2083.922503,111.8428721,470380.0132,4339055,4010,0,0,0,0,0,0,0
org.apache.tools.ant.types.ZipScanner,0,0,0,0,0,0,0,0,0,0,6,3,11,2,1,68,0.881033178,0.853299052,20,2128.273714,118.00006,134.7182245,119.2686044,100.0000708,2127.35164,2125.094116,2127.21273,68.00735254,116.7647207,0,,187.7546841,200.0849819,2125.026542,2134.398979,68.83080361,2125.993885,68.97774943,293635.0081,4515800,4400,0,0,0,0,0,0,0
org.apache.tools.ant.UnknownElement,0,1,1,0,0,1,0,1,0,0,6,10,33,3,8,198,0.382510947,0.054846939,3,1999.562452,135.0014122,149.8332406,113.4636506,93.00204994,1997.166493,1995.042355,1997.308439,66.28725368,115.9353268,3,,250.1665826,180.6239187,1995.226786,2003.160004,200.3296668,1996.058616,200.3615333,829257.0242,3980178,4378,1,1,1,2,2,7,6
org.apache.tools.ant.util.DOMElementWriter,1,1,1,0,0,1,0,1,0,0,5,1,35,1,0,354,0.717644586,0.448979592,3,1843.948481,135.0002953,150.2697574,121.4907404,102.0003908,1841.826539,1839.119898,1841.609351,69.26037828,118.1524439,3,35,384.5140047,180.0138884,1839.2561,1847.78949,355.3087408,1840.183958,355.2932319,1427363.044,3382072,4507,1,1,1,2,2,7,6
org.apache.tools.ant.util.FileNameMapper,0,0,0,0,0,0,0,0,0,0,3,15,3,15,0,3,1,0,1,2194.280976,137,152.9477035,111.2115102,88,2191.767323,2190.100683,2191.610367,71.16881339,108.0740487,0,,183.0358623,201.3578903,2190.019951,2199.237368,9.817612238,2191.055453,9.846654282,13152.00382,4796283,4807,0,0,0,0,0,0,0
org.apache.tools.ant.util.FlatFileNameMapper,0,0,0,0,0,0,0,0,0,0,4,2,7,1,1,20,0.969074391,0.030612245,0,2177.377551,138.0000035,153.4046935,121.2023102,101.0000047,2175.345949,2173.092037,2175.208726,69.92138443,118.7139419,0,,180.1166025,204.0710661,2173.010129,2182.561339,21.07989961,2174.032658,21.18231539,87327.00255,4722108,4668,0,0,0,0,0,0,0
org.apache.tools.ant.util.GlobPatternMapper,1,1,1,0,0,1,1,0,0,0,5,3,15,2,1,137,0.938897074,0.301023664,3,2060.427383,135.0000138,150.2697574,119.8165264,100.0000187,2058.43047,2056.097274,2058.286909,68.9637586,117.3243368,4,59,219.0784364,196.5960325,2056.048416,2065.377932,137.7279427,2057.059066,137.8141879,582128.0163,4227307,4527,1,0,0,0,2,5,7
org.apache.tools.ant.util.IdentityMapper,0,0,0,0,0,0,0,0,0,0,4,2,5,1,1,16,0.969074391,0.030612245,0,2181.369524,138.0000035,153.4046935,121.2023102,101.0000047,2179.341644,2177.091868,2179.204671,69.92138443,118.7139419,0,,181.7083445,205.8275978,2177.005466,2186.708485,16.73547519,2178.030762,16.84034434,69925.00201,4739510,4670,0,0,0,0,0,0,0
org.apache.tools.ant.util.MergingMapper,0,0,0,0,0,0,0,0,0,0,4,4,5,3,1,24,0.969074391,0.056223927,3,2173.197184,135.0000035,150.7116452,119.540788,99.00000483,2171.258161,2169.092206,2171.123442,69.92138443,117.0683561,0,,182.5987229,204.8828934,2169.007817,2178.65509,24.70442019,2170.034562,24.80757962,104693.0029,4704742,4670,0,0,0,0,0,0,0
org.apache.tools.ant.util.regexp.JakartaOroMatcher,1,0,0,0,0,0,0,0,0,0,5,7,17,0,7,75,0.959964082,0.030612245,1,2122.426206,137.0000058,152.0690633,116.498927,96.00000835,2120.174521,2118.04627,2120.312477,67.46851117,118.9831921,0,8,184.8625317,195.8621965,2118.052015,2127.036906,76.50804827,2119.028079,76.57346563,323342.009,4486093,4525,0,0,0,0,0,0,0
org.apache.tools.ant.util.regexp.JakartaRegexpMatcher,1,0,0,0,0,0,0,0,0,0,5,4,13,0,4,65,0.959964082,0.030612245,1,2132.405449,137.0000058,152.0690633,118.9831921,99.0000081,2130.301622,2128.067903,2130.301622,68.15423685,118.9831921,0,8,184.7840504,199.3238571,2128.03044,2137.31467,66.02118362,2129.02325,66.1129366,280878.0077,4528557,4529,0,0,0,0,0,0,0
org.apache.tools.ant.util.regexp.RegexpMatcher,1,0,0,0,0,0,0,0,0,0,4,5,4,4,1,4,1,0,1,2193.282927,137,152.5057376,118.7139419,98,2191.192598,2189.091364,2191.060474,69.92138443,116.2497312,0,53,182.0478342,205.3022163,2189.00667,2198.606377,6.728591029,2190.025114,6.797584365,17532.00133,4791903,4671,0,0,0,0,0,0,0
org.apache.tools.ant.util.regexp.RegexpMatcherFactory,0,0,0,0,0,0,0,0,0,0,3,3,9,1,2,43,0.965509138,0.020408163,2,2154.297101,136.0000044,152.0526225,120.9297317,100.0000059,2152.324325,2150.083952,2152.232329,70.60453243,119.2811804,0,,182.1485611,202.319055,2150.016358,2159.498321,43.82656033,2151.07508,43.88286623,186758.0051,4622677,4801,0,0,0,0,0,0,0
org.apache.tools.ant.util.RegexpPatternMapper,0,1,1,0,0,1,1,0,0,0,5,4,20,0,4,144,0.955451751,0.010204082,1,2053.574932,137.0000072,152.0690633,118.9831921,99.00001002,2051.39026,2049.070521,2051.39026,68.15423685,118.9831921,4,,219.6517011,193.2795902,2049.074103,2058.095722,145.0804122,2050.062682,145.1363365,610868.0172,4198567,4522,1,0,0,0,2,5,7
org.apache.tools.ant.util.SourceFileScanner,0,0,0,0,0,0,0,0,0,0,3,9,25,7,2,277,0.739717837,1.609015373,9,1920.337731,129.0002626,145.8252379,116.0172401,94.00036035,1918.30446,1916.094204,1918.207497,70.60453243,114.4027972,0,,320.4128454,185.4319282,1916.166688,1924.952207,278.1569506,1917.206301,278.0936102,1138218.034,3671217,4785,0,0,0,0,0,0,0
org.apache.tools.ant.XmlLogger,0,3,1,0,0,3,1,1,1,0,10,9,49,0,9,382,0.73227789,0.040816327,0,1816.250258,138.0002597,150.8807476,112.0580207,94.00038125,1813.437895,1811.039757,1813.703945,62.16912417,116.2841348,9,,405.3810314,169.0266251,1811.479552,1818.870804,384.3274809,1812.027042,384.3883277,1529577.048,3279858,3858,3,1,2,3,2,18,18
org.apache.tools.mail.MailMessage,0,0,0,0,0,0,0,0,0,0,27,3,63,1,2,527,0.04570795,1.716073532,2,1671.541803,136.003348,142.9405471,109.2520023,100.0045533,1668.998502,1666.10834,1668.879864,47.92702787,107.424392,0,,540.5341077,157.2672884,1666.85683,1673.406406,529.6947002,1666.580931,530.2676667,2033756.069,2775679,2059,0,0,0,0,0,0,0
org.apache.tools.mail.MailPrintStream,0,0,0,0,0,0,0,0,0,0,5,1,9,1,0,81,0.92185817,0.43599672,2,2116.374258,136.0000224,151.1687798,121.4907404,102.0000299,2114.461634,2112.104401,2114.272452,69.26037828,118.1524439,0,,194.6373215,202.319055,2112.016652,2121.668447,81.42920524,2113.030998,81.5504533,348714.0095,4460721,4533,0,0,0,0,0,0,0
org.apache.tools.mail.SmtpResponseReader,0,0,0,0,0,0,0,0,0,0,5,1,18,1,0,96,0.928696291,0.936903947,1,2101.470438,137.0000186,152.0690633,121.4907404,102.0000249,2099.479221,2097.105148,2099.288689,69.26037828,118.1524439,0,,193.466797,194.4942159,2097.062665,2106.000237,97.35469599,2098.03837,97.46835938,411858.0115,4397577,4524,0,0,0,0,0,0,0
org.apache.tools.tar.TarBuffer,0,0,0,0,0,0,0,0,0,0,21,2,35,2,0,617,0.723217959,0.830830947,3,1581.771475,135.0002837,143.9618005,112.6987134,101.0003792,1579.233042,1576.139905,1578.982267,54.23098745,109.1283648,0,,634.4813224,179.4714462,1576.309486,1586.185992,617.7507797,1576.792948,618.1457244,2325508.082,2483927,2651,0,0,0,0,0,0,0
org.apache.tools.tar.TarConstants,0,1,1,0,0,1,0,1,0,0,0,1,0,1,0,24,1,0,0,2173.385608,138,155.1934277,124.2779144,102,2171.397016,2169.101657,2171.212795,74.04052944,121.0165278,3,,187.5446426,210.2379604,2169.00005,2179.165207,24.00345022,2170.161745,23.99185756,104688.0028,4704747,5227,1,1,1,2,2,7,6
org.apache.tools.tar.TarEntry,0,2,1,0,0,2,0,2,0,0,31,6,65,4,2,747,0.074263519,0.545736798,4,1452.195579,134.0031977,139.8427689,104.9237819,97.00441736,1449.249806,1446.124822,1449.117318,44.28317965,103.0776406,6,,755.8639541,153.8375767,1447.11783,1454.160239,749.1373329,1446.553145,749.755715,2718398.103,2091037,1721,2,2,2,4,2,14,12
org.apache.tools.tar.TarInputStream,0,2,1,0,0,2,0,2,0,0,16,3,40,1,2,604,0.288141892,0.496985617,2,1594.809393,136.001863,146.7003749,114.1271221,100.0025337,1592.143524,1589.113589,1592.019158,58.1893461,112.3788236,6,,620.6315407,175.8408371,1589.382451,1598.699784,604.9924123,1589.951572,605.2025733,2284368.08,2525067,3171,2,2,2,4,2,14,12
org.apache.tools.tar.TarOutputStream,0,0,0,0,0,0,0,0,0,0,15,3,37,1,2,437,0.355481674,0.020408163,2,1761.258641,136.0015272,147.0782105,114.6123903,100.002077,1758.845076,1756.102787,1758.732498,59.13543777,112.8716085,0,,461.231071,178.3395638,1756.298262,1765.032861,438.1947323,1756.892712,438.4525951,1725750.056,3083685,3285,0,0,0,0,0,0,0
org.apache.tools.tar.TarUtils,0,0,0,0,0,0,0,0,0,0,8,1,14,1,0,274,0.717817731,3.603441792,2,1923.813141,136.0002927,149.8832879,119.8874472,102.0003903,1921.708875,1919.1149,1921.500716,66.40783086,116.5032188,0,,323.2856668,197.9595918,1919.042331,1929.183506,274.2819778,1920.033854,274.4113771,1126702.033,3682733,4141,0,0,0,0,0,0,0
